job,slot,target_mV,cm_V,d_mV,code,outcome,expected_code,classification_pass,stable_service_ps,deadline985_pass,core_pos_code,core_neg_code,core_capture_pass,reset_pass,biased_cm_pos_V,biased_diff_pos_mV,biased_cm_neg_V,biased_diff_neg_mV,previous_cm_V,previous_d_mV,core_pos_net_fJ,core_pos_draw_fJ,core_pos_returned_fJ,core_neg_net_fJ,core_neg_draw_fJ,core_neg_returned_fJ,logic_net_fJ,logic_draw_fJ,logic_returned_fJ,bias_net_fJ,bias_draw_fJ,bias_returned_fJ,input_p_net_fJ,input_p_draw_fJ,input_p_returned_fJ,input_n_net_fJ,input_n_draw_fJ,input_n_returned_fJ,clock_net_fJ,clock_draw_fJ,clock_returned_fJ,window_net_fJ,window_draw_fJ,window_returned_fJ,acq_net_fJ,acq_draw_fJ,acq_returned_fJ,subtotal_draw_fJ,all_ports_draw_fJ,pass
w_r2full_ideal_20_0,1,20,0,0.0,-1,NEAR,-1,1,760,1,-1,1,1,1,0.009351980700299975,-18.703854279379453,0.009351980698933124,18.70385427966535,0.6,0,13.9516948738758,14.810039437939,0.858344564063242,13.8172145155312,14.674560313358398,0.8573457978271569,17.3162811841301,18.117503479754802,0.801222295625298,5.57316324804136,5.57316324804136,0.0,-0.219923867349524,4.4574028603595e-05,0.21996844137812602,-0.219923868683496,4.45740286766633e-05,0.219968442712172,1.12273588346194,2.86615995002871,1.74342406656675,0.340817910206777,1.0583066220263602,0.717488711819583,0.0,0.0,0.0,57.09973305114863,57.09982219920592,1
w_r2full_ideal_20_0,2,20,0.005,0.0,-1,NEAR,-1,1,760,1,-1,1,1,1,0.01427404525575959,-18.70385427567662,0.014274045265818795,18.703854275970812,0,0.0,13.2733995722123,14.1368792191902,0.863479646977961,13.1386821820123,14.001019389578099,0.862337207565866,17.312810126757,18.113928820987798,0.80111869423197,5.5880947185556105,5.5880947185556105,0.0,-0.0114449602633684,0.00314522718355844,0.014590187446925501,-0.011444959702262,0.0031452299380926897,0.0145901896403467,1.12341761734872,2.8673509526378,1.74393333528906,0.34084528024188604,1.05846451620168,0.717619235959825,0.0,0.0,0.0,55.76573761715119,55.77202807427284,1
w_r2full_ideal_20_0,3,20,0.01,0.0,-1,NEAR,-1,1,760,1,-1,1,1,1,0.019196111684383965,-18.70385429335187,0.01919611169431942,18.70385429358596,0.005,0.0,13.2291063528928,14.0922608064497,0.8631544535575351,13.0944224322402,13.9564317301127,0.862009297872076,17.3169862475623,18.1181936870329,0.801207439470126,5.56471487194114,5.56471487194114,0.0,-0.0227971370735332,0.00630644769857601,0.0291035847721043,-0.022797137313067102,0.00630645344842582,0.0291035907615005,1.1217267412746899,2.86695039736207,1.74522365608738,0.340509281518593,1.0581501070292298,0.717640825510646,0.0,0.0,0.0,55.656701599927736,55.66931450107474,1
w_r2full_ideal_20_0,4,20,0.01,-16.0,-1,NEAR,-1,1,760,1,-1,1,1,1,0.01919611171937402,-34.45446843519257,0.0191961116986153,2.9532401502741985,0.01,0.0,12.7484286993476,13.6067570690438,0.8583283696956151,14.4935713441358,15.350743807476702,0.857172463341438,17.323071704568697,18.1431375078187,0.820065803249816,5.564396913567871,5.564396913567871,0.0,-0.0049124431709065,0.00126128763331237,0.00617373080421823,-0.0404097924790518,0.011376864266933599,0.0517866567459888,1.12247661648333,2.8656454415837698,1.7431688251003101,0.340852979027172,1.0581660379617601,0.717313058934608,0.0,0.0,0.0,56.5888467774526,56.60148492935285,1
w_r2full_ideal_20_0,5,20,0.01,16.0,-1,NEAR,-1,1,760,1,-1,1,1,1,0.019196112368555847,-2.9532388540453,0.019196112244406902,34.45446843835539,0.01,-16.0,14.6222042096031,15.4812570893,0.859052879697146,12.6137508631445,13.471659338596199,0.857908475451276,17.3180805186033,18.141570434808997,0.823489916205788,5.564397041751739,5.564397041751739,0.0,-0.0400718192706841,0.011493586385186199,0.0515654056558731,-0.00523811730620622,0.00126129300014561,0.00649941030635572,1.12214579746128,2.86658524712752,1.74443944966625,0.34082780713365,1.0567803143130399,0.715952507179352,0.0,0.0,0.0,56.5822494658975,56.59500434528283,1
w_r2full_ideal_20_0,6,20,0.012,0.0,-1,NEAR,-1,1,760,1,-1,1,1,1,0.02116493848565735,-18.703854297037697,0.02116493849472565,18.7038543022345,0.01,16.0,13.2140280428034,14.0748133220422,0.86078527923756,13.079346950737401,13.9389857020421,0.8596387513032,17.3169775206457,18.1183205507731,0.801343030126077,5.555172308433,5.555172308433,0.0,-0.027786080292737998,0.00757502418151473,0.035361104474249,-0.027100968176861702,0.007613194764589559,0.034714162941439704,1.12215189474523,2.86808779586526,1.74593590111999,0.340798299745387,1.05850357650584,0.717705276760407,0.0,0.0,0.0,55.6138832556615,55.6290714746076,1
w_r2full_ideal_20_0,7,20,0.012,-24.0,1,FAR,1,1,760,1,-1,-1,1,1,0.021164938517521537,-42.32977552109853,0.02116493896549275,-4.922066925962102,0.012,0.0,12.145293219832201,13.0207178712223,0.875424651389938,13.5869710432669,14.444495577358099,0.857524534090894,2.35959843681973,3.09277430200224,0.733175865183424,5.5550451076677,5.5550451076677,0.0,-0.00036199564241928703,2.1430913983797098e-07,0.000362209951558385,-0.053146456039244505,0.0153068556729158,0.0684533117121528,1.12205138239099,2.86545059575918,1.74339921336807,0.28584486190068803,0.917848187706794,0.632003325806019,0.0,0.0,0.0,39.896331641716316,39.91163871169837,1
w_r2full_ideal_20_0,8,20,0.012,-16.0,-1,NEAR,-1,1,760,1,-1,1,1,1,0.02116493889805488,-34.45446844269824,0.02116493896810035,2.9532401610147008,0.012,-24.0,12.8048614207326,13.663933347958901,0.85907192722752,14.536020388849,15.393928900149099,0.8579085112982759,17.1489652852072,18.1187626151565,0.969797329949237,5.55504514263744,5.55504514263744,0.0,-0.00917659247316454,0.00252504812040599,0.0117016405935728,-0.0454488476027873,0.0126175307631111,0.058066378365895205,1.12196168721462,2.86665052850422,1.74468884128956,0.340959321016925,1.0586645443448899,0.717705223327998,0.0,0.0,0.0,56.65698507875105,56.67212765763456,1
w_r2full_ideal_20_0,9,20,0.012,16.0,-1,NEAR,-1,1,760,1,-1,1,1,1,0.021164939138078848,-2.9532388516753003,0.021164939012015983,34.45446845129784,0.012,-16.0,14.5978998374024,15.456948219384,0.8590483819828549,12.599287223634,13.4571992262308,0.857912002594191,17.3180599806467,18.1411451637233,0.8230851830745219,5.55504509574451,5.55504509574451,0.0,-0.044393404853723104,0.012792768677503301,0.0571861735312166,-0.0099255862747517,0.0025250548530679202,0.0124506411278155,1.12014452832549,2.86658534044936,1.74644081212377,0.340923999025175,1.056990773183,0.7160667741578499,0.0,0.0,0.0,56.53391381871497,56.549231642245545,1
w_r2full_ideal_20_0,10,20,0.012,24.0,1,FAR,1,1,760,1,1,1,1,1,0.02116493961818015,4.9220682231957,0.021164939043430673,42.329775526497045,0.012,16.0,13.5946517215787,14.451729342730498,0.857077621150852,12.3464449920817,13.2069660511953,0.860521059113013,2.12080455785242,2.8789146825307,0.758110124678102,5.55504497973099,5.55504497973099,0.0,-0.0536086859355107,0.015159815270195,0.0687685012057008,-0.00010225666847091899,3.9398970616199804e-08,0.000102296067442522,1.11811868838761,2.86339317254028,1.74527448415267,0.285886853750115,0.9178740591817289,0.631987205431486,0.0,0.0,0.0,39.8739222879095,39.889082142578665,1
w_r2full_ideal_20_0,11,20,0.015,0.0,-1,NEAR,-1,1,760,1,-1,1,1,1,0.02411817909634605,-18.7038543286123,0.0241181791031363,18.7038543167586,0.012,24.0,13.1883042513838,14.050456506434301,0.862152255049378,13.0535850289927,13.914614530951,0.8610295019606989,17.2737398701479,18.0788863524625,0.8051464823126729,5.54120797657409,5.54120797657409,0.0,-0.034694854314298196,0.00948222393522612,0.044177078249533604,-0.0335636227935779,0.00958428165932047,0.0431479044528998,1.11824982500204,2.86631410130648,1.74806427630489,0.341743063606265,1.0588901755337101,0.717147111927449,0.0,0.0,0.0,55.51036964326208,55.529436148856625,1
w_r2full_ideal_20_0,12,20,0.015,-24.0,1,FAR,1,1,760,1,-1,-1,1,1,0.024118179195269426,-42.32977554646115,0.0241181791114364,-4.922066913165799,0.015,0.0,12.1246196858813,13.0003369469539,0.875717261074764,13.5501100863283,14.4079924899568,0.8578824036292161,2.3594873203689297,3.09186524552913,0.7323779251582,5.54101717627745,5.54101717627745,0.0,-0.0074064206923354,0.0018930445380743702,0.00929946523042457,-0.05949875348110541,0.017249874023054,0.0767486275041511,1.1183405516526501,2.8638933434078098,1.74555279175514,0.28626894249561097,0.917849338063537,0.631580395567928,0.0,0.0,0.0,39.822954540188626,39.84209745874975,1
w_r2full_ideal_20_0,13,20,0.015,-16.0,-1,NEAR,-1,1,760,1,-1,1,1,1,0.02411817905092346,-34.45446846193708,0.02411817905359415,2.953240162624299,0.015,-24.0,12.7827673183509,13.642164881172699,0.859397562820626,14.499445179459,15.357697511788,0.858252332329675,17.148633724085098,18.1184634228668,0.969829698782812,5.54101720744932,5.54101720744932,0.0,-0.0160401089926382,0.0044253056397551595,0.0204654146323929,-0.0519820174418125,0.0145307101177995,0.0665127275596314,1.11825110573882,2.86504936753372,1.74679826179491,0.341853731066575,1.0593621038607,0.717508372794188,0.0,0.0,0.0,56.58375449467124,56.60271051042879,1
w_r2full_ideal_20_0,14,20,0.015,16.0,-1,NEAR,-1,1,760,1,-1,1,1,1,0.02411817976285175,-2.9532388720834994,0.024118178551415605,34.454468469034786,0.015,-16.0,14.5609343563576,15.4203328505104,0.8593984941510671,12.5767069769995,13.434969791813801,0.858262814815796,17.3170013881401,18.1404314642614,0.8234300761203499,5.541017172352331,5.541017172352331,0.0,-0.0508173495335945,0.0147462207635495,0.0655635702971341,-0.0168983419428855,0.00442531534624388,0.0213236572891196,1.11824686114191,2.86504197726556,1.7467951161239,0.3418570123168,1.05750737012016,0.715650357803494,0.0,0.0,0.0,56.45930062632365,56.47847216243345,1
w_r2full_ideal_20_0,15,20,0.015,24.0,1,FAR,1,1,760,1,1,1,1,1,0.024118179773712,4.9220682312339985,0.024118179196070556,42.32977555018589,0.015,16.0,13.5562682259708,14.414599383568202,0.858331157596992,12.324545740934399,13.186006096788901,0.861460355854105,2.12048031413828,2.87775598688518,0.757275672746917,5.54101709323635,5.54101709323635,0.0,-0.060004623196262805,0.017078798307872102,0.07708342150413809,-0.00710299670800437,0.0018930490968123,0.00899604580480898,1.1182441099012501,2.8638715602384597,1.74562745033718,0.286470614901081,0.9180333462655009,0.631562731364266,0.0,0.0,0.0,39.801283466982596,39.82025531438728,1
w_r2full_ideal_20_0,16,20,0.02,0.0,-1,NEAR,-1,1,760,1,-1,1,1,1,0.02904024596994065,-18.703854360089903,0.029040246021718348,18.7038543240297,0.015,24.0,13.1419958193842,14.0081969043042,0.866201084922001,13.0073158271426,13.8723756210221,0.865059793879618,17.2740210879967,18.079388258772298,0.805367170775972,5.5179554562804904,5.5179554562804904,0.0,-0.045646911131902196,0.0126722607787447,0.0583191719106498,-0.044352250877438,0.012858477520485299,0.0572107283979111,1.11848686779547,2.86702684481845,1.74853997702285,0.34174028955396196,1.05892827981201,0.717187990258248,0.0,0.0,0.0,55.40387136500955,55.42940210330878,1
w_r2full_ideal_20_0,17,20,0.02,-24.0,1,FAR,1,1,760,1,-1,-1,1,1,0.02904024610638824,-42.32977558439032,0.0290402454928555,-4.922066917697199,0.02,0.0,12.0889700958164,12.9665623206838,0.877592224867615,13.4885869156019,14.348422689538499,0.859835773937481,2.3594580054991403,3.09052095714909,0.7310629516485,5.51763747960518,5.51763747960518,0.0,-0.0189912025853133,0.0050601244206529596,0.0240513270059711,-0.0699297642731186,0.020499219364266102,0.0904289836374011,1.1185721392685601,2.86464080373237,1.74606866446371,0.28642912760631,0.918011107190476,0.631581979583829,0.0,0.0,0.0,39.70579535789941,39.73135470168433,1
w_r2full_ideal_20_0,18,20,0.02,-16.0,-1,NEAR,-1,1,760,1,-1,1,1,1,0.0290402466059693,-34.4544672233298,0.0290402455048881,2.9532401678092,0.02,-24.0,12.7449226267038,13.6062914799023,0.861368853205429,14.4384542594506,15.2987236257776,0.860269366329792,17.1470311360717,18.1190288242096,0.971997688138957,5.51763750063629,5.51763750063629,0.0,-0.0273233567539869,0.007604120551908299,0.0349274773059006,-0.0627145202787768,0.0177299216779385,0.08044444195668539,1.1184876249681401,2.8657827091191,1.7472950841513,0.342019324123617,1.05957362511076,0.717554300987136,0.0,0.0,0.0,56.46703776475565,56.4923718069855,1
w_r2full_ideal_20_0,19,20,0.02,16.0,-1,NEAR,-1,1,760,1,-1,1,1,1,0.02904024669257195,-2.953238865999297,0.029040245467361153,34.4544685008333,0.02,-16.0,14.5000823016789,15.361453986350599,0.8613716846652429,12.5388369197687,13.3991031535692,0.860266233803177,17.3119470987379,18.1402706924315,0.828323593690605,5.51763751272632,5.51763751272632,0.0,-0.0613677737725891,0.018013277182028102,0.07938105095462321,-0.028363623029839403,0.00760417497613982,0.0359677980059993,1.11848700255481,2.86578254625628,1.7472955437017001,0.342142631032505,1.0578575109503299,0.715714879917667,0.0,0.0,0.0,56.342105402284226,56.36772285444239,1
w_r2full_ideal_20_0,20,20,0.02,24.0,1,FAR,1,1,760,1,1,1,1,1,0.0290402466880091,4.922068245002201,0.029040245577052676,42.32977558894045,0.02,16.0,13.493654959264099,14.353953237451101,0.860298278185742,12.2881534081668,13.151638417962799,0.863485009795642,2.11642017782092,2.87590474702368,0.7594845692022479,5.517637434632159,5.517637434632159,0.0,-0.0705083622740494,0.020287346019597,0.090795708293658,-0.0186149614924878,0.00506012316209796,0.0236750846545986,1.1210477088702702,2.86462856474935,1.74358085587913,0.286762999961871,0.918329098996198,0.6315660990342971,0.0,0.0,0.0,39.68209150081529,39.707438969996986,1
w_r2full_ideal_20_0,21,20,0.022,0.0,-1,NEAR,-1,1,760,1,-1,1,1,1,0.031009072646692448,-18.703854365298298,0.0310090722622189,18.703854331366003,0.02,24.0,13.1280352435181,13.9911306713447,0.863095427824024,12.993243189180602,13.855253080716599,0.8620098915343141,17.2698988258162,18.0795717849236,0.8096729591085371,5.50841280183748,5.50841280183748,0.0,-0.0502401923730261,0.0139519886124899,0.064192180985517,-0.0487756462038531,0.014120531083076898,0.062896177286918,1.12106100360436,2.86718954858028,1.74612854497563,0.34202829113725003,1.05922496598968,0.717196674852495,0.0,0.0,0.0,55.360782853392344,55.388855373087914,1
w_r2full_ideal_20_0,22,20,0.022,-24.0,1,FAR,1,1,760,1,-1,-1,1,1,0.031009072877688195,-42.32977560024181,0.03100907225504295,-4.922066919520299,0.022,0.0,12.075356946506,12.9529591992086,0.877602252703546,13.4649076147122,14.3248057875165,0.859898172806489,2.3555036945580596,3.09003957935668,0.734535884792378,5.50828566745321,5.50828566745321,0.0,-0.0235705046789343,0.00633098267482811,0.029901487353749798,-0.0740474830758587,0.021802622927186002,0.095850106003022,1.12014652843497,2.86757029123594,1.74742376280109,0.28672166216890504,0.918303766225451,0.631582104056344,0.0,0.0,0.0,39.66196429099638,39.69009789659839,1
w_r2full_ideal_20_0,23,20,0.022,-16.0,-1,NEAR,-1,1,760,1,-1,1,1,1,0.031009073467006848,-34.4544672331345,0.03100907227315685,2.9532401679364972,0.022,-24.0,12.7304805175119,13.591842870682001,0.861362353172371,14.4151877678672,15.275460818675,0.860273050803337,17.145448028374698,18.119566197867403,0.9741181694943339,5.50828568734134,5.50828568734134,0.0,-0.0317820367168821,0.00887957520814158,0.040661611925024,-0.0669528387675396,0.0190131522713977,0.0859659910389442,1.12005389349712,2.86866483557497,1.74861094207831,0.342117592929972,1.05969383286258,0.717576239932764,0.0,0.0,0.0,56.4235142430033,56.451406970482836,1
w_r2full_ideal_20_0,24,20,0.022,16.0,-1,NEAR,-1,1,760,1,-1,1,1,1,0.0310090734975067,-2.953238851422197,0.031009072237468453,34.4544685134483,0.022,-16.0,14.477747577096698,15.3391139711087,0.861366394018581,12.525395303433701,13.385669164855699,0.860273861420606,17.3116302980772,18.1398847375764,0.828254439504273,5.5082856740825505,5.5082856740825505,0.0,-0.0655333438495614,0.019323752962414103,0.0848570968119637,-0.0328951194368376,0.00887960349740125,0.0417747229342354,1.11621788034655,2.86479941715364,1.74858153680767,0.342142015789386,1.05785831554285,0.715716299753223,0.0,0.0,0.0,56.29561128031984,56.32381463677965,1
w_r2full_ideal_20_0,25,20,0.022,24.0,1,FAR,1,1,760,1,1,1,1,1,0.03100907346118835,4.922068250398301,0.03100907234826653,42.329775604438936,0.022,16.0,13.4716402014252,14.331941623126099,0.860301421701865,12.2763349208831,13.1398125251904,0.863477604305825,2.11640227798845,2.87524789304897,0.7588456150584629,5.50828557929148,5.50828557929148,0.0,-0.0746553203872557,0.0215742456372398,0.0962295660245229,-0.023165163001767998,0.0063309846255052106,0.0294961476272437,1.11621099345557,2.8636625095174,1.7474515160616402,0.28676295412573,0.9183288915936131,0.631565937467894,0.0,0.0,0.0,39.63727902176797,39.66518425203071,1
w_r2full_ideal_20_0,26,20,0.025,0.0,-1,NEAR,-1,1,760,1,-1,1,1,1,0.03396231226703825,-18.7038543810281,0.03396231245942325,18.7038543427631,0.022,24.0,13.1040724861244,13.9681966001826,0.864124114061933,12.9693132332866,13.8323454650897,0.863032231804962,17.2701320401703,18.079892843453298,0.809760803287518,5.49444857548834,5.49444857548834,0.0,-0.0566795098178365,0.015875446728916,0.0725549565467403,-0.055111423188719304,0.016097083757998898,0.0712085069467187,1.11622046121905,2.86635628743229,1.75013582621279,0.34213520369899,1.05924902511768,0.717113821418256,0.0,0.0,0.0,55.30048879676391,55.33246132725082,1
w_r2full_ideal_20_0,27,20,0.025,-24.0,1,FAR,1,1,760,1,-1,-1,1,1,0.0339623130357968,-42.329775623332196,0.03396231241353575,-4.922066922232904,0.025,0.0,12.0569725536426,12.9346038736868,0.877631320045103,13.4318516892512,14.291749100102399,0.859897410854052,2.35553702614102,3.08932513188649,0.733788105744267,5.49425777853667,5.49425777853667,0.0,-0.030381078028965697,0.00824140200181122,0.0386224800307271,-0.0801659026002627,0.02376155017233,0.10392745277259301,1.11630947646489,2.8639804314999298,1.7476709550346998,0.286721785021046,0.918303879371508,0.6315820943500631,0.0,0.0,0.0,39.5922201950838,39.624223147257936,1
w_r2full_ideal_20_0,28,20,0.025,-16.0,-1,NEAR,-1,1,760,1,-1,1,1,1,0.0339623136268784,-34.454467247056,0.03396231241464335,2.953240169569299,0.025,-24.0,12.7108772173735,13.5722430262016,0.861365808826362,14.382548385009699,15.242818968046802,0.8602705830399551,17.1452010284934,18.119339371630097,0.974138343136622,5.49425780740072,5.49425780740072,0.0,-0.0384117069641079,0.0107967875773566,0.0492084945414637,-0.0732521097818744,0.020941650948505,0.09419376073039029,1.11622157446701,2.86508186281853,1.7488602883509299,0.342137076386146,1.05973281032923,0.717595733942952,0.0,0.0,0.0,56.35347384642698,56.38521228495284,1
w_r2full_ideal_20_0,29,20,0.025,16.0,-1,NEAR,-1,1,760,1,-1,1,1,1,0.03396231365499455,-2.953238848313701,0.0339623128475731,34.454468532461,0.025,-16.0,14.444120281804398,15.305487695014898,0.861367413209431,12.5047981564232,13.3650807970479,0.860282640624262,17.3110820887949,18.1396342204451,0.8285521316479949,5.49425778272568,5.49425778272568,0.0,-0.0717234268068367,0.0212934674202696,0.0930168942271213,-0.0396340155498022,0.0107968222867907,0.0504308378365894,1.11621729475211,2.86514734256034,1.74893004780791,0.342141005745141,1.05790243623247,0.715761430487251,0.0,0.0,0.0,56.227510274026386,56.25960056373345,1
w_r2full_ideal_20_0,30,20,0.025,24.0,1,FAR,1,1,760,1,1,1,1,1,0.03396231362232405,4.922068258512096,0.03396231249718675,42.3297756275023,0.025,16.0,13.4374305185974,14.2977606429368,0.860330124341874,12.2569733081498,13.1204550256535,0.863481717500103,2.11637329664087,2.8742857918568103,0.757912495217397,5.4942576911742504,5.4942576911742504,0.0,-0.0808174342199172,0.0235081573652433,0.104325591585135,-0.029932061887003897,0.00824140268978973,0.0381734645768015,1.11621558847869,2.8639983138235596,1.7477827253448999,0.286762978566843,0.91832712338484,0.631564144818405,0.0,0.0,0.0,39.56908458882976,39.60083414888479,1
w_r2full_ideal_20_0,31,20,0.03,0.0,-1,NEAR,-1,1,760,1,-1,1,1,1,0.038884379272895994,-18.703854394965198,0.03888437989772525,18.703854355634697,0.025,24.0,13.0627760460124,13.9289706351207,0.866194589112527,12.928102808165901,13.793215440410599,0.8651126322467659,17.2705123267278,18.0804038890962,0.809891562367424,5.47119591472609,5.47119591472609,0.0,-0.06720556471383081,0.0190909428869054,0.0862965076007069,-0.0654740862408769,0.0194258285505975,0.0848999147914542,1.1162437857232501,2.86668181523809,1.75043802951489,0.342139290572612,1.05926236171262,0.717123071140199,0.0,0.0,0.0,55.1997300563043,55.2382468277418,1
w_r2full_ideal_20_0,32,20,0.03,-24.0,1,FAR,1,1,760,1,-1,-1,1,1,0.03888437987083885,-42.3297756609881,0.0388843797999462,-4.922066926750395,0.03,0.0,12.0255870460789,12.9031545124247,0.87756746634859,13.3769613596988,14.236852632554099,0.859891272857041,2.35557888502618,3.08816857585015,0.732589690823018,5.470877963939699,5.470877963939699,0.0,-0.041576156502353696,0.0114359723324508,0.0530121288347823,-0.0902074082310315,0.027036166395487702,0.11724357462651999,1.11632333269435,2.8644621114816,1.74813877878704,0.286721789886232,0.918305691685655,0.631583901798538,0.0,0.0,0.0,39.4818214879359,39.52029362666384,1
w_r2full_ideal_20_0,33,20,0.03,-16.0,-1,NEAR,-1,1,760,1,-1,1,1,1,0.03888438055866155,-34.454467269990104,0.038884379339352196,2.953240172238199,0.03,-24.0,12.677492238338699,13.5388556682886,0.861363429953771,14.328274099726299,15.1885385379777,0.860264438256925,17.1458511551936,18.1200289117344,0.974177756537226,5.4708779850785705,5.4708779850785705,0.0,-0.0493053113053951,0.014002435526646399,0.0633077468320232,-0.08359503845854781,0.0241651276775428,0.107760166136127,1.11623752098519,2.86553961051737,1.74930208953194,0.34214191038596803,1.0597830927350902,0.717641182349286,0.0,0.0,0.0,56.24362380633173,56.281791369535924,1
w_r2full_ideal_20_0,34,20,0.03,16.0,-1,NEAR,-1,1,760,1,-1,1,1,1,0.0388843805937089,-2.9532388419524005,0.03888437978153535,34.4544685634701,0.03,-16.0,14.3914619532846,15.2528299627911,0.8613680095034529,12.4730180069776,13.3332971880629,0.8602791810820319,17.3102779601245,18.1392225878952,0.8289446277677389,5.4708778845824595,5.4708778845824595,0.0,-0.08188455395433669,0.0245862722664996,0.106470826220829,-0.050709713998151,0.014002490737955998,0.064712204736118,1.11065195816506,2.86549937027355,1.75484741210716,0.342141226240599,1.0579610839513,0.715819857710524,0.0,0.0,0.0,56.11968807755651,56.158276840560966,1
w_r2full_ideal_20_0,35,20,0.03,24.0,1,FAR,1,1,760,1,1,1,1,1,0.0388843805549424,4.922068272190799,0.038884379882780554,42.3297756658419,0.03,16.0,13.3838307262246,14.244158864127602,0.8603281379089089,12.227192356003998,13.090675483833701,0.863483127832505,2.11592267159378,2.8723390311996697,0.7564163596094601,5.47087778519523,5.47087778519523,0.0,-0.0909319527517414,0.0267404788308191,0.117672431582579,-0.0410544405875213,0.0114359765350706,0.052490417122556206,1.11064352240035,2.8644269317466398,1.75378340934623,0.28794605526165,0.9183241613029931,0.630378106041246,0.0,0.0,0.0,39.46080225740584,39.498978712771724,1
w_r2full_ideal_20_0,36,20,0.04,0.0,-1,NEAR,-1,1,760,1,-1,1,1,1,0.04872851353849045,-18.7038544313759,0.048728513745279395,18.70385438542,0.03,24.0,12.9867275978423,13.8581806704639,0.871453072631204,12.852024866894899,13.7223898653851,0.87036499849032,17.2703716126384,18.080640486194202,0.810268873556989,5.4247539369109,5.4247539369109,0.0,-0.08747917886008899,0.0255556751045295,0.11303485396461599,-0.0854484555427688,0.0262368039308973,0.111685259473656,1.1048769957165299,2.86168642285288,1.75680942713629,0.34332105270466,1.05932876760753,0.7160077149032059,0.0,0.0,0.0,55.00698014941451,55.05877262844994,1
w_r2full_ideal_20_0,37,20,0.04,-24.0,1,FAR,1,1,760,1,-1,-1,1,1,0.04872851384224125,-42.329775736353696,0.04872851325933415,-4.922066951473701,0.04,0.0,11.9691877446104,12.8466982180679,0.8775104734463129,13.276653394124398,14.1365382894834,0.8598848953482771,2.35526280964554,3.0855775975000097,0.730314787854187,5.4241180981749295,5.4241180981749295,0.0,-0.0633821137018401,0.017861547321479,0.0812436610233157,-0.109706599754483,0.033619152539726,0.143325752294198,1.10496819070017,2.85950691980609,1.7545387291058,0.287902919014055,0.9183038191140489,0.6304009001002889,0.0,0.0,0.0,39.27074294214638,39.322223642007586,1
w_r2full_ideal_20_0,38,20,0.04,-16.0,-1,NEAR,-1,1,760,1,-1,1,1,1,0.048728513907646,-34.45446729662041,0.0487285137910193,2.9532401763328053,0.04,-24.0,12.617413630396,13.4787638767288,0.861350246329371,14.229225101743399,15.0894980811728,0.860272979437599,17.146552603339,18.1207394842899,0.974186880950393,5.42411811576933,5.42411811576933,0.0,-0.0705084122915876,0.0204492500532567,0.0909576623448794,-0.103696977563299,0.0306441768880063,0.134341154451286,1.10487708014652,2.86054662886592,1.75566954871894,0.343335636967509,1.05989082607858,0.71655518911082,0.0,0.0,0.0,56.033557012905334,56.08465043984659,1
w_r2full_ideal_20_0,39,20,0.04,16.0,-1,NEAR,-1,1,760,1,-1,1,1,1,0.04872851447993565,-2.953238828651901,0.048728513238440505,34.4544686093064,0.04,-16.0,14.291129343021598,15.152483897489,0.861354554457329,12.411383164901,13.271637941311,0.860254776414397,17.308327696463998,18.1381955920113,0.829867895553876,5.42411809666638,5.42411809666638,0.0,-0.10162244306637701,0.0312064312649719,0.132828874331335,-0.0722766770376848,0.0204493231894501,0.09272600022715981,1.1048857801492702,2.86056133211502,1.75567555196553,0.343328298063807,1.05804519964907,0.7147169015855069,0.0,0.0,0.0,55.90504205924177,55.956697813696195,1
w_r2full_ideal_20_0,40,20,0.04,24.0,1,FAR,1,1,760,1,1,1,1,1,0.04872851391769495,4.922068314217702,0.0487285137644628,42.329775740534394,0.04,16.0,13.2815759008275,14.141912063825702,0.8603361629969131,12.1693185860985,13.0329960000079,0.863677413912158,2.11583944996653,2.86947622697367,0.753636777000266,5.424118124012771,5.424118124012771,0.0,-0.11057620606072699,0.0332364984988111,0.143812704559494,-0.0627146410994024,0.017861539538004,0.0805761806373962,1.10489356698207,2.85946897256984,1.75457540558747,0.28794625775051297,0.918323642308008,0.630377384557938,0.0,0.0,0.0,39.24629502969789,39.2973930677347,1
w_r2full_ideal_20_0,41,20,0.05,0.0,-1,NEAR,-1,1,760,1,-1,1,1,1,0.058572647022129,-18.703854435234806,0.05857264761542325,18.7038544232319,0.04,24.0,12.9181028475047,13.7895285832624,0.871425735761828,12.7834396940843,13.6537953204835,0.870355626396655,17.2710585770333,18.081752225427,0.810693648388526,5.3779942644693595,5.3779942644693595,0.0,-0.107388394394437,0.032060311450921794,0.139448705845336,-0.104921010055762,0.032971191578323705,0.137892201634034,1.1048985792575299,2.86228818758703,1.7573896083296001,0.343329924268301,1.0593300856803,0.716000161411991,0.0,0.0,0.0,54.82468866690959,54.88972016993883,1
w_r2full_ideal_20_0,42,20,0.05,-24.0,1,FAR,1,1,760,1,-1,-1,1,1,0.0585726476386627,-42.329775808647,0.0585726471379995,-4.9220669592426045,0.05,0.0,11.9136019838447,12.7910860446039,0.8774840607701939,13.181273117274799,14.0411044988557,0.8598313815755361,2.35534214242289,3.0835894129463197,0.728247270524329,5.37735846603187,5.37735846603187,0.0,-0.0844084647592365,0.024330300615868102,0.108738765375075,-0.128425999872181,0.040242895144889004,0.168668895017058,1.10498800096612,2.86023423713441,1.75524623616842,0.287902875005291,0.9183114748617751,0.630408599857268,0.0,0.0,0.0,39.07168413443397,39.13625733019473,1
w_r2full_ideal_20_0,43,20,0.05,-16.0,-1,NEAR,-1,1,760,1,-1,1,1,1,0.05857264758819395,-34.4544686854399,0.058572647661715646,2.9532401757883036,0.05,-24.0,12.5584552927325,13.4198128318148,0.861357539077494,14.1353998975918,14.9956145188482,0.86021462125654,17.1474013972611,18.1215190526018,0.9741176553561851,5.377358486264621,5.377358486264621,0.0,-0.0909319225901018,0.0269381409231826,0.11787006351333601,-0.123019089464011,0.0371613063617307,0.160180395825747,1.10491047678643,2.8612345038531,1.75632402706638,0.343321742394111,1.05996558067438,0.716643838280498,0.0,0.0,0.0,55.8355049740569,55.89960442134182,1
w_r2full_ideal_20_0,44,20,0.05,16.0,-1,NEAR,-1,1,760,1,-1,1,1,1,0.0585726478511637,-2.953238799333999,0.05857264717737785,34.4544686835047,0.05,-16.0,14.1972837901077,15.0586403039841,0.861356513875256,12.3524749930084,13.212734117762599,0.860259124754742,17.3078356980391,18.1382299701303,0.83039427208255,5.37735846322887,5.37735846322887,0.0,-0.120580789442286,0.0378679514815572,0.158448740923866,-0.0930640657684294,0.0269382207538265,0.120002286522291,1.10489862753506,2.8612394872528903,1.7563408597182,0.341461740763263,1.05628233086287,0.7148205900999599,0.0,0.0,0.0,55.70448467322163,55.769290845457014,1
w_r2full_ideal_20_0,45,20,0.05,24.0,1,FAR,1,1,760,1,1,1,1,1,0.05857264825715685,4.922068330603505,0.0585726471611011,42.329775812995,0.05,16.0,13.1857612707665,14.0460673942367,0.860306123483784,12.1138202706605,12.977254116957099,0.86343384628889,2.1158707958208502,2.8668778778991597,0.751007082077416,5.37735847220063,5.37735847220063,0.0,-0.129441163867205,0.0397702027503831,0.169211366617607,-0.08359544010343,0.024330300579385098,0.107925740682856,1.1048974510154101,2.86021060337408,1.75531315235883,0.287946583165786,0.9183235647830941,0.630376981617245,0.0,0.0,0.0,39.04609202945076,39.11019253278053,1
w_r2full_ideal_20_0,46,20,0.1,0.0,-1,NEAR,-1,1,760,1,-1,1,1,1,0.10779331730249685,-18.703854573832306,0.107793317310053,18.703854582971996,0.05,24.0,12.5993706592961,13.5131338628977,0.9137632036093011,12.464888363414001,13.377506538656899,0.9126181752516681,17.2743372422879,18.085417143967998,0.811079901685357,5.1467387453276,5.1467387453276,0.0,-0.18783050015758102,0.06912078224625509,0.25695128240382203,-0.18423588407685298,0.0719911151102966,0.256226999187174,1.10501314455475,2.86453148595773,1.75951834140307,0.341292879902266,1.05749759720308,0.716204717300983,0.0,0.0,0.0,54.044825374011005,54.18593727136755,1
w_r2full_ideal_20_0,47,20,0.1,-24.0,1,FAR,1,1,760,1,-1,-1,1,1,0.1077933173993264,-42.32977614443319,0.107793316819097,-4.922066998099995,0.1,0.0,11.686033912326701,12.5631647494522,0.877130837134432,12.804936935705399,13.664776507132501,0.8598395714120021,2.35552143629321,3.07615306605401,0.7206316297641909,5.14356029284827,5.14356029284827,0.0,-0.177849496643321,0.0571251844742381,0.23497468111752598,-0.21033380089022902,0.0738036646361204,0.284137465526286,1.10502041005519,2.8627571854246003,1.75773677536977,0.287904646192214,0.9183259724750489,0.6304213262820649,0.0,0.0,0.0,38.228737773386634,38.359666622496995,1
w_r2full_ideal_20_0,48,20,0.1,-16.0,-1,NEAR,-1,1,760,1,-1,1,1,1,0.1077933181793507,-34.454467530294586,0.1077933169005015,2.9532402076630078,0.1,-24.0,12.3182673367262,13.179589501560999,0.861322164835576,13.7685348874545,14.6287124873207,0.860177599865548,17.1529601582236,18.1255768737887,0.972616715563891,5.14356032221793,5.14356032221793,0.0,-0.18135975742993402,0.059822641842808603,0.241182399272696,-0.207939416636216,0.07014838736355081,0.278087803999807,1.1050156998093301,2.86356847563422,1.75855277582628,0.341293190281548,1.0582314258455,0.71693823556405,0.0,0.0,0.0,54.99923908636805,55.12921011557441,1
w_r2full_ideal_20_0,49,20,0.1,16.0,-1,NEAR,-1,1,760,1,-1,1,1,1,0.1077933181903235,-2.95323873497301,0.10779331686167751,34.454468959007,0.1,-16.0,13.8307897975379,14.692126941114601,0.861337143575759,12.1124482787026,12.972624652574002,0.860176373875819,17.3051559695821,18.137057033075,0.831901063495597,5.14356029749314,5.14356029749314,0.0,-0.20368352594057398,0.07162977961274361,0.275313305553344,-0.185309946051138,0.0598223757978399,0.24513232184900702,1.10501409794748,2.86356750836948,1.75855341042213,0.34127372583344295,1.05643961800631,0.715165892172738,0.0,0.0,0.0,54.865376050632534,54.99682820604312,1
w_r2full_ideal_20_0,50,20,0.1,24.0,1,FAR,1,1,760,1,1,1,1,1,0.1077933181575085,4.9220684708550095,0.10779331684610831,42.3297761491794,0.1,16.0,12.808043630955,13.668328772080201,0.860285141132682,11.8864652212057,12.749840422797,0.863375201584342,2.11543075408279,2.85749849406955,0.742067739976229,5.143560301213729,5.143560301213729,0.0,-0.21207597054827698,0.072835307661135,0.28491127820941997,-0.176309224433901,0.0571250407889991,0.23343426522287997,1.1050237952812,2.86269575127513,1.7576719559946101,0.28794629185113196,0.9183222238920059,0.630375932041401,0.0,0.0,0.0,38.20024596532762,38.33020631377775,1
w_r2full_ideal_20_0,51,20,0.15,0.0,-1,NEAR,-1,1,760,1,-1,1,1,1,0.157013987404288,-18.703854701329988,0.15701398741175548,18.703854714139016,0.1,24.0,12.4095352566953,13.3232702637623,0.9137350070734089,12.2751750500259,13.1877499922146,0.912574942177899,17.2756439540652,18.0874209720028,0.811777017938066,4.91293948881256,4.91293948881256,0.0,-0.252571072691103,0.105024431309533,0.357595504000639,-0.24679632833987397,0.110036218185092,0.356832546524991,1.10514466696395,2.86551921108282,1.7603745441187,0.341294953896389,1.0576375738591899,0.716342619962174,0.0,0.0,0.0,53.43453750173427,53.64959815122889,1
w_r2full_ideal_20_0,52,20,0.15,-24.0,1,FAR,1,1,760,1,-1,-1,1,1,0.15701398695993002,-42.32977643985,0.15701398755387502,-4.922067034370009,0.15,0.0,11.5225531871342,12.399420122701601,0.876866935567552,12.555523372092999,13.4153528426852,0.859829470590916,2.3558494073213803,3.0716692759093203,0.715819868594785,4.90976220514383,4.90976220514383,0.0,-0.25180515791642,0.0902718292429399,0.342076987159437,-0.272759043591884,0.107771876169642,0.38053091976148096,1.1071298975147599,2.86590592453596,1.75877602702039,0.28790561668803,0.9183289896913379,0.63042337300345,0.0,0.0,0.0,37.58043936066725,37.77848306607983,1
w_r2full_ideal_20_0,53,20,0.15,-16.0,-1,NEAR,-1,1,760,1,-1,1,1,1,0.157013987439372,-34.454469195242005,0.1570139875165715,2.9532402193869767,0.15,-24.0,12.1482117262989,13.009509723014201,0.861297996723036,13.5331609658749,14.3933119268813,0.860150961008581,17.154661024602902,18.127587882548003,0.972926857944179,4.9097621917473795,4.9097621917473795,0.0,-0.252304450872186,0.0930556940948552,0.34536014496704504,-0.27337560538479,0.103464067438206,0.376839672822963,1.1071328028949001,2.86660972152014,1.75947691862589,0.34129552540493896,1.05844021934812,0.717144693943077,0.0,0.0,0.0,54.365221665059146,54.56174142659221,1
w_r2full_ideal_20_0,54,20,0.15,16.0,-1,NEAR,-1,1,760,1,-1,1,1,1,0.1570139877662895,-2.9532386152349988,0.1570139875317795,34.45446918176498,0.15,-16.0,13.5957389744975,14.457038045097,0.8612990706003011,11.9425369317734,12.8026892178596,0.860152286069401,17.3026095201549,18.1365103706437,0.83390085048617,4.90976217289237,4.90976217289237,0.0,-0.267304558775556,0.105816120198787,0.373120678974448,-0.258070210799822,0.09305258770353511,0.351122798503262,1.10713675011084,2.86659368220776,1.75945693209685,0.34129426532927204,1.0566838178311702,0.715389552502236,0.0,0.0,0.0,54.2292773065316,54.42814601443392,1
w_r2full_ideal_20_0,55,20,0.15,24.0,1,FAR,1,1,760,1,1,1,1,1,0.157013987751478,4.9220686490099865,0.1570139875710905,42.329776443180975,0.15,16.0,12.5588998406463,13.4191832884202,0.860283447772187,11.7239982043978,12.5873709443767,0.863372739967042,2.11521590745376,2.85236466022315,0.737148752763496,4.90976217820598,4.90976217820598,0.0,-0.275227571845673,0.106232847755609,0.381460419601324,-0.24953885330910103,0.0902718159409358,0.33981066925013,1.1071257488646,2.86584870972198,1.7587229608569601,0.287946170165055,0.918320592309228,0.630374422144798,0.0,0.0,0.0,37.552850373257236,37.74935503695378,1
w_r2full_ideal_20_0,56,20,0.2,0.0,-1,NEAR,-1,1,760,1,-1,1,1,1,0.206234657468846,-18.703854814540012,0.2062346578326715,18.703854827253007,0.15,24.0,12.2805893759709,13.1942486839456,0.9136593079854429,12.1462501109997,13.0589007561715,0.912650645164289,17.2751434402844,18.0884891487708,0.8133457084925599,4.67914008318215,4.67914008318215,0.0,-0.297833977087724,0.141110801916304,0.438944779004059,-0.2898821663285,0.148298820830221,0.43818098715873705,1.1052837806578,2.86590528669277,1.76062150603508,0.341452350999642,1.0579054433602,0.7164530923608421,0.0,0.0,0.0,52.94458940212302,53.23399902486955,1
w_r2full_ideal_20_0,57,20,0.2,-24.0,1,FAR,1,1,760,1,-1,-1,1,1,0.20623465800152202,-42.32977669516,0.206234657878132,-4.922067063710012,0.2,0.0,11.4095129666872,12.2861547937542,0.876641827076373,12.3946082714846,13.254393926840299,0.859785655348283,2.35600325640521,3.06914149381784,0.713138237421296,4.67596392740372,4.67596392740372,0.0,-0.30627707001286897,0.123411553807291,0.429688623820242,-0.31570461753313,0.141860245325175,0.457564862858349,1.10528271650228,2.86438248758743,1.7590997710857,0.287905871145765,0.918331038108584,0.630425166962024,0.0,0.0,0.0,37.06836766751207,37.33363946664454,1
w_r2full_ideal_20_0,58,20,0.2,-16.0,-1,NEAR,-1,1,760,1,-1,1,1,1,0.20623465877396902,-34.454467728746025,0.20623465966358,2.9532402460920038,0.2,-24.0,12.0301786729872,12.8914471898934,0.861268516912021,13.3867134350809,14.2469258030695,0.860212367991251,17.1539646436725,18.1286313074557,0.9746666637927771,4.6759639713279,4.6759639713279,0.0,-0.303767203655331,0.12629224759733,0.430059451252713,-0.319328647810866,0.13680580989094301,0.456134457701852,1.10527669671556,2.8650748637050603,1.75979816698831,0.34145945363402597,1.05873711208635,0.7172776584517221,0.0,0.0,0.0,53.86678024753791,54.12987830502618,1
w_r2full_ideal_20_0,59,20,0.2,16.0,-1,NEAR,-1,1,760,1,-1,1,1,1,0.20623465878556851,-2.9532385251190005,0.20623465791579498,34.45446940392402,0.2,-16.0,13.4493287384118,14.310678982221999,0.861350243812747,11.824538506548,12.684702436367399,0.860163929820275,17.299968080436898,18.1364918062092,0.836523725783695,4.67596394768025,4.67596394768025,0.0,-0.311445682134812,0.140136619834806,0.45158230196952204,-0.311345493178189,0.126287307841051,0.437632801019403,1.10527870229874,2.86507689467524,1.7597981923766,0.3414598298951,1.05699233582432,0.715532505928986,0.0,0.0,0.0,53.72990640297841,53.99633033065427,1
w_r2full_ideal_20_0,60,20,0.2,24.0,1,FAR,1,1,760,1,1,1,1,1,0.20623465881755698,4.922068797077989,0.206234657897432,42.329776697898005,0.2,16.0,12.396793426381999,13.257074526763699,0.86028110038064,11.610164006962101,12.4736095894025,0.863445582450818,2.11495740447687,2.8491225638046,0.734165159331294,4.67596394986589,4.67596394986589,0.0,-0.318897387435571,0.139679750929735,0.45857713836521896,-0.303285325474971,0.123411552795113,0.42669687827021496,1.10528203658922,2.8643700193831902,1.7590879827935901,0.289882441709932,0.920254553982748,0.630372112273046,0.0,0.0,0.0,37.04039520320263,37.30348650692748,1
w_r2full_ideal_20_0,61,20,0.25,0.0,-1,NEAR,-1,1,760,1,-1,1,1,1,0.255455328511793,-18.70385490913401,0.2554553285139945,18.70385492235302,0.2,24.0,12.1938655399402,13.1074552257357,0.913589685795032,12.0592558123354,12.972281108568799,0.9130252962357019,17.277314339317602,18.0894998729373,0.812185533626332,4.44534088715651,4.44534088715651,0.0,-0.323621655461554,0.177257582614669,0.5008792380761391,-0.313498143206542,0.186653504097999,0.500151647304605,1.10543120156912,2.86601613530335,1.7605849337342399,0.341292885438305,1.05780653169099,0.7165136462518099,0.0,0.0,0.0,52.53839976139265,52.902310848105316,1
w_r2full_ideal_20_0,62,20,0.25,-24.0,1,FAR,1,1,760,1,-1,-1,1,1,0.2554553347128195,-42.329776912435,0.2554553287342995,-4.922067091221005,0.25,0.0,11.3299768016445,12.2061800249645,0.876203223322421,12.2879853045561,13.1477299152966,0.859744610740288,2.35569538965468,3.06714358252367,0.711448192879258,4.44216574469483,4.44216574469483,0.0,-0.3412626337445,0.15639399016761502,0.497656623912206,-0.339168550671838,0.17596890486657,0.51513745553828,1.10543553575549,2.86455307825541,1.75911754250008,0.289841787519335,0.9202693608304621,0.630427573311193,0.0,0.0,0.0,36.64804170656547,36.98040460159966,1
w_r2full_ideal_20_0,63,20,0.25,-16.0,-1,NEAR,-1,1,760,1,-1,1,1,1,0.25545532946914,-34.45446774382402,0.255455328599263,2.9532402665780055,0.25,-24.0,11.948543613512399,12.809796832518,0.861253218997403,13.295285079984401,14.155396946050299,0.86011186606305,17.1550837008327,18.1291564527368,0.9740727519014659,4.44216581355019,4.44216581355019,0.0,-0.335746947509658,0.159444300477694,0.49519124798746206,-0.34579703343407503,0.17004426517011298,0.515841298604234,1.10543591807911,2.8652261194528803,1.75979020137332,0.341300437786684,1.0586492133512602,0.717348775564724,0.0,0.0,0.0,53.460391377659434,53.78987994330724,1
w_r2full_ideal_20_0,64,20,0.25,16.0,-1,NEAR,-1,1,760,1,-1,1,1,1,0.255455335363864,-2.953238557556026,0.2554553287783335,34.45446958303899,0.25,-16.0,13.3582841400103,14.219557001206798,0.861272861200233,11.7429103161322,12.603041718049901,0.8601314019227421,17.3001477410554,18.1364232332655,0.836275492205907,4.44216578405588,4.44216578405588,0.0,-0.336106404338944,0.174476409556521,0.5105828138954219,-0.345133675825287,0.15938507110552902,0.50451874693056,1.1054304215823,2.86523178931211,1.75980136772987,0.341291849532989,1.0569210943445502,0.7156292448111871,0.0,0.0,0.0,53.32334062023474,53.65720210089679,1
w_r2full_ideal_20_0,65,20,0.25,24.0,1,FAR,1,1,760,1,1,1,1,1,0.25545533535341003,4.922068798017987,0.2554553287419265,42.329776916658986,0.25,16.0,12.2900403271515,13.150306133909,0.860265806759419,11.530678096886,12.3940546515644,0.863376554666051,2.11466042096468,2.8475495420025903,0.7328891210351469,4.44216577216183,4.44216577216183,0.0,-0.343084341032851,0.17312832389069202,0.516212664923585,-0.337547388218832,0.156393900038587,0.493941288257387,1.10543408333039,2.8645333126794603,1.75909922934878,0.28988118637031396,0.920253934600227,0.63037274822961,0.0,0.0,0.0,36.61886334691751,36.94838557084679,1
w_r2full_ideal_20_0,66,20,0.3,0.0,-1,NEAR,-1,1,760,1,-1,1,1,1,0.304675999429893,-18.703854989587988,0.3046759994342575,18.703855005352988,0.25,24.0,12.1377051307825,13.0516777313088,0.913972600524804,12.0030602702772,12.9160129293164,0.912952659037376,17.2761878995134,18.0898808644817,0.813692964968937,4.21154090035307,4.21154090035307,0.0,-0.329935336733486,0.213527778732433,0.543463115465739,-0.317643352788379,0.225164242770915,0.542807595559309,1.10560367836256,2.86604841865572,1.76044474029361,0.34146224174797096,1.05803739839249,0.716575156645303,0.0,0.0,0.0,52.19319824250818,52.63189026401153,1
w_r2full_ideal_20_0,67,20,0.3,-24.0,1,FAR,1,1,760,1,-1,-1,1,1,0.30467599951525,-42.329777096212,0.30467599952951196,-4.9220671168939685,0.3,0.0,11.276960445993,12.152584870914701,0.87562442491615,12.2196306007187,13.079490754818499,0.859860154098761,2.35576181563575,3.06623409285796,0.7104722772183201,4.20836756532768,4.20836756532768,0.0,-0.356761298694145,0.189258410169285,0.5460197088634899,-0.343152856110761,0.21015665807628,0.553309514187048,1.1056180744042299,2.86461202202424,1.75899394762067,0.289841831559587,0.920271098882597,0.63042926732253,0.0,0.0,0.0,36.291560404825674,36.69097547307124,1
w_r2full_ideal_20_0,68,20,0.3,-16.0,-1,NEAR,-1,1,760,1,-1,1,1,1,0.30467600046203,-34.45446771447597,0.30467599949518054,2.953240279489011,0.3,-24.0,11.894336428631899,12.7556337763145,0.861297347682261,13.241350495421699,14.1014939022329,0.86014340680459,17.153023515021403,18.1290991855123,0.9760756704875361,4.20836766010882,4.20836766010882,0.0,-0.348244548723043,0.192602870045103,0.540847418768065,-0.352780748908889,0.20322056017269702,0.556001309081619,1.10560352835269,2.86526800824256,1.7596644798891001,0.341459402498604,1.05887299336561,0.717413590866487,0.0,0.0,0.0,53.118735525776685,53.51455895599448,1
w_r2full_ideal_20_0,69,20,0.3,16.0,-1,NEAR,-1,1,760,1,-1,1,1,1,0.304675999502882,-2.9532402596059715,0.304675999524612,34.45446971766597,0.3,-16.0,13.3039203326765,14.1651774550868,0.861257122426179,11.688848278681201,12.5490027971167,0.860154518451548,17.2978509287731,18.1362765349839,0.838425606200906,4.2083676201703,4.2083676201703,0.0,-0.341288705352988,0.208893160803678,0.55018186615664,-0.359433817080879,0.192385124974326,0.551818942055296,1.10561145072551,2.8652664497787503,1.75965499905233,0.341461040954588,1.0571716353854401,0.715710594430211,0.0,0.0,0.0,52.98126249252189,53.3825407782999,1
w_r2full_ideal_20_0,70,20,0.3,24.0,1,FAR,1,1,760,1,1,1,1,1,0.30467600052440447,4.922069196617029,0.30467599953217,42.32977710188801,0.3,16.0,12.2217268413009,13.0819710071464,0.860244165856746,11.4777741469596,12.341121798508299,0.863347651556363,2.11472977459401,2.84683620221655,0.732106427625505,4.20836759489504,4.20836759489504,0.0,-0.347789118298703,0.20664766813024302,0.55443678642879,-0.352325071603354,0.189255736058599,0.541580807661981,1.10560932012854,2.86456562721589,1.75895630708762,0.28987868734912997,0.9202642617309351,0.630385574381691,0.0,0.0,0.0,36.263126491713116,36.65902989590196,1
w_r2full_ideal_20_0,71,20,0.35,0.0,-1,NEAR,-1,1,760,1,-1,1,1,1,0.35389667051130846,-18.70385506600697,0.3538966705366165,18.70385507246897,0.3,24.0,12.106018986146701,13.0194035063119,0.9133845201634979,11.9717174514959,12.8839561281481,0.9122386766517591,17.2762962248173,18.0899312938101,0.8136350689881899,3.97773988889191,3.97773988889191,0.0,-0.316779548566851,0.250134289690911,0.566913838257751,-0.302326340558862,0.26403807632357895,0.566364416882175,1.10581448937379,2.86599842485379,1.76018393548012,0.341465499253387,1.05809904283387,0.716633543580248,0.0,0.0,0.0,51.89512828484967,52.40930065086416,1
w_r2full_ideal_20_0,72,20,0.35,-24.0,1,FAR,1,1,760,1,-1,-1,1,1,0.35389667066082,-42.32977725127201,0.3538966706571905,-4.922067136378994,0.35,0.0,11.245601468534002,12.1207497767244,0.875148308179564,12.181961142949199,13.0417058396923,0.859744696752399,2.3557262069555303,3.06582189665717,0.7100956896908209,3.9745693699706,3.9745693699706,0.0,-0.352771622666933,0.22219264481991202,0.5749642674867319,-0.327659646979465,0.244634690958427,0.57229433793795,1.1058113879232099,2.86455299090099,1.75874160297786,0.289844447509972,0.920275730204823,0.630431282693964,0.0,0.0,0.0,35.98767560415028,36.454502939928624,1
w_r2full_ideal_20_0,73,20,0.35,-16.0,-1,NEAR,-1,1,760,1,-1,1,1,1,0.353896670599939,-34.45446984731798,0.35389667061361396,2.9532402811680014,0.35,-24.0,11.862741231701401,12.723988820499,0.861247588790954,13.216365024706601,14.076479690954999,0.86011466625001,17.1540749236035,18.1288251312182,0.9747502076292229,3.9745695335312803,3.9745695335312803,0.0,-0.341260153866591,0.225964423003235,0.56722457686961,-0.340278955407299,0.236528505476474,0.576807460884026,1.1058088973828402,2.86523124143985,1.75942234405526,0.341292738951253,1.0587698183635301,0.717477079411771,0.0,0.0,0.0,52.82786423600686,53.290357164486565,1
w_r2full_ideal_20_0,74,20,0.35,16.0,-1,NEAR,-1,1,760,1,-1,1,1,1,0.353896670656658,-2.9532402696539894,0.3538966706372675,34.45446984670303,0.35,-16.0,13.2789236467086,14.140180147395801,0.861256500685053,11.6572681706476,12.5173818976933,0.860113727045267,17.2989293500289,18.1360237821996,0.837094432167127,3.9745694735588697,3.9745694735588697,0.0,-0.326995068179296,0.243600982976898,0.5705960511564,-0.354243050479805,0.22547025833752599,0.579713308817237,1.10580446343736,2.86525121782683,1.7594467543902301,0.341295460515945,1.05704128308188,0.715745822565188,0.0,0.0,0.0,52.69044780175628,53.1595190430707,1
w_r2full_ideal_20_0,75,20,0.35,24.0,1,FAR,1,1,760,1,1,1,1,1,0.3538966717718275,4.922069419816988,0.3538966706542125,42.329777256155,0.35,16.0,12.1840000088427,13.0442055702671,0.860205561400225,11.4463670218812,12.309694784713301,0.863327762816716,2.11451302279477,2.84628697724852,0.731773954446132,3.97456923516864,3.97456923516864,0.0,-0.333016219586324,0.24042699038710602,0.573443209973199,-0.34762052023004303,0.222179534225149,0.5698000544553959,1.10583034972655,2.86452778756975,1.7586974378429099,0.28988399072369303,0.920269205074988,0.630385214351614,0.0,0.0,0.0,35.959553560042295,36.42216008465455,1
w_r2full_ideal_20_0,76,20,0.4,0.0,-1,NEAR,-1,1,760,1,-1,1,1,1,0.40311734179554704,-18.703855117253976,0.4031173417997755,18.70385512509698,0.35,24.0,12.0976369440447,13.010907218070399,0.913270274032151,11.9634805386954,12.8755420596987,0.912061520985635,17.277909859161802,18.0897522977482,0.811842438587688,3.7439383471235104,3.7439383471235104,0.0,-0.284166310181365,0.287348511056445,0.571514821237918,-0.267564605886953,0.303539521785905,0.571104127672954,1.10604024913231,2.8658042092880702,1.75976396015649,0.341302603005015,1.05794902806712,0.716646425061682,0.0,0.0,0.0,51.643893159996,52.23478119283835,1
w_r2full_ideal_20_0,77,20,0.4,-24.0,1,FAR,1,1,760,1,-1,-1,1,1,0.403117341895037,-42.329777375948005,0.4031173418843515,-4.922067139239039,0.4,0.0,11.2341709022078,12.1083234222397,0.87415252001284,12.1749857964918,13.0348095802537,0.85982378376722,2.35569470263099,3.0662073364841,0.7105126338605671,3.7407711694710097,3.7407711694710097,0.0,-0.329290315866763,0.255431107663119,0.584721423530008,-0.292692143147363,0.279684559350076,0.572376702497403,1.10604857260434,2.86436950161947,1.75832092901499,0.289844291702692,0.920274921260466,0.630430629557612,0.0,0.0,0.0,35.73475593132844,36.26987159834164,1
w_r2full_ideal_20_0,78,20,0.4,-16.0,-1,NEAR,-1,1,760,1,-1,1,1,1,0.403117343089317,-34.454467530080024,0.4031173418223055,2.953240294170989,0.4,-24.0,11.851780869465399,12.7131014881224,0.8613206186621689,13.2211679589965,14.0813629455045,0.86019498649641,17.1531359462006,18.1282724288135,0.975136482613734,3.7407713998812504,3.7407713998812504,0.0,-0.314795297439446,0.259743297373058,0.5745385948125971,-0.30829068938020404,0.270226448960883,0.578517138341039,1.10604088906153,2.86502896695349,1.75898807789179,0.341289805713177,1.0587567017889699,0.717466896075695,0.0,0.0,0.0,52.58729393106411,53.11726367739805,1
w_r2full_ideal_20_0,79,20,0.4,16.0,-1,NEAR,-1,1,760,1,-1,1,1,1,0.40311734191591697,-2.9532402769780197,0.4031173418730565,34.45446995601703,0.4,-16.0,13.2836768496387,14.145003517666801,0.861326668061281,11.6463356362823,12.5065445124803,0.860208876198292,17.2986164935621,18.1357166327522,0.837100139185461,3.7407713236230196,3.7407713236230196,0.0,-0.293229634606468,0.27888343868641097,0.572113073292804,-0.32955750265843997,0.258881211989016,0.588438714647627,1.10603688892681,2.8650326097999304,1.7589957208724,0.34129228381961296,1.05704305145126,0.715750767631261,0.0,0.0,0.0,52.45011164777351,52.98787629844894,1
w_r2full_ideal_20_0,80,20,0.4,24.0,1,FAR,1,1,760,1,1,1,1,1,0.4031173431088335,4.922069647027016,0.4031173419458205,42.329777389160995,0.4,16.0,12.1770631889411,13.0373336596953,0.860270470751721,11.434862172626799,12.298257448447,0.8633952758306019,2.1155166870445004,2.8474928669329,0.731976179900283,3.74077104103305,3.74077104103305,0.0,-0.29876005654534,0.27469401905649,0.573454075601839,-0.323427571099362,0.25540770873652496,0.578835279836072,1.10606573886818,2.8643412718784402,1.75827553301211,0.286378494145772,0.91675573326649,0.63037723912109,0.0,0.0,0.0,35.70495202125318,36.235053749046195,1
w_r2full_ideal_20_1,1,20,0.45,0.0,-1,NEAR,-1,1,760,1,-1,1,1,1,0.4523380147342745,-18.70385787116302,0.452338014826628,18.703857844265983,0.6,0,12.3120645537855,13.1704033285802,0.858338774794555,12.1779644769101,13.0351904269705,0.857225950060742,17.3222874988164,18.1291016029034,0.80681410408641,3.49754041903757,3.49754041903757,0.0,-0.399904321873,0.29864610715522,0.698550429028222,-0.39990444825572,0.298645896768026,0.698550345023761,1.12425586299221,2.8737707996433097,1.74951493665109,0.340822568381716,1.0592074171916999,0.718384848810016,0.0,0.0,0.0,51.76521399432668,52.36250599824993,1
w_r2full_ideal_20_1,2,20,0.45,-24.0,1,FAR,1,1,760,1,-1,-1,1,1,0.4523380133234385,-42.32977747969496,0.452338013233223,-4.92206717424798,0.45,0.0,11.2358120179307,12.106108959072701,0.870296941142092,12.1947902405335,13.051881232420099,0.857090991886298,2.3566786284865904,3.06478742837575,0.7081087998892039,3.50697284515477,3.50697284515477,0.0,-0.286314878089544,0.28911952455412,0.5754344026436511,-0.23825880447116202,0.315520094697409,0.553778899168575,1.12437012067561,2.87229780460608,1.74792768393049,0.28591526812108803,0.9179019221090741,0.631986653988014,0.0,0.0,0.0,35.519950191738474,36.12458981099,1
w_r2full_ideal_20_1,3,20,0.45,-16.0,-1,NEAR,-1,1,760,1,-1,1,1,1,0.4523380132952415,-34.454470030281016,0.452338013275983,2.9532403164840293,0.45,-24.0,11.8603587667973,12.7186926973647,0.8583339305680701,13.257811529912,14.1150223423577,0.8572108124452931,17.1544542800376,18.1278306834554,0.973376403417848,3.50697325951656,3.50697325951656,0.0,-0.268851613306142,0.294066388400607,0.562918001706726,-0.256814447181186,0.30449219842117503,0.561306645602329,1.1232980388445601,2.87260441879436,1.7493063799498298,0.34069575234876603,1.05951749974487,0.7188217473961109,0.0,0.0,0.0,52.40064090123359,52.99919948805537,1
w_r2full_ideal_20_1,4,20,0.45,16.0,-1,NEAR,-1,1,760,1,-1,1,1,1,0.4523380132850065,-2.95324027233701,0.452338013300301,34.45447004579199,0.45,-16.0,13.3198555059754,14.178129056029,0.858273550054594,11.6547496449206,12.5119961639723,0.857246519050003,17.3006920653884,18.1354891759362,0.834797110548724,3.50697316403256,3.50697316403256,0.0,-0.239999747692664,0.31495121766849105,0.554950965361122,-0.285370260647759,0.292761476531469,0.578131737179241,1.12404970477124,2.8726032021933703,1.74855349742212,0.34108065235059803,1.05816952683235,0.717088874481702,0.0,0.0,0.0,52.263360288995784,52.871072983195745,1
w_r2full_ideal_20_1,5,20,0.45,24.0,1,FAR,1,1,760,1,1,1,1,1,0.4523380146059245,4.92206983712501,0.45233801324559053,42.32977749538696,0.45,16.0,12.2016832669412,13.059715400054401,0.8580321331138561,11.4411496048596,12.302269925288401,0.861120320428135,2.1191781166154704,2.84858515174225,0.729407035125959,3.50697298214276,3.50697298214276,0.0,-0.245022435417824,0.309621985032437,0.554644420450258,-0.279743846409934,0.289086694143769,0.568830540553695,1.12377601007803,2.8729646641209,1.7491886540428099,0.286641458001108,0.9182816039837771,0.6316401459826829,0.0,0.0,0.0,35.50878972733249,36.1074984065087,1
w_r2full_ideal_20_1,6,20,0.5,0.0,-1,NEAR,-1,1,760,1,-1,1,1,1,0.5015586846981714,-18.70385520101697,0.501558684697166,18.703855212963973,0.45,24.0,12.154563828977102,13.0652250526409,0.910661223664043,12.0202514027698,12.9299725421253,0.909721139355553,17.2792131854147,18.0888095833247,0.809596397908803,3.2763305573477903,3.2763305573477903,0.0,-0.16065706319551,0.364098611111374,0.524755674306862,-0.139889757698949,0.384821805580551,0.5247115632795281,1.1240523755605198,2.87532977397366,1.751277398413,0.340950949466422,1.05902807595863,0.7180771264921559,0.0,0.0,0.0,51.29469558537098,52.043616002062905,1
w_r2full_ideal_20_1,7,20,0.5,-24.0,1,FAR,1,1,760,1,-1,-1,1,1,0.5015586847242495,-42.32977756200501,0.501558684692174,-4.922067177940026,0.5,0.0,11.2712909582344,12.140731322166399,0.869440363931737,12.2626465136134,13.1203484158718,0.8577019022600579,2.36079436084049,3.0706549926087,0.709860631768666,3.27317467988333,3.27317467988333,0.0,-0.223830473476877,0.32316912979042,0.54699960326733,-0.164361362940695,0.35216547927628,0.516526842216955,1.1238721198700201,2.8722206720510703,1.74834855218098,0.285844964988376,0.917880188009548,0.632035223021093,0.0,0.0,0.0,35.395010270590845,36.07034487965755,1
w_r2full_ideal_20_1,8,20,0.5,-16.0,-1,NEAR,-1,1,760,1,-1,1,1,1,0.501558684755458,-34.454470097452,0.501558684773629,2.9532403273559993,0.5,-24.0,11.8932572000894,12.7525341774518,0.859276977362103,13.3293790387816,14.1874975404022,0.858118501619926,17.1534767706965,18.1268724906146,0.9733957199198431,3.2731752849248,3.2731752849248,0.0,-0.20342679348688802,0.328867533195624,0.532294326682581,-0.18584295798658,0.339305033226698,0.525147991213318,1.12387564070208,2.87285667697699,1.7489810362748301,0.34095070910576003,1.0597958182042302,0.718845109098401,0.0,0.0,0.0,52.27273198857462,52.94090455499695,1
w_r2full_ideal_20_1,9,20,0.5,16.0,-1,NEAR,-1,1,760,1,-1,1,1,1,0.5015586860625054,-2.9532375262290023,0.501558684720756,34.45447012981001,0.5,-16.0,13.393332385822099,14.252607962182399,0.8592755763605759,11.6883651831002,12.5464144622508,0.858049279149856,17.301046993627303,18.1352420909521,0.834195097323876,3.27317509979415,3.27317509979415,0.0,-0.16731310870308402,0.351826098521045,0.519139207224183,-0.22166798420079,0.327016172476735,0.548684156677374,1.1220500395544,2.8729592608009,1.75090922124642,0.340918157372336,1.05820926682776,0.717291109455415,0.0,0.0,0.0,52.13860814280811,52.81745041380589,1
w_r2full_ideal_20_1,10,20,0.5,24.0,1,FAR,1,1,760,1,1,1,1,1,0.5015586860220115,4.922069927014938,0.501558684805838,42.32977758362999,0.5,16.0,12.2671854288058,13.1244314747667,0.857246045963125,11.474000881815401,12.3344052527207,0.860404370905521,2.11997654578325,2.8503935786092103,0.730417032825128,3.2731746307443,3.2731746307443,0.0,-0.171815796061208,0.345251726930262,0.51706752299148,-0.21657624463719802,0.323119614072739,0.539695858710042,1.1199585218597898,2.87018499265018,1.75022647079039,0.285882896082473,0.9178676433637769,0.631984747281336,0.0,0.0,0.0,35.37045757285487,36.03882891385787,1
w_r2full_ideal_20_1,11,20,0.55,0.0,-1,NEAR,-1,1,760,1,-1,1,1,1,0.5507793563371655,-18.703855246327006,0.5507793563376026,18.703855246891,0.5,24.0,12.227366798112401,13.1378105408726,0.9104437427620091,12.0930604149455,13.0022743771342,0.9092139621887121,17.2785094266777,18.0874891973127,0.808979770634441,3.0425223584882803,3.0425223584882803,0.0,-0.069787322679553,0.403499568751546,0.47328689143109104,-0.0469665120796936,0.426490174290833,0.473456686370462,1.1204055993611801,2.87378626636536,1.75338066700388,0.341849963599437,1.0596789537450702,0.717828990145545,0.0,0.0,0.0,51.20356169391821,52.03355143696059,1
w_r2full_ideal_20_1,12,20,0.55,-24.0,1,FAR,1,1,760,1,-1,-1,1,1,0.5507793564148535,-42.32977768614299,0.550779356386554,-4.922067193554036,0.55,0.0,11.328022586260401,12.1967356222421,0.86871303598132,12.3623780962356,13.2203428861473,0.857964789912595,2.36058973568064,3.07409220544397,0.713502469765629,3.03937639129343,3.03937639129343,0.0,-0.141834839393895,0.357328304524509,0.49916314391835903,-0.07101695173768019,0.390694224957089,0.46171117669474404,1.12042115397169,2.86877169378965,1.74835053981825,0.286268623002017,0.9178842124198839,0.631615589417744,0.0,0.0,0.0,35.31720301133633,36.06522554081793,1
w_r2full_ideal_20_1,13,20,0.55,-16.0,-1,NEAR,-1,1,760,1,-1,1,1,1,0.5507793563351915,-34.454470154065,0.5507793563606995,2.9532403311589572,0.55,-24.0,11.9536616359457,12.8131921970921,0.859530561147474,13.4356941027257,14.2937280256347,0.858033922907943,17.1528067045961,18.125364180498,0.9725574759008591,3.03937703154023,3.03937703154023,0.0,-0.118537108611483,0.36401974273383797,0.48255685134539394,-0.0953833957291325,0.374522013463146,0.469905409192215,1.1204148580403401,2.8694566702439803,1.74904181220356,0.341852694376805,1.06040697349763,0.7185542791209151,0.0,0.0,0.0,52.20152507850664,52.94006683470363,1
w_r2full_ideal_20_1,14,20,0.55,16.0,-1,NEAR,-1,1,760,1,-1,1,1,1,0.5507793576909605,-2.953237641856954,0.5507793562508585,34.45447019362891,0.55,-16.0,13.4985326128001,14.357575695146899,0.859043082345084,11.7482731567024,12.6066810248327,0.8584078681296,17.3021607008154,18.134664826434,0.83250412562114,3.03937680146942,3.03937680146942,0.0,-0.0751936030000854,0.389485480860726,0.46467908386077605,-0.13844501971109802,0.361376673775466,0.499821693486541,1.1204062795935001,2.86953400790446,1.74912772831104,0.341939308237041,1.05868823193096,0.716748923693892,0.0,0.0,0.0,52.066520587718436,52.81738274235463,1
w_r2full_ideal_20_1,15,20,0.55,24.0,1,FAR,1,1,760,1,1,1,1,1,0.550779357619521,4.922069783636074,0.5507793558792999,42.329777679883996,0.55,16.0,12.365241161471001,13.2235396401376,0.858298478665568,11.528604827066399,12.3902167473618,0.861611920295741,2.11971075029309,2.85316867562881,0.733457925336025,3.03937638792111,3.03937638792111,0.0,-0.0791355279867465,0.382793390025719,0.46192891801258296,-0.133911980675283,0.35727501790582,0.49118699858116205,1.12043585753815,2.86884685263326,1.7484109950952,0.286469227738206,0.9180374799559541,0.631568252217933,0.0,0.0,0.0,35.293185783638535,36.03325419157007,1
w_r2full_ideal_20_1,16,20,0.6,0.0,-1,NEAR,-1,1,760,1,-1,1,1,1,0.6000000280657375,-18.70385528957108,0.6000000280883995,18.703855297222958,0.55,24.0,12.327097994818999,13.2373407900124,0.9102427951940809,12.1926416126609,13.1029183355858,0.910276722924132,17.2779690938896,18.0865960907332,0.808626996842325,2.80871045933749,2.80871045933749,0.0,0.040440040302537505,0.443553769375211,0.40311372907257503,0.0652436715022448,0.468729690600553,0.403486019098381,1.1210964342254,2.87393567095535,1.75283923672996,0.341852159255783,1.05965947436386,0.717807315108011,0.0,0.0,0.0,51.1691608209881,52.081444280963865,1
w_r2full_ideal_20_1,17,20,0.6,-24.0,1,FAR,1,1,760,1,-1,-1,1,1,0.600000028152306,-42.329777777017966,0.6000000280890425,-4.922067209860992,0.6,0.0,11.4085496120401,12.271943771832799,0.863394159791034,12.493962755828,13.3542184780113,0.860255722183649,2.36051082860536,3.07889304492992,0.718382216320915,2.80557823941052,2.80557823941052,0.0,-0.040306190486569395,0.391217219047255,0.43152340953381,0.0417669524839854,0.45383702915874496,0.412070076674691,1.12118714948755,2.8661934900115202,1.74500634052407,0.2864261173778,0.918036399109213,0.631610281731024,0.0,0.0,0.0,35.29486342330527,36.13991767151128,1
w_r2full_ideal_20_1,18,20,0.6,-16.0,-1,NEAR,-1,1,760,1,-1,1,1,1,0.600000028068937,-34.45447023229398,0.600000028095681,2.9532403377799943,0.6,-24.0,12.038919478212799,12.8992632020009,0.860343723788243,13.5660631887956,14.4264733422797,0.8604101534791501,17.1529068901209,18.1244238818039,0.9715169916830769,2.80557907693878,2.80557907693878,0.0,-0.0141703403894665,0.39937312004158404,0.413543460431035,0.0145836786985409,0.42502883807145697,0.41044515937298204,1.12115089955434,2.8670094174115603,1.7458585178574901,0.341852637314177,1.06034821404825,0.718495576733958,0.0,0.0,0.0,52.18309713448309,53.00749909259613,1
w_r2full_ideal_20_1,19,20,0.6,16.0,-1,NEAR,-1,1,760,1,-1,1,1,1,0.6000000281201375,-2.953240274149005,0.6000000281505784,34.45447026919302,0.6,-16.0,13.6295295999252,14.489943056548501,0.8604134566250831,11.833593824823,12.6938667783691,0.8602729535459,17.2993355454274,18.134025211812602,0.834689666386516,2.8055787809646797,2.8055787809646797,0.0,0.0363541878935196,0.442950799860216,0.406596611966637,-0.035669779252910205,0.395584523110479,0.43125430236352297,1.1211490415516,2.8670580576692997,1.74590901611773,0.34213947401104,1.05888646867767,0.716746994666673,0.0,0.0,0.0,52.04935835404186,52.88789367701255,1
w_r2full_ideal_20_1,20,20,0.6,24.0,1,FAR,1,1,760,1,1,1,1,1,0.6000000291826519,4.922069300180021,0.6000000281411675,42.329777786432984,0.6,16.0,12.4961533078196,13.3565948645924,0.860441556771863,11.608421065927,12.468758108301401,0.8603370423717089,2.11565441350951,2.8575213594894002,0.741866945974454,2.80557852160926,2.80557852160926,0.0,0.0330256003372981,0.445052887620145,0.41202728728288,-0.0317397619483681,0.391162128669715,0.422901890617881,1.12375858732496,2.86631030425461,1.74255171693006,0.2867634115016,0.91833209531619,0.631568683814715,0.0,0.0,0.0,35.27309525356326,36.10931026985312,1
w_r2full_ideal_20_1,21,20,0.65,0.0,-1,NEAR,-1,1,760,1,-1,1,1,1,0.6492206997013035,-18.70385516031503,0.6492206998012845,18.703855321809073,0.6,24.0,12.435197723052399,13.3450868678338,0.909889144781946,12.3008395104624,13.2108670065261,0.9100274960625029,17.2727117141359,18.0856580711456,0.8129463570085681,2.57489402322406,2.57489402322406,0.0,0.169979972395532,0.5688671935946941,0.398887221199285,0.196668870894421,0.595792925859967,0.399124054965566,1.13516615926761,2.87243377268639,1.7372676134184601,0.342102681351506,1.05991936540486,0.717816684053234,0.0,0.0,0.0,51.14885910682081,52.31351922627547,1
w_r2full_ideal_20_1,22,20,0.65,-24.0,1,FAR,1,1,760,1,-1,-1,1,1,0.649220700351124,-42.32977783548408,0.6492207005299995,-4.922067226168947,0.65,0.0,11.4862053458977,12.347281076836401,0.8610757309336601,12.6397944101822,13.500804231311,0.861009821125856,2.35642268254669,3.08499169216904,0.728569009622768,2.57178020287211,2.57178020287211,0.0,0.08076661892507661,0.487461096789951,0.406694477864858,0.173980161587346,0.5981562745238009,0.424176112936333,1.13780455487492,2.86645083101454,1.72864627613978,0.286718902655402,0.918337923012433,0.631619020356709,0.0,0.0,0.0,35.28964595721553,36.37526332852928,1
w_r2full_ideal_20_1,23,20,0.65,-16.0,-1,NEAR,-1,1,760,1,-1,1,1,1,0.6492206998831885,-34.45447031299098,0.649220700841745,2.953240331740048,0.65,-24.0,12.125452560498799,12.9873710272637,0.861918466765679,13.704775692095,14.5658227122255,0.86104702012942,17.1481976727963,18.1229788988196,0.974781226023324,2.57178116587805,2.57178116587805,0.0,0.109664928114344,0.506335973136099,0.39667104502162803,0.144056800380333,0.552983173300751,0.408926372920312,1.13645721212122,2.8665804530993397,1.73012324097779,0.342137965170464,1.06056436698091,0.718426401810425,0.0,0.0,0.0,52.1750986242671,53.23441777070395,1
w_r2full_ideal_20_1,24,20,0.65,16.0,-1,NEAR,-1,1,760,1,-1,1,1,1,0.64922070161447,-2.953240306348026,0.649220700562054,34.45447033732207,0.65,-16.0,13.7684311196395,14.6294805174779,0.861049397838063,11.9214667271237,12.7825172913314,0.861050564204379,17.3006305809945,18.1349599409683,0.8343293599753321,2.57178086184507,2.57178086184507,0.0,0.167315169282202,0.573107376338403,0.405792207056225,0.08666875943192989,0.500595216630375,0.41392645719849597,1.13262505393829,2.86284151458779,1.73021646064897,0.342213756650011,1.05884574946898,0.716631992818756,0.0,0.0,0.0,52.04042587567944,53.11412846864822,1
w_r2full_ideal_20_1,25,20,0.65,24.0,1,FAR,1,1,760,1,1,1,1,1,0.649220699930782,4.922067209568004,0.6492207005481845,42.32977783885894,0.65,16.0,12.644738272826698,13.505780770351,0.861042497525448,11.687861599139,12.5489259912127,0.861064392073658,2.11576228232222,2.8634657879915197,0.7477035056593421,2.5717804913110602,2.5717804913110602,0.0,0.16464495001347101,0.588697791276926,0.424052841263473,0.08993299699863999,0.487558738480301,0.397625741481481,1.13396344910578,2.86272929682292,1.72876584771729,0.286763584997305,0.918338648801274,0.6315750638040579,0.0,0.0,0.0,35.27102098649048,36.34727751624771,1
w_r2full_ideal_20_1,26,20,0.7,0.0,-1,NEAR,-1,1,760,1,-1,1,1,1,0.6984413717572195,-18.703855329026965,0.6984413717327049,18.703855322652064,0.65,24.0,12.515061589776,13.424495669098201,0.9094340793222491,12.3807406667164,13.2905136942464,0.909773027533886,17.272191665384,18.084911821513803,0.8127201561317651,2.34107406885096,2.34107406885096,0.0,0.318835462229328,0.7156893790179351,0.39685391678859,0.347291046764992,0.744178136674157,0.396887089909125,1.17332622863654,2.8677030038793703,1.6943767752424201,0.342137972329533,1.0598552133536199,0.717717241024468,0.0,0.0,0.0,51.068553470942355,52.52842098663445,1
w_r2full_ideal_20_1,27,20,0.7,-24.0,1,FAR,1,1,760,1,-1,-1,1,1,0.698441373049929,-42.32977782081393,0.6984413726708054,-4.92206722622901,0.7,0.0,11.5452243534278,12.4086703590194,0.863446005585211,12.7603648894298,13.6222856669974,0.861920777564847,2.3564529602939497,3.0919008338673,0.735447873576272,2.33798242978367,2.33798242978367,0.0,0.221387265794977,0.61715986331713,0.39577259752209404,0.325629853461664,0.771495089497595,0.445865236036037,1.17672245794122,2.85986624468415,1.6831437867435102,0.286716237534427,0.91834088349661,0.631624645962274,0.0,0.0,0.0,35.23904641784853,36.62770137066325,1
w_r2full_ideal_20_1,28,20,0.7,-16.0,-1,NEAR,-1,1,760,1,-1,1,1,1,0.69844137180428,-34.454470335625984,0.6984413718549896,2.9532403252169326,0.7,-24.0,12.1896380097474,13.0516408635495,0.8620028538029121,13.8126424310394,14.674613312598899,0.861970881561863,17.1483705747934,18.1221672055684,0.9737966307745359,2.3379833485775,2.3379833485775,0.0,0.252973135885593,0.649104450549252,0.396131314663707,0.293039127300723,0.700891714151693,0.40785258685087,1.17535491046943,2.8595201433491497,1.68416523287974,0.342100546538528,1.0605344439551898,0.718433897416739,0.0,0.0,0.0,52.106459317598635,53.45645548229958,1
w_r2full_ideal_20_1,29,20,0.7,16.0,-1,NEAR,-1,1,760,1,-1,1,1,1,0.698441372144352,-2.9532402478840147,0.6984413727112535,34.45447034823501,0.7,-16.0,13.874833363503301,14.7368652294007,0.862031865897542,11.984322350859,12.8462639098478,0.861941558992684,17.3034854636724,18.1339583919862,0.8304729283156139,2.33798297025803,2.33798297025803,0.0,0.31769309514994204,0.722916781165991,0.40522368601613096,0.22856695826973397,0.641639754733266,0.413072796463654,1.17534920777975,2.8596911832520697,1.68434197547265,0.342138988509435,1.05872807871195,0.716589090202551,0.0,0.0,0.0,51.97348976345675,53.33804629935601,1
w_r2full_ideal_20_1,30,20,0.7,24.0,1,FAR,1,1,760,1,1,1,1,1,0.6984413722004565,4.922067211886927,0.698441372723798,42.32977783897396,0.7,16.0,12.7647638348007,13.626708972718701,0.86194513791049,11.7457475417953,12.6077151439851,0.861967602190444,2.11581375381249,2.8704976677518,0.75468391394581,2.33798273207247,2.33798273207247,0.0,0.315736978733317,0.761516675257472,0.44577969652418703,0.231118416765304,0.6177335893695131,0.38661517260419503,1.17672333438918,2.8599833064848803,1.68325997209534,0.286760132776119,0.9183503258313779,0.6315901930551441,0.0,0.0,0.0,35.22123814884433,36.60048841347132,1
w_r2full_ideal_20_1,31,20,0.75,0.0,-1,NEAR,-1,1,760,1,-1,1,1,1,0.7476620435024406,-18.703855769890975,0.7476620435006756,18.703855695712978,0.7,24.0,12.5817196806778,13.4907290016094,0.909009320930172,12.447227575489501,13.3562758927913,0.909048317301392,17.2717843651626,18.0843360487429,0.812551683583868,2.1072522283524,2.1072522283524,0.0,0.48695070252653394,0.9170457855922,0.43009508306551303,0.517032544625055,0.9471396586533869,0.430107114028147,1.2051191730964301,2.86174345678156,1.65662428368486,0.342135692138484,1.05982934954552,0.717693657406854,0.0,0.0,0.0,50.96016597782308,52.824351422068666,1
w_r2full_ideal_20_1,32,20,0.75,-24.0,1,FAR,1,1,760,1,-1,-1,1,1,0.747662043767489,-42.32977789384407,0.7476620443774735,-4.922067224730986,0.75,0.0,11.5975269586994,12.4653191238927,0.8677921651944029,12.863531484052901,13.7264581374982,0.862926653443107,2.3562299530578397,3.09788658617121,0.7416566331201669,2.10418444647206,2.10418444647206,0.0,0.381511308114077,0.784477401182325,0.402966093067947,0.496729730446577,0.996192834820178,0.499463104373233,1.20727511707114,2.85479627399256,1.64752115692127,0.286721602091541,0.918342506496392,0.631620904405272,0.0,0.0,0.0,35.16698707452312,36.94765731052562,1
w_r2full_ideal_20_1,33,20,0.75,-16.0,-1,NEAR,-1,1,760,1,-1,1,1,1,0.7476620437555945,-34.45447035286098,0.747662044597429,2.9532403340279956,0.75,-24.0,12.2450710075959,13.1080487326274,0.862977725030543,13.901548236609798,14.7644663123916,0.862918075782207,17.1490525916137,18.1212482715355,0.972195679921143,2.1041849180722,2.1041849180722,0.0,0.415729968841391,0.845826918897271,0.430096950055887,0.461489436955338,0.898942678444201,0.437453241489045,1.20629420357547,2.8542095469770903,1.64791534340102,0.342130332938044,1.06046241709048,0.718332084152175,0.0,0.0,0.0,52.01262019869427,53.757389796035746,1
w_r2full_ideal_20_1,34,20,0.75,16.0,-1,NEAR,-1,1,760,1,-1,1,1,1,0.7476620437666059,-2.953240293798065,0.7476620444333095,34.45447036031701,0.75,-16.0,13.9654310070253,14.828410391915,0.862979384889731,12.0412529641732,12.9041904879836,0.862937523806888,17.3052196102256,18.1338522106191,0.828632600388424,2.10418449352877,2.10418449352877,0.0,0.487490050374866,0.9228060830067559,0.43531603263206403,0.3899638285378,0.83658721475472,0.44662338621705294,1.20071031542377,2.85442839455565,1.6537180791316999,0.34213943346186204,1.05865318088755,0.716513747425657,0.0,0.0,0.0,51.88371915948967,53.64311245725115,1
w_r2full_ideal_20_1,35,20,0.75,24.0,1,FAR,1,1,760,1,1,1,1,1,0.747662043809354,4.922067217480008,0.7476620449820754,42.3297778551851,0.75,16.0,12.869468589309701,13.7324075472127,0.8629389578943629,11.7994135941337,12.6623976904157,0.862984096291203,2.11556917603524,2.87664122035897,0.761072044326742,2.1041843211519398,2.1041843211519398,0.0,0.486281380417587,0.9856794774014,0.49939809698384596,0.39177115947328,0.785554549189069,0.39378338971537,1.20171622918983,2.85493815677578,1.65322192758601,0.28794510578008403,0.9183552217765659,0.6304101159962451,0.0,0.0,0.0,35.14892415769165,36.92015818428212,1
w_r2full_ideal_20_1,36,20,0.8,0.0,-1,NEAR,-1,1,760,1,-1,1,1,1,0.7968827157308185,-18.703855388574997,0.796882715758382,18.70385539057007,0.75,24.0,12.6227000725319,13.5312600982489,0.908560025720229,12.4881067672653,13.3967352767392,0.9086285094674009,17.2712551479617,18.0837008985676,0.8124457506077649,1.87343285818808,1.87343285818808,0.0,0.674674972455181,1.1410513009235,0.466376328468203,0.706398254339703,1.17277830126598,0.46638004692619106,1.2068953479946198,2.84802159578602,1.64112624779105,0.343332433513954,1.0597827540217,0.716450320507238,0.0,0.0,0.0,50.7929334815515,53.10676308374098,1
w_r2full_ideal_20_1,37,20,0.8,-24.0,1,FAR,1,1,760,1,-1,-1,1,1,0.7968827158455495,-42.329777992371035,0.7968827162129071,-4.922067201892033,0.8,0.0,11.6302460212553,12.501689516107099,0.871443494851391,12.9279712372366,13.7917870454377,0.863815808197063,2.35585053783131,3.10181442175058,0.745963883929907,1.8703862804457,1.8703862804457,0.0,0.5611006990343029,0.982981665137112,0.42188096610291403,0.687318642024092,1.23138078385566,0.544062141831228,1.20794389391972,2.84180255105684,1.63385865713718,0.287905408229614,0.9183424499961551,0.6304370417661169,0.0,0.0,0.0,35.02582226479407,37.240184713786846,1
w_r2full_ideal_20_1,38,20,0.8,-16.0,-1,NEAR,-1,1,760,1,-1,1,1,1,0.7968827165413925,-34.454470445425045,0.7968827166125461,2.953240321596051,0.8,-24.0,12.2794727197862,13.143384820424,0.863912100639843,13.9560704814115,14.819885266999401,0.863814785583778,17.150551668108,18.121017749843602,0.970466081734111,1.8703864743355398,1.8703864743355398,0.0,0.597970531802655,1.0619280292753202,0.46395749747261794,0.64941615695162,1.1221994967074,0.47278333975574705,1.20740579334812,2.8411231339109704,1.63371734056362,0.343328640309286,1.06042017446932,0.71709153416033,0.0,0.0,0.0,51.856217619982836,54.04034514596556,1
w_r2full_ideal_20_1,39,20,0.8,16.0,-1,NEAR,-1,1,760,1,-1,1,1,1,0.7968827158303045,-2.953240328957052,0.7968827162705185,34.45447044951499,0.8,-16.0,14.0196410219166,14.8835273544342,0.863886332515811,12.073958241539401,12.9377747121338,0.863816470594389,17.3064606211045,18.1331727385918,0.826712117485547,1.87038656380745,1.87038656380745,0.0,0.6768053556317121,1.1478756992313401,0.471070343599503,0.570848202201652,1.0511458889877199,0.480297686785739,1.2073801943032,2.84135358140832,1.63397338710518,0.343326286234162,1.0586168934431202,0.715290607208581,0.0,0.0,0.0,51.72483184381869,53.92385343203775,1
w_r2full_ideal_20_1,40,20,0.8,24.0,1,FAR,1,1,760,1,1,1,1,1,0.7968827158292086,4.922067203043001,0.79688271603336,42.32977797956406,0.8,16.0,12.932977672524899,13.7968134425769,0.863835770059503,11.830625039601701,12.6958747814243,0.8652497418209439,2.11584680661131,2.88116284490488,0.765316038298658,1.87038618672333,1.87038618672333,0.0,0.676325495170125,1.22033879441881,0.544013299248796,0.571911714206682,0.9845353112168069,0.412623597010084,1.20796668133896,2.84186283927914,1.6338961579403102,0.287946572965264,0.918366275010835,0.630419702045106,0.0,0.0,0.0,35.004466369919385,37.209340475555,1
w_r2full_ideal_20_1,41,20,0.85,0.0,-1,NEAR,-1,1,760,1,-1,1,1,1,0.846103387882112,-18.70385544651598,0.846103387882724,18.703855441825958,0.8,24.0,12.6303475719923,13.5388426944121,0.9084951224201491,12.495809283735401,13.4040806119463,0.9082713282175839,17.2711463314843,18.0836121896931,0.812465858207556,1.63962014102224,1.63962014102224,0.0,0.881943538044305,1.37615795699331,0.49421441894915,0.915291201012894,1.40950875136757,0.49421755035471804,1.2067378239698399,2.83886653745947,1.63212871348967,0.34333475080824905,1.05978764635518,0.716452895546745,0.0,0.0,0.0,50.56480982088839,53.35047652924927,1
w_r2full_ideal_20_1,42,20,0.85,-24.0,1,FAR,1,1,760,1,-1,-1,1,1,0.84610338798858,-42.32977810824001,0.8461033879672986,-4.92206721602495,0.85,0.0,11.6336242954787,12.5067711759032,0.873146880417858,12.9449394120582,13.8095194986406,0.86458008658828,2.35593482697593,3.10432525091131,0.748390423949959,1.6365884357318201,1.6365884357318201,0.0,0.7601404089416149,1.19212320321443,0.431982794272823,0.897457264566433,1.47851241677807,0.581055152211578,1.2073415148050402,2.8332716382156597,1.62593012341016,0.287905469255832,0.9183453680459379,0.6304398987899941,0.0,0.0,0.0,34.80882136744853,37.479456987441026,1
w_r2full_ideal_20_1,43,20,0.85,-16.0,-1,NEAR,-1,1,760,1,-1,1,1,1,0.846103387947743,-34.45447055778206,0.846103388816807,2.9532403291200326,0.85,-24.0,12.2836303752276,13.1485060272526,0.864875652024987,13.969254435537,14.833778134740601,0.864523699206323,17.152090829625898,18.1210866003292,0.968995770706173,1.6365882928866,1.6365882928866,0.0,0.799721812351565,1.28990978085805,0.490187968506486,0.8568197293299591,1.35684137664882,0.500021647318619,1.20700833512856,2.83259944442489,1.62559110929592,0.34327561027130904,1.06042247042474,0.717146860153432,0.0,0.0,0.0,51.63298097005863,54.2797321275655,1
w_r2full_ideal_20_1,44,20,0.85,16.0,-1,NEAR,-1,1,760,1,-1,1,1,1,0.846103387996883,-2.953240338469998,0.846103387940366,34.45447055280204,0.85,-16.0,14.032184356290001,14.896842604214,0.864658247923233,12.0781031671466,12.9426098532151,0.8645066860677649,17.308037048558297,18.1332805534805,0.825243504927802,1.63658850383778,1.63658850383778,0.0,0.8856686840099101,1.3845347897254499,0.498866105715348,0.771146911643804,1.2775514357995301,0.506404524155665,1.20698432126258,2.83284288746996,1.62585856620752,0.34145990821561,1.0567181453901,0.7152582371745689,0.0,0.0,0.0,51.49888254760744,54.16096877313242,1
w_r2full_ideal_20_1,45,20,0.85,24.0,1,FAR,1,1,760,1,1,1,1,1,0.846103387804805,4.922067218422033,0.8461033879978335,42.32977811168903,0.85,16.0,12.9499663767391,13.8146010007264,0.8646346239814859,11.834066988884599,12.700915238486301,0.866848249609367,2.11580038046733,2.88335988161663,0.7675595011580859,1.63658821230076,1.63658821230076,0.0,0.885876084736476,1.46690358049043,0.581027495753849,0.771529886175639,1.1940293529492,0.42249946677365596,1.2073639819119701,2.83340028327093,1.62603630135781,0.28794654073405296,0.9183681308627101,0.63042159012844,0.0,0.0,0.0,34.78723274726373,37.44816568070336,1
w_r2full_ideal_20_1,46,20,0.9,0.0,-1,NEAR,-1,1,760,1,-1,1,1,1,0.8953240601470784,-18.703855473437002,0.8953240601540284,18.703855478409025,0.85,24.0,12.6196098233049,13.5282485618639,0.908638738556771,12.4851483255122,13.3933590029861,0.90821067746645,17.2713614184288,18.0840819071838,0.81272048874489,1.40581448804489,1.40581448804489,0.0,1.10889253673659,1.62640045130765,0.517507914570997,1.14397386413384,1.66148413297842,0.517510268844646,1.20167991568193,2.82908264423089,1.6274027285497101,0.34146260465859296,1.05792252921441,0.716459924555699,0.0,0.0,0.0,50.29850913352399,53.58639371781007,1
w_r2full_ideal_20_1,47,20,0.9,-24.0,1,FAR,1,1,760,1,-1,-1,1,1,0.8953240602332585,-42.32977819216299,0.895324060239373,-4.9220672308959434,0.9,0.0,11.6211889661648,12.4951593380032,0.873970371838466,12.9355968623682,13.8006102498898,0.8650133875199889,2.35603450659799,3.10571603735946,0.749681530766251,1.40279049135577,1.40279049135577,0.0,0.978601486094643,1.4162756297399801,0.437674143645542,1.12713901987208,1.7421432051536099,0.615004185280895,1.20215978033066,2.82415665026026,1.62199686992862,0.28790561035050205,0.918348415259118,0.630442804908149,0.0,0.0,0.0,34.54678118212761,37.7052000170212,1
w_r2full_ideal_20_1,48,20,0.9,-16.0,-1,NEAR,-1,1,760,1,-1,1,1,1,0.8953240598486405,-34.45447062252893,0.8953240601720616,2.9532403423210285,0.9,-24.0,12.2715498127719,13.1370307437021,0.8654809309272701,13.957377319652501,14.822421901758998,0.865044582104485,17.1549048967581,18.1219630708461,0.967058174087952,1.40279011249241,1.40279011249241,0.0,1.02097698116306,1.53437943731952,0.5134024561563311,1.08368565752054,1.6064028022099601,0.5227171446896081,1.20188894048514,2.82344368245553,1.6215547419688001,0.341454548576548,1.0585208922901899,0.717066343713954,0.0,0.0,0.0,51.366170403545325,54.50695264307481,1
w_r2full_ideal_20_1,49,20,0.9,16.0,-1,NEAR,-1,1,760,1,-1,1,1,1,0.895324060226016,-2.9532403369340043,0.8953240602297465,34.45447062434703,0.9,-16.0,14.0206269723536,14.886026649461702,0.865399677107747,12.066022070241798,12.930988783527201,0.864966713287183,17.3084712305766,18.132750162355702,0.824278931781501,1.40279007954148,1.40279007954148,0.0,1.11408274051471,1.63622018223244,0.522137441717537,0.990832380546382,1.52033347499341,0.5295010944468229,1.2018872505473899,2.82363638166394,1.62174913111637,0.341459446505591,1.05671498238048,0.7152555358746749,0.0,0.0,0.0,51.232907038930506,54.389460696156355,1
w_r2full_ideal_20_1,50,20,0.9,24.0,1,FAR,1,1,760,1,1,1,1,1,0.8953240602148835,4.922067230590965,0.8953240601752965,42.32977819460704,0.9,16.0,12.9402336622386,13.805357758439,0.8651240962008,11.8217330959011,12.6891762725028,0.867443176608823,2.11583894195768,2.88412542625453,0.768286484297928,1.4027902058624901,1.4027902058624901,0.0,1.1149309102725902,1.72992878493866,0.614997874666075,0.990611336186084,1.4184799346574801,0.42786859847090297,1.20218178474553,2.82419813059172,1.62201634584518,0.28794573281200897,0.9183686294487401,0.630422896636905,0.0,0.0,0.0,34.52401642309928,37.672425142695424,1
w_r2full_ideal_20_1,51,20,0.95,0.0,-1,NEAR,-1,1,760,1,-1,1,1,1,0.9445447325197195,-18.70385549225695,0.9445447325191709,18.70385551018805,0.9,24.0,12.6065113566725,13.5152934293771,0.9087820726965851,12.4718132836789,13.3802666103343,0.908453326655468,17.2713207976526,18.084085225431302,0.812764427774921,1.17201439074079,1.17235780015462,0.00034340941418774896,1.35549349619721,1.8947794678212002,0.53928597162354,1.39244287804978,1.93201413981681,0.539571261766892,1.19519276207632,2.81901081499532,1.62381805291936,0.341466999558925,1.05790676569762,0.71643976613853,0.0,0.0,0.0,50.02892064599026,53.85571425362827,1
w_r2full_ideal_20_1,52,20,0.95,-24.0,1,FAR,1,1,760,1,-1,-1,1,1,0.944544732631186,-42.32977826425199,0.9445447325950216,-4.922067238969041,0.95,0.0,11.606620153884,12.4808871240265,0.874266970140557,12.9235040228621,13.788688678443599,0.8651846555921541,2.35614838713503,3.10675800964149,0.7506096224952911,1.16899242747473,1.16899242747291,8.18520226364575e-19,1.21649784454808,1.66085244342818,0.444354598880109,1.37634376648621,2.02434170854105,0.64799794205437,1.19563938035843,2.81487268314455,1.61923330278619,0.287905084339927,0.9183549731849241,0.6304498888446081,0.0,0.0,0.0,34.27855389591397,37.96374804788321,1
w_r2full_ideal_20_1,53,20,0.95,-16.0,-1,NEAR,-1,1,760,1,-1,1,1,1,0.944544732539234,-34.454470682538044,0.9445447325324086,2.953240345389019,0.95,-24.0,12.2574020715856,13.123119136236301,0.865717064661352,13.9449619432451,14.810196796975102,0.8652348537343021,17.1571366825821,18.1222824773742,0.965145794795416,1.1689919316213,1.1693368909206001,0.000344959299530159,1.26172986131342,1.79657573450782,0.534845873194434,1.3300199778387098,1.87370056227422,0.543680584435535,1.19538349305027,2.81413616904954,1.61875267599954,0.34146265953510196,1.0585254228074399,0.717062763272164,0.0,0.0,0.0,51.09759689336318,54.767873190145224,1
w_r2full_ideal_20_1,54,20,0.95,16.0,-1,NEAR,-1,1,760,1,-1,1,1,1,0.9445447325751051,-2.953240351066033,0.944544732606523,34.454470684330055,0.95,-16.0,14.007972356557,14.873595676099601,0.865623319546979,12.051848134787699,12.9170653112555,0.865217176467273,17.3091250582195,18.1322932721103,0.8231682138922449,1.16899193618329,1.1693368965108601,0.00034496032443654203,1.36205103068309,1.9055863505017898,0.5435353198188441,1.22995523464559,1.78078815439848,0.5508329197531899,1.19538257708858,2.81430971613234,1.61892713904366,0.341459692207405,1.05668272210121,0.715223029894077,0.0,0.0,0.0,50.96328359420981,54.649658099110084,1
w_r2full_ideal_20_1,55,20,0.95,24.0,1,FAR,1,1,760,1,1,1,1,1,0.9445447326154075,4.9220672402550125,0.9445447326004446,42.32977826814499,0.95,16.0,12.927890589680601,13.793190485547202,0.8652998958749181,11.8071643551219,12.674949904173701,0.8677855490540071,2.11585614303816,2.88450324739209,0.768647104355244,1.16899217719663,1.16899217719554,-1.9259299443872402e-19,1.36348286034074,2.01151118892272,0.6480283285817531,1.2291619846347002,1.66341979039729,0.434257805762211,1.19564275320572,2.81489049334478,1.61924774013885,0.287945287467971,0.9183721714575609,0.630426883989382,0.0,0.0,0.0,34.25489847911087,37.92982945843088,1
w_r2full_ideal_20_1,56,20,1.0,0.0,-1,NEAR,-1,1,760,1,-1,1,1,1,0.9937654049713416,-18.703855547837044,0.9937654050137961,18.703855592968054,0.95,24.0,12.6049796654356,13.513768256783,0.908788591344059,12.470382263323799,13.378639087382,0.908256824061877,17.271026164607697,18.0838609634184,0.812834798807469,0.938216256542072,0.939843970814743,0.00162771427188281,1.6216871942817899,2.18144364548303,0.559756451201597,1.66059614984629,2.22065313209961,0.5600569822533861,1.1882504073317999,2.80876902871898,1.62051862138756,0.34146292226311,1.05788354837073,0.7164206261073169,0.0,0.0,0.0,49.782764855487855,54.1848616330705,1
w_r2full_ideal_20_1,57,20,1.0,-24.0,1,FAR,1,1,760,1,-1,-1,1,1,0.993765405010027,-42.32977832616602,0.9937654050025835,-4.922067246907025,1.0,0.0,11.6013078564397,12.4756061005389,0.874298244084901,12.9286534160956,13.7938997891047,0.865246373025082,2.35621585049874,3.10805760224609,0.751841751749171,0.935194285414584,0.935654818227616,0.000460532812750736,1.47385130219711,1.9264267514228801,0.45257544922578,1.6450504479475299,2.32576249540279,0.680712047455134,1.18873531333482,2.80582722286473,1.61709190952946,0.28790550322728603,0.9183552003750219,0.630449697147098,0.0,0.0,0.0,34.03740073335706,38.28958998018273,1
w_r2full_ideal_20_1,58,20,1.0,-16.0,-1,NEAR,-1,1,760,1,-1,1,1,1,0.9937654049846909,-34.454470729237904,0.9937654047502744,2.95324034401101,1.0,-24.0,12.2531661797778,13.1189641846771,0.8657980049069349,13.9502530013627,14.8154748918824,0.865221890513985,17.1605500615124,18.1222615897124,0.9617115282088341,0.935194070714692,0.936824017491341,0.0016299467775629602,1.52198923014135,2.07735412408321,0.555364893942256,1.5958466157037998,2.15980020638351,0.5639535906803,1.1884600226807,2.80512552633403,1.61666550365351,0.341289409674716,1.05833656234313,0.717047152668678,0.0,0.0,0.0,50.8569867724404,55.094141102907116,1
w_r2full_ideal_20_1,59,20,1.0,16.0,-1,NEAR,-1,1,760,1,-1,1,1,1,0.993765405008779,-2.953240345668018,0.9937654050096985,34.45447073534291,1.0,-16.0,14.0126180002337,14.878500681634,0.86588268140836,12.0474761400126,12.912716013990199,0.86523987397923,17.3099561618514,18.131977419080002,0.8220212572194,0.935194052337136,0.936824000040198,0.00162994770635076,1.6295458087605201,2.19349312689498,0.5639473181342319,1.48854560445918,2.05977449594578,0.571228891486582,1.18842975578578,2.80518894035746,1.61675918457121,0.341464279017344,1.05665680774526,0.7151925287280859,0.0,0.0,0.0,50.721863862847115,54.975131485687875,1
w_r2full_ideal_20_1,60,20,1.0,24.0,1,FAR,1,1,760,1,1,1,1,1,0.9937654050017031,4.9220672474280525,0.9937654045000575,42.329778335885024,1.0,16.0,12.9329771601395,13.7983521239395,0.865374963799028,11.8020163990401,12.6699686665538,0.867952267516374,2.1154008130387396,2.88482406453793,0.769423251497221,0.935194276943077,0.935654865999265,0.00046058905890169105,1.6315353260166499,2.31227758847776,0.680742262461415,1.48719349557373,1.9296163906399602,0.442422895067901,1.1887352551721,2.8057942304500503,1.6170589752792701,0.289883729565544,0.920314461022522,0.6304307314569401,0.0,0.0,0.0,34.01490841250307,38.25680239162079,1
w_r2full_ideal_20_1,61,20,1.05,0.0,-1,NEAR,-1,1,760,1,-1,1,1,1,1.04298607748292,-18.703855574959903,1.042986077447625,18.70385564832988,1.0,24.0,12.631935250325899,13.540758200518098,0.9088229501973709,12.497547123093801,13.405831499225,0.908284376134653,17.272444005435702,18.083541956370503,0.811097950943387,0.704419297756879,0.707887007026074,0.0034677092679226197,1.90739365095959,2.48684515747367,0.5794515065139121,1.9483054056049203,2.5280717034762796,0.5797662978707789,1.18126195845606,2.79875117085814,1.61748921240052,0.341296226882251,1.05768842664588,0.716392199763741,0.0,0.0,0.0,49.5944582606437,54.609375121593644,1
w_r2full_ideal_20_1,62,20,1.05,-24.0,1,FAR,1,1,760,1,-1,-1,1,1,1.04298607754098,-42.3297783816401,1.0429860775387199,-4.922067257300045,1.05,0.0,11.6171818863135,12.4915534188094,0.87437153249554,12.976666929507699,13.8419057527577,0.8652388232575939,2.35578568604067,3.10995494133671,0.7541692552942489,0.701395874197802,0.703274513243119,0.0018786390457529198,1.7506650563625799,2.21006434376752,0.459399287404873,1.9332339182720402,2.64658422438327,0.7133503061104319,1.18173096223143,2.79699282565758,1.61526186342622,0.28984415887172504,0.9203001286349479,0.6304559697618001,0.0,0.0,0.0,33.86398158043946,38.720630148590246,1
w_r2full_ideal_20_1,63,20,1.05,-16.0,-1,NEAR,-1,1,760,1,-1,1,1,1,1.0429860772458,-34.45447143493996,1.0429860774600002,2.9532403594199064,1.05,-24.0,12.2721536258406,13.137975080605601,0.865821454750028,13.995917042800698,14.8611391648017,0.865222122001759,17.159921530562503,18.121893911988803,0.961972381436602,0.701395893478648,0.704866153414722,0.00347025993525422,1.8017197200434698,2.3768489846114003,0.575129264568923,1.8811379003736401,2.46472419070791,0.583586290335391,1.1814509580136199,2.79636715714629,1.61491619913214,0.34146051314751297,1.05848241428069,0.717021901132614,0.0,0.0,0.0,50.68072388223781,55.52229705755712,1
w_r2full_ideal_20_1,64,20,1.05,16.0,-1,NEAR,-1,1,760,1,-1,1,1,1,1.0429860775951099,-2.9532403538798935,1.04298607753174,34.4544707776,1.05,-16.0,14.0589210790869,14.924510243125802,0.865589164035193,12.06657986809,12.9318089171779,0.865229049076761,17.3128383206449,18.131902893513,0.8190645728604531,0.701395884341973,0.704866139646765,0.00347025530606289,1.91652331899412,2.50010306417293,0.5835797451788389,1.76659107838507,2.35744420333032,0.5908531249457271,1.18142956656577,2.79642975773892,1.61500019117352,0.341293650184215,1.05643011909662,0.7151364689130469,0.0,0.0,0.0,50.545948070299005,55.403495337802255,1
w_r2full_ideal_20_1,65,20,1.05,24.0,1,FAR,1,1,760,1,1,1,1,1,1.0429860775286501,4.922067257820073,1.04298607760408,42.329778391560154,1.05,16.0,12.981143671653001,13.8465093427793,0.865365671129153,11.8180211579844,12.6858576363499,0.8678364783646461,2.11560176733013,2.8872390798654104,0.771637312531723,0.701396118562147,0.70327511353075,0.00187899496759711,1.91906148708567,2.63242967733659,0.713368190250528,1.7646922624829902,2.21419929218403,0.449507029699712,1.18172620343764,2.79694138049083,1.6152151770529501,0.289885109742249,0.9203243806057501,0.630439270862191,0.0,0.0,0.0,33.84014693362194,38.68677590314255,1
w_r2full_ideal_20_1,66,20,1.1,0.0,-1,NEAR,-1,1,760,1,-1,1,1,1,1.09220674994581,-18.703855582500097,1.092206750037475,18.70385571309008,1.05,24.0,12.7049861354572,13.613935272483301,0.9089491370188909,12.5703181272906,13.479274223363399,0.908956096078391,17.2703385957218,18.0829174488636,0.812578853129714,0.47062253362792394,0.476456688721004,0.00583415509113633,2.21259653230822,2.81102686307464,0.598430330766188,2.25553209042558,2.8542915860383,0.598759495612947,1.17422302063947,2.78903383436788,1.6148108137275499,0.341469456962427,1.05783013516191,0.7163606782001299,0.0,0.0,0.0,49.4994476029611,55.164766052074036,1
w_r2full_ideal_20_1,67,20,1.1,-24.0,1,FAR,1,1,760,1,-1,-1,1,1,1.0922067500632902,-42.329778402560024,1.0922067499685149,-4.922067260250129,1.1,0.0,11.6654128447228,12.5397067564079,0.8742939116795471,13.0973086946046,13.962567256039401,0.8652585614374639,2.35581233541772,3.1144484157163,0.758636080302109,0.467597921226382,0.47147404972585005,0.00387612850184346,2.04698091898887,2.51179838565093,0.46481746666163903,2.24093233545333,2.98682812543965,0.7458957899863671,1.1747001388871898,2.78779135492133,1.61309121603502,0.289844146343963,0.920302416475385,0.630458270130535,0.0,0.0,0.0,33.796290249286166,39.29491676037674,1
w_r2full_ideal_20_1,68,20,1.1,-16.0,-1,NEAR,-1,1,760,1,-1,1,1,1,1.092206749818585,-34.454471241569976,1.0922067500635149,2.953240363529952,1.1,-24.0,12.326936166077,13.192722401936601,0.8657862358560591,14.1105579710048,14.9757677906738,0.865209819683933,17.1612541832305,18.1209844808903,0.959730297648303,0.46759770941447804,0.47343468791268195,0.00583697849531014,2.10093391192864,2.6951230826840598,0.594189170754809,2.1859106620372803,2.78841629270567,0.602505630668629,1.1744235470122,2.78713786973665,1.6127143227249199,0.341300759299234,1.05821778504116,0.716917025741859,0.0,0.0,0.0,50.60826501619119,56.09180439158092,1
w_r2full_ideal_20_1,69,20,1.1,16.0,-1,NEAR,-1,1,760,1,-1,1,1,1,1.0922067499953299,-2.95324034530009,1.092206750125435,34.45447079922981,1.1,-16.0,14.1735700980044,15.0392013143743,0.865631216359957,12.1213412776489,12.9865627553758,0.86522147771389,17.314603677160502,18.1325017710905,0.817898093927134,0.467597731540878,0.47343471058977,0.0058369790483871,2.22298732719102,2.82548681758336,0.602499490392343,2.0641176038738402,2.67387373587947,0.6097561320063021,1.17442188909592,2.78721318337502,1.61279129427881,0.341311965696518,1.05635981374192,0.715047848045742,0.0,0.0,0.0,50.47527354854731,55.974634102010135,1
w_r2full_ideal_20_1,70,20,1.1,24.0,1,FAR,1,1,760,1,1,1,1,1,1.09220674997492,4.922067259560015,1.092206750069735,42.329778408550126,1.1,16.0,13.1021674145834,13.9675195713332,0.8653521567628091,11.866108588752601,12.734082514530801,0.867973925774524,2.11578351364041,2.89281809496061,0.7770345813178879,0.467597906912987,0.47147478114743296,0.0038768742354168997,2.22606637097671,2.97200235336183,0.745935982384745,2.06167222560696,2.51696537418378,0.455293148577086,1.17469945024763,2.78772784399309,1.61302839374485,0.289885142193459,0.92032788412334,0.630442741928934,0.0,0.0,0.0,33.773950690088476,39.26291841763408,1
w_r2full_ideal_20_1,71,20,1.15,0.0,-1,NEAR,-1,1,760,1,-1,1,1,1,1.14142742252591,-18.70385558929999,1.141427422614585,18.703855801549985,1.1,24.0,12.8150167855721,13.724033611170501,0.9090168255989081,12.680467795587202,13.5889441119573,0.908476316369134,17.2714258244423,18.0819368430953,0.810511018645581,0.236825666175154,0.24570753961713002,0.00888187344088828,2.53728384790054,3.15398194810684,0.616698100206662,2.58224841916153,3.19929015781697,0.617041738655536,1.1672054061769,2.7787966888042703,1.61159128262731,0.341296062369784,1.05760776232256,0.71631169995318,0.0,0.0,0.0,49.47702655696706,55.83029866289087,1
w_r2full_ideal_20_1,72,20,1.15,-24.0,1,FAR,1,1,760,1,-1,-1,1,1,1.14142742258556,-42.32977841901997,1.14142742258736,-4.922067263160024,1.15,0.0,11.745052547654,12.6193344353655,0.87428188772,13.265683863047299,14.1309611261431,0.865277263081109,2.35584070789408,3.11991969423065,0.764078986337313,0.233799736966271,0.240355338846985,0.00655560188300337,2.36277001985433,2.83164676248516,0.46887674263100904,2.568098186636,3.34649779084541,0.778399604209976,1.16767640165007,2.7777328193031,1.61005641765451,0.289843975230885,0.9203027817840719,0.63045880655229,0.0,0.0,0.0,33.808606195673406,39.986750749003974,1
w_r2full_ideal_20_1,73,20,1.15,-16.0,-1,NEAR,-1,1,760,1,-1,1,1,1,1.141427422147065,-34.4544710941701,1.14142742253173,2.9532403605201374,1.15,-24.0,12.4150517086769,13.2808201227718,0.865768414096167,14.267487610331099,15.132702667655598,0.865215057345465,17.160148174671598,18.1195331895131,0.959385014842052,0.23379957019279599,0.24268451826223097,0.00888494807162222,2.41963248410354,3.032175232952,0.612542748847595,2.51016922874744,3.1309064778786997,0.620737249131899,1.1673974471988,2.7770789208357702,1.60968147363722,0.341291037080318,1.05808941851864,0.7167983814380381,0.0,0.0,0.0,50.61090883755714,56.77399054838784,1
w_r2full_ideal_20_1,74,20,1.15,16.0,-1,NEAR,-1,1,760,1,-1,1,1,1,1.1414274224928151,-2.9532406062100502,1.1414274226600498,34.454470813080064,1.15,-16.0,14.330080039917398,15.1957038503663,0.865623810451674,12.209358800446699,13.0745708150286,0.865212014574304,17.3169119237033,18.133271420685798,0.8163594969698961,0.23379958554100003,0.242684527846879,0.008884942308573,2.54893213566441,3.16966821749056,0.6207360818270921,2.38112949605705,3.00905133628738,0.627921840230349,1.16739622787423,2.77712034023965,1.60972411236487,0.341295438285671,1.0561887499533,0.714893311667225,0.0,0.0,0.0,50.479539704120526,56.658259257898465,1
w_r2full_ideal_20_1,75,20,1.15,24.0,1,FAR,1,1,760,1,1,1,1,1,1.141427422567755,4.92206726088984,1.14142742259787,42.329778420940215,1.15,16.0,13.2712165970269,14.1366075588191,0.865390961787644,11.9456898566447,12.8135330747556,0.867843218108217,2.11633649414858,2.90003957556957,0.783703081413228,0.23379972567632099,0.240356456970607,0.00655673129647053,2.5525579034567,3.3310029060176203,0.778445002562851,2.37813541214213,2.83792806150216,0.45979264935892405,1.16767550507383,2.77772721322779,1.61005170815382,0.289884228161072,0.9203355009028891,0.630451272743193,0.0,0.0,0.0,33.78859938024556,39.95753034776534,1
w_r2full_ideal_20_1,76,20,1.16,0.0,-1,NEAR,-1,1,760,1,-1,1,1,1,1.1512715569735699,-18.70385583599998,1.1512715570160799,18.70385536093999,1.15,24.0,12.8735476421545,13.7476208095249,0.874073167372636,12.7389772515289,13.612507550777499,0.87353029925101,17.2712625153757,18.081697948110698,0.810435432742665,0.187645267663066,0.19731771335466,0.00967244569116674,2.52744839737306,3.1473934668042,0.619945069430323,2.5739338478354803,3.19394867613112,0.620014828296206,1.16579392579655,2.77681963830642,1.61102571251007,0.34128971160787996,1.05758303555267,0.716293323944482,0.0,0.0,0.0,49.473546695626844,55.81488883856216,1
w_r2full_ideal_20_1,77,20,1.16,-24.0,1,FAR,1,1,760,1,-1,-1,1,1,1.15127155718277,-42.32977842176,1.15127155711702,-4.922067262380203,1.16,0.0,11.763347415411001,12.637702833147,0.874355417744377,13.2999951747978,14.1652073228787,0.865212148061938,2.3558441566271497,3.12094367392042,0.765099517300182,0.18704009850679001,0.194311432404636,0.00727133389998353,2.4282661460055,2.8977918703273198,0.469525724322321,2.63586882415105,3.42076875850741,0.78489993435663,1.1662714967244001,2.77578165330273,1.60951015657771,0.289843944096843,0.9203046898471041,0.6304607457502871,0.0,0.0,0.0,33.81425160550059,40.13281223433531,1
w_r2full_ideal_20_1,78,20,1.16,-16.0,-1,NEAR,-1,1,760,1,-1,1,1,1,1.1512715570502752,-34.45447107123001,1.151271557159825,2.953240365950016,1.16,-24.0,12.434837728818799,13.3006075069055,0.865769778073124,14.2986410239894,15.163845037022101,0.865204013030726,17.160000969877398,18.119254097201,0.959253127306378,0.187039936082501,0.196715507021054,0.00967557094080185,2.48570955601526,3.10183822590143,0.616128669886807,2.5773589852036998,3.20166098075225,0.624301995549515,1.16599312571318,2.77506374672738,1.60907062101358,0.341288514184053,1.05806579810672,0.716777283922288,0.0,0.0,0.0,50.613551692983755,56.91705089963744,1
w_r2full_ideal_20_1,79,20,1.16,16.0,-1,NEAR,-1,1,760,1,-1,1,1,1,1.1512715572097,-2.9532403502001703,1.151271557114715,34.4544708108101,1.16,-16.0,14.361124874905702,15.226754396192,0.865629521295327,12.229163869628499,13.0943713730059,0.8652075033844491,17.3174272036078,18.1334662927613,0.81603908914333,0.18703994734339602,0.19671550610865102,0.00967555876576909,2.61645777186135,3.2407582057318898,0.624300433871652,2.44687019669284,3.07833162125023,0.631461424557431,1.16599104697896,2.77515949878197,1.60916845180344,0.341293213729407,1.0561525665434,0.714859352812802,0.0,0.0,0.0,50.48261963339322,56.801709460375335,1
w_r2full_ideal_20_1,80,20,1.16,24.0,1,FAR,1,1,760,1,1,1,1,1,1.151271557096085,4.922067261989849,1.151271557114985,42.32977842208996,1.16,16.0,13.3024360891729,14.1687124363848,0.866276347210503,11.9608440220394,12.829643447296199,0.8687994252733701,2.11746773113356,2.90241905499488,0.784951323867649,0.18703996557355498,0.19431248915631802,0.00727252358281669,2.62018634371056,3.40514018317233,0.784953839461002,2.44375916331064,2.90430848660458,0.460549323295224,1.17899457057363,2.7884855050974298,1.60949093452498,0.286378570496561,0.916834197315998,0.63045562681903,0.0,0.0,0.0,33.800407130245624,40.10985580002253,1
w_r2full_ideal_20_2,1,20,1.17,0.0,-1,NEAR,-1,1,760,1,-1,1,1,1,1.1611156912741198,-18.70385558088006,1.1611156912778702,18.703855581019944,0.6,0,12.3844470388452,13.7595106920264,1.3750636531809899,12.2500805008912,13.6245520987995,1.37447159790864,17.3160173275416,18.121767692307102,0.805750364765814,0.174988560779226,0.18554274736625898,0.010554186587045301,3.5469209860735202,4.170432147206401,0.62351116113285,3.54692077141538,4.17043237036159,0.623511598946305,1.18278859567224,2.78340423328885,1.60061563761661,0.340817958656267,1.05882549375237,0.7180075350960999,0.0,0.0,0.0,49.53360295754048,57.87446747510847,1
w_r2full_ideal_20_2,2,20,1.17,-24.0,1,FAR,1,1,760,1,-1,-1,1,1,1.1611156916924,-42.3297784202401,1.161115691673245,-4.92206726578992,1.17,0.0,11.7749153815887,12.646420671942,0.871505290353692,13.3264668672154,14.1889095493902,0.862442682173922,2.35690404791763,3.11951544591173,0.762611397994022,0.140280384374516,0.148357857458322,0.00807747308382011,2.49453751771327,2.96467789378397,0.470140376070651,2.70441322864299,3.49583012365787,0.7914168950149341,1.18289260133635,2.78246648899392,1.59957388765756,0.285915191445618,0.9179359158341569,0.632020724388563,0.0,0.0,0.0,33.80360592953033,40.26411394697217,1
w_r2full_ideal_20_2,3,20,1.17,-16.0,-1,NEAR,-1,1,760,1,-1,1,1,1,1.16111569169627,-34.45447079961994,1.161115691623025,2.953240357689957,1.17,-24.0,12.4529454157529,13.3156548822553,0.862709466502088,14.3274216993061,15.189550360098401,0.8621286607922,17.1620305818858,18.1192952347088,0.95726465282287,0.140280305011662,0.150837524232384,0.010557219220675599,2.55256595175324,3.17226662656302,0.619700674809749,2.64532804824428,3.27318492021088,0.627856871966734,1.18156186531815,2.78135621682299,1.59979435150486,0.34029177671038796,1.05879295663202,0.718501179921601,0.0,0.0,0.0,50.615487174749894,57.0609387215238,1
w_r2full_ideal_20_2,4,20,1.17,16.0,-1,NEAR,-1,1,760,1,-1,1,1,1,1.1611156916701848,-2.9532403462300127,1.16111569167323,34.45447080773989,1.17,-16.0,14.3896403581317,15.2522130413208,0.862572683189676,12.2470852639283,13.1092143119978,0.862129048070034,17.3198245065784,18.1335978662248,0.813773359645667,0.14028032287921,0.150837539154837,0.010557216275604601,2.68476331948145,3.31261929665975,0.627855977178441,2.51339110709154,3.14837513527941,0.634984028187879,1.1823103291583898,2.7814376994864802,1.59912737032814,0.341009477277409,1.05719023346509,0.71618075618773,0.0,0.0,0.0,50.48449069164981,56.945485123588966,1
w_r2full_ideal_20_2,5,20,1.17,24.0,1,FAR,1,1,760,1,1,1,1,1,1.16111569167106,4.922067261379892,1.161115691716275,42.32977843287,1.17,16.0,13.3367309558997,14.1997299470026,0.862998991102872,11.9799318370368,12.8455193562572,0.86558751921931,2.12133537815115,2.9039474380159,0.782612059864291,0.140280595840511,0.148359179292386,0.00807858345190392,2.68861816666386,3.48007520503059,0.791457038366677,2.51018546458858,2.9714389230128697,0.461253458424402,1.18261453258639,2.78310697068939,1.60049243810308,0.286641258850591,0.918361233997622,0.631719975147044,0.0,0.0,0.0,33.799024125255094,40.25053825329855,1
w_r2full_ideal_20_2,6,20,1.175,0.0,-1,NEAR,-1,1,760,1,-1,1,1,1,1.166037758961985,-18.70385559561005,1.16603775901273,18.703855588699803,1.17,24.0,12.9102819717787,13.777677499623799,0.8673955278440211,12.7757383213967,13.6426038979771,0.86686557658002,17.2731782716546,18.081640269392,0.80846199773712,0.11720331032590899,0.128234645661802,0.0110313353359309,2.61892318022272,3.24523914204604,0.6263159618235,2.66615252438136,3.29142409435033,0.625271569969084,1.1811135062431202,2.78334334847667,1.60222984223359,0.34101647168615,1.0587211363268698,0.717704664640746,0.0,0.0,0.0,49.47222079745824,56.00888403385461,1
w_r2full_ideal_20_2,7,20,1.175,-24.0,1,FAR,1,1,760,1,-1,-1,1,1,1.166037758697865,-42.329778434389894,1.166037758635445,-4.922067263949836,1.175,0.0,11.788387202813599,12.6610797401892,0.872692537375931,13.3473608338021,14.210249111041101,0.862888277239684,2.36109114776821,3.1235166860606403,0.7624255382930459,0.11690076901928799,0.12541724005513402,0.00851647103580723,2.52797994997344,2.99838066149957,0.470400711526278,2.7389932590479797,3.53363942282523,0.794646163777247,1.1814024831813301,2.78218745164423,1.60078496846297,0.28584445790478696,0.917913154615378,0.632068696710385,0.0,0.0,0.0,33.82036338360568,40.35238346793048,1
w_r2full_ideal_20_2,8,20,1.175,-16.0,-1,NEAR,-1,1,760,1,-1,1,1,1,1.166037758981465,-34.45447080764996,1.166037758884515,2.9532403552701147,1.175,-24.0,12.4625973161553,13.3260338079545,0.8634364917965159,14.3419740156158,15.204865470978298,0.862891455363297,17.162564231175903,18.1191217933693,0.9565575621933979,0.116900601350866,0.127935104428428,0.011034503077503999,2.58629339025769,3.2077540398571,0.6214606495995709,2.67961199850801,3.30922041236549,0.629608413857544,1.17931513035888,2.7814352790808803,1.60212014872206,0.340950016697118,1.0590865522372,0.718136535539991,0.0,0.0,0.0,50.618478008048605,57.135452460271196,1
w_r2full_ideal_20_2,9,20,1.175,16.0,-1,NEAR,-1,1,760,1,-1,1,1,1,1.16603775892697,-2.9532403470000634,1.1660377589333,34.45447080801989,1.175,-16.0,14.4052701362243,15.267677187475298,0.862407051251732,12.2577876341996,13.119776649502601,0.86198901530181,17.3207021442406,18.1337884490024,0.8130863047612,0.11690054807602299,0.127935044129944,0.0110344960540262,2.71921062330755,3.34881795194525,0.629607328637392,2.5469464759357,3.1836642659787997,0.636717790042944,1.17917869713612,2.7813822045557,1.60220350741961,0.341100739256342,1.05732901336433,0.716228274107994,0.0,0.0,0.0,50.48788854803027,57.02037076595432,1
w_r2full_ideal_20_2,10,20,1.175,24.0,1,FAR,1,1,760,1,1,1,1,1,1.166037758958605,4.922067259669927,1.16603775901693,42.32977843399999,1.175,16.0,13.3539276268149,14.2172881345095,0.863360507694107,11.989945072033,12.8557778795475,0.865832807513319,2.121981816476,2.90445168191293,0.7824698654364061,0.116900628622295,0.12541831086219302,0.00851768223989483,2.72310874044205,3.51780210549813,0.794693365055974,2.5436738855028698,3.0052467321726,0.46157284666975495,1.1775968527790102,2.7801622723187798,1.60256541953977,0.285885806830344,0.917944233357966,0.6320584265276831,0.0,0.0,0.0,33.80104251250887,40.3240913501796,1
w_r2full_ideal_20_2,11,20,1.178,0.0,-1,NEAR,-1,1,760,1,-1,1,1,1,1.16899099931482,-18.703855585580076,1.16899099933591,18.703855576100104,1.175,24.0,12.9196481154488,13.7856892915599,0.86604117611335,12.785075957950601,13.6505824522075,0.8655064942559519,17.273320497793097,18.081127144055102,0.8078066462622361,0.103054204426014,0.114385743644608,0.0113315392186183,2.63539638073008,3.2656229010645603,0.6302265203340219,2.68280163796898,3.30911869606645,0.6263170580970799,1.1766949039322598,2.78073327991008,1.60403837597784,0.341851940144475,1.05929872190621,0.7174467817617219,0.0,0.0,0.0,49.4718166332834,56.04655823041441,1
w_r2full_ideal_20_2,12,20,1.178,-24.0,1,FAR,1,1,760,1,-1,-1,1,1,1.1689909993331251,-42.32977841912988,1.168990999301845,-4.922067253930074,1.178,0.0,11.7949678504126,12.6672733105312,0.8723054601187461,13.3578141683323,14.221062077715098,0.8632479093809501,2.36092845037272,3.123646975897,0.762718525522878,0.102872741234325,0.111666536612856,0.00879379537851426,2.54812339517043,3.01868533384778,0.470561938677995,2.75981834334356,3.5564133476565196,0.79659500431269,1.17717613712714,2.77975174196762,1.60257560484065,0.28626850829283096,0.917910838267087,0.631642329974138,0.0,0.0,0.0,33.821311480990865,40.39641016249516,1
w_r2full_ideal_20_2,13,20,1.178,-16.0,-1,NEAR,-1,1,760,1,-1,1,1,1,1.168990999336965,-34.45447080768993,1.16899099923972,2.953240356919906,1.178,-24.0,12.4686621254449,13.3324858826582,0.863823757212672,14.3509526452422,15.214196387129498,0.863243741888144,17.161884353711102,18.1184411148152,0.9565567611057431,0.10287259060170499,0.11420731949039699,0.0113347288887021,2.60661171322142,3.22913331050082,0.6225215972796311,2.70026403361858,3.33092656040989,0.630662526791544,1.17689602862679,2.77899647536954,1.60210044674271,0.341845820345189,1.05976642481791,0.717920604472738,0.0,0.0,0.0,50.618093604280745,57.17815347519146,1
w_r2full_ideal_20_2,14,20,1.178,16.0,-1,NEAR,-1,1,760,1,-1,1,1,1,1.1689909993328151,-2.953240360249909,1.16899099925707,34.45447081696007,1.178,-16.0,14.413637674695801,15.2772910335378,0.86365335884186,12.2629325011075,13.126178778852001,0.863246277744648,17.3205503778648,18.133580246264,0.8130298683997711,0.102872598982002,0.11420732130875501,0.0113347223267193,2.73996703841019,3.37062864010427,0.630661601694332,2.56716791981261,3.20493064721638,0.637762727403838,1.1768947522762598,2.7790834640213,1.60218871174495,0.341853569439851,1.05785037337889,0.715996803938843,0.0,0.0,0.0,50.48819121736275,57.0637505046834,1
w_r2full_ideal_20_2,15,20,1.178,24.0,1,FAR,1,1,760,1,1,1,1,1,1.1689909993132601,4.922067261279972,1.16899099937838,42.32977843399999,1.178,16.0,13.3617719612669,14.227102505061099,0.865330543794584,11.9935451794704,12.8613360758546,0.867790896385389,2.12180505888042,2.90461148954547,0.782806430665883,0.102872847180889,0.11166784419706699,0.008794997016178962,2.74390911508597,3.5405512962957797,0.79664218121047,2.56387254584964,3.02563876148846,0.461766215639235,1.1773955257829,2.7799530391982903,1.60255751341536,0.286469565939137,0.9181082431892419,0.631638677250187,0.0,0.0,0.0,33.802779197045766,40.368969254830006,1
w_r2full_ideal_20_2,16,20,1.18,0.0,-1,NEAR,-1,1,760,1,-1,1,1,1,1.1709598262613,-18.703855857340024,1.170959826231655,18.70385558988996,1.178,24.0,12.9231591964762,13.7903145757826,0.867155379309189,12.788554731422,13.6551755113915,0.86662077996328,17.273403547457598,18.0812012305588,0.807797683098877,0.0936418530179634,0.105178813850951,0.0115369608330147,2.64708124945757,3.2795846470624,0.6325033976044879,2.69459443867067,3.32161501468496,0.6270205760138851,1.17663465362175,2.78066674306814,1.60403208944628,0.34185279118274603,1.05930500065121,0.7174522094685589,0.0,0.0,0.0,49.4718418753032,56.07304153705056,1
w_r2full_ideal_20_2,17,20,1.18,-24.0,1,FAR,1,1,760,1,-1,-1,1,1,1.1709598262461451,-42.32977841906993,1.170959826165615,-4.9220672685501565,1.18,0.0,11.7966721347084,12.6709494171637,0.874277282455434,13.3623987425931,14.2276091457388,0.865210403149027,2.36085083492146,3.1237517779852597,0.76290094306388,0.0935209277516421,0.102504706542285,0.008983778790597599,2.56160362902274,3.03227010918526,0.470666480162936,2.77375358582617,3.5716471649818904,0.797893579155751,1.17711552817222,2.77968374558981,1.60256821741774,0.286428597239601,0.918070783307692,0.631642186067745,0.0,0.0,0.0,33.822569576327545,40.4264868504947,1
w_r2full_ideal_20_2,18,20,1.18,-16.0,-1,NEAR,-1,1,760,1,-1,1,1,1,1.1709598258557299,-34.454471028339874,1.170959826170015,2.9532403570300403,1.18,-24.0,12.470640725321001,13.3364207709294,0.865780045607769,14.354660538312299,15.2199102762381,0.865249737923005,17.1600884469531,18.1186257413085,0.9585372943545659,0.0935207738963724,0.10506092881667699,0.0115401549203308,2.62020812300702,3.24343595547446,0.623227832467903,2.71408268443467,3.34544704441648,0.631364359982566,1.17683577451071,2.77893092081591,1.60209514630514,0.34201541597704,1.05993153843024,0.717916122452954,0.0,0.0,0.0,50.61888017653882,57.207763176429765,1
w_r2full_ideal_20_2,19,20,1.18,16.0,-1,NEAR,-1,1,760,1,-1,1,1,1,1.170959826235695,-2.953240357610021,1.1709598261737448,34.454470812889994,1.18,-16.0,14.416699336339601,15.282357640151398,0.865658303813631,12.2642184885107,13.1294351173366,0.865216628826237,17.316543349411102,18.1336959733142,0.817152623902247,0.09352083124928261,0.10506097733505,0.0115401460857059,2.75385603356884,3.38521921264116,0.631363179070739,2.58070027323888,3.21915849347695,0.638458220237495,1.17940620848128,2.77901321222154,1.59960700374013,0.342139277918998,1.05817501296897,0.716035735050033,0.0,0.0,0.0,50.48773793332776,57.092115639445865,1
w_r2full_ideal_20_2,20,20,1.18,24.0,1,FAR,1,1,760,1,1,1,1,1,1.17095982621814,4.92206726165989,1.170959826296375,42.32977843484997,1.18,16.0,13.367474869167701,14.232880209543499,0.865405340375855,11.9965042425639,12.864298984972299,0.8677947424066981,2.11757440200058,2.90484797760549,0.787273575604054,0.0935209665757195,0.102505936293162,0.00898496971746083,2.75781340548601,3.5557546030223297,0.797941197537019,2.5773754965906996,3.03926787372732,0.46189237713666603,1.17968672548782,2.7796943719518503,1.60000764646411,0.286762055152601,0.9183985026454281,0.6316364474928989,0.0,0.0,0.0,33.80262598301173,40.39764845976138,1
w_r2full_ideal_20_2,21,20,1.185,0.0,-1,NEAR,-1,1,760,1,-1,1,1,1,1.1758818933718,-18.703855584859987,1.175881893490915,18.703855571210013,1.18,24.0,12.931433004492701,13.801159826144099,0.869726821653366,12.7968064414676,13.666000244177201,0.869193802707399,17.2691579327977,18.0810230086917,0.811865075894046,0.0704437673348994,0.0825167303166916,0.0120729629817772,2.68739256149906,3.31709451022363,0.629701948724128,2.73502434081278,3.3637978360257,0.628773495212294,1.1774970652649699,2.78265928064364,1.60516221537864,0.34213771589166597,1.05958278576308,0.7174450698714441,0.0,0.0,0.0,49.47294187573642,56.15383422198575,1
w_r2full_ideal_20_2,22,20,1.185,-24.0,1,FAR,1,1,760,1,-1,-1,1,1,1.17588189354126,-42.32977842280006,1.1758818935471052,-4.922067256529994,1.185,0.0,11.8054612909305,12.6798027280323,0.874341437100505,13.3777930901727,14.243008231392801,0.865215141220485,2.35670963993778,3.12420570317091,0.767496063234013,0.0701412208045914,0.0796224017997032,0.00948118099504424,2.5954305690134998,3.06634856628718,0.470917997274145,2.80871704553012,3.60985690494457,0.8011398594158909,1.1779790161471402,2.78166639795181,1.60368738180444,0.286720702148249,0.918364197612085,0.631643495463574,0.0,0.0,0.0,33.826669659959606,40.50287513119136,1
w_r2full_ideal_20_2,23,20,1.185,-16.0,-1,NEAR,-1,1,760,1,-1,1,1,1,1.175881893380075,-34.454471016330146,1.17588189347324,2.953240345219932,1.185,-24.0,12.4809243560859,13.346734024761899,0.865809668676994,14.369426954993099,15.234640090016999,0.8652131350232319,17.157942809914097,18.118484815003598,0.9605420050837071,0.070141042702597,0.0822172257551478,0.012076183052518601,2.65432431016875,3.27931323754994,0.624988927379962,2.74875481494271,3.38186826152539,0.633113446583995,1.17384124550759,2.77705974116953,1.60321849566167,0.342138714733473,1.06003070447923,0.717891989745799,0.0,0.0,0.0,50.6191666011864,57.28034810026173,1
w_r2full_ideal_20_2,24,20,1.185,16.0,-1,NEAR,-1,1,760,1,-1,1,1,1,1.175881893143875,-2.9532403469900714,1.17588189355593,34.454470823700014,1.185,-16.0,14.432199413582701,15.2978273468816,0.8656279332991109,12.275359259014401,13.1406100304463,0.865250771433166,17.316775314751702,18.133706191579403,0.816930876825327,0.0701410779978401,0.0822172543146405,0.0120761763167275,2.78869419101086,3.42180678185147,0.633112590839126,2.61464682768952,3.25483854618506,0.640191718495467,1.17385622713384,2.77715608225088,1.60329985511707,0.342138933007382,1.0581029473052699,0.715964014298189,0.0,0.0,0.0,50.48961985277809,57.16626518081463,1
w_r2full_ideal_20_2,25,20,1.185,24.0,1,FAR,1,1,760,1,1,1,1,1,1.175881893524255,4.922067248290141,1.175881893545045,42.32977842264995,1.185,16.0,13.3846762545959,14.2500303427304,0.865354088138265,12.0069312835086,12.8747884780223,0.86785719451022,2.1178641642979197,2.90544986925516,0.78758570496081,0.0701412199922547,0.07962349234354531,0.00948227235135592,2.79270829024145,3.59389254052022,0.801184250279118,2.61126687865497,3.07346368915921,0.462196810504965,1.17412360897361,2.77780018150183,1.60367657252781,0.286763133054949,0.91840095247997,0.631637819425193,0.0,0.0,0.0,33.806093316333204,40.47344954601264,1
w_r2full_ideal_20_2,26,20,1.188,0.0,-1,NEAR,-1,1,760,1,-1,1,1,1,1.1788351338121652,-18.70385556619003,1.17883513384153,18.703855576720052,1.185,24.0,12.9409651162839,13.808969298271801,0.868004181987062,12.8063658577479,13.6738351360177,0.867469278268076,17.2692130531617,18.081061058815102,0.811848005655212,0.056294797907159806,0.0687073984286529,0.0124126005214259,2.70407487150641,3.3376529922717997,0.633578120765664,2.75188226575666,3.38170383922418,0.629821573468169,1.17323383069205,2.77840488913378,1.60517105844151,0.342137145765005,1.05960584491579,0.717468699150852,0.0,0.0,0.0,49.470583625582826,56.189940457078805,1
w_r2full_ideal_20_2,27,20,1.188,-24.0,1,FAR,1,1,760,1,-1,-1,1,1,1.178835133895915,-42.329778423890076,1.1788351339042449,-4.92206725434996,1.188,0.0,11.8120582575097,12.6863356931488,0.874277435637164,13.3882991253427,14.253579762834102,0.865280637499429,2.3567159968507303,3.12447286486902,0.76775686802238,0.056113326944389294,0.0659105771408819,0.00979725019649838,2.6158162661528603,3.08687859991919,0.471062333765634,2.8297842634546,3.63287106255081,0.803086799096934,1.1737168825951898,2.7773960819489703,1.60367919935407,0.286720638361343,0.918363853834467,0.631643215473482,0.0,0.0,0.0,33.826058833776244,40.545808496246245,1
w_r2full_ideal_20_2,28,20,1.188,-16.0,-1,NEAR,-1,1,760,1,-1,1,1,1,1.1788351337252951,-34.45447101381016,1.178835133843,2.953240348919861,1.188,-24.0,12.4869482010619,13.3527440156248,0.865795814564297,14.377867074611398,15.2431051673501,0.865238092736307,17.1579131262277,18.118419273704898,0.9605061474692409,0.0561131823331684,0.0685290027604355,0.0124158204273164,2.6748847677885403,3.30092676305232,0.626041995264025,2.76965005319631,3.40380988344691,0.634159830248147,1.17343635819174,2.7766466463086696,1.60321028811721,0.34213806599463803,1.06001291218835,0.717874846193883,0.0,0.0,0.0,50.61945701793725,57.32419366443648,1
w_r2full_ideal_20_2,29,20,1.188,16.0,-1,NEAR,-1,1,760,1,-1,1,1,1,1.1788351335011948,-2.953240350149988,1.1788351337983598,34.45447080985997,1.188,-16.0,14.440766153453701,15.3064093332898,0.8656431798373899,12.2812514668669,13.1464884349545,0.865236968091851,17.3169322992166,18.133759109854697,0.816826810638698,0.056113187160406294,0.0685290028969455,0.012415815736426,2.80968791727726,3.44384702555984,0.6341591082839689,2.63510575239066,3.2763339190825302,0.64122816669093,1.17343420330897,2.77673132010812,1.6032971167988799,0.34213904104137,1.0581029002039002,0.715963859162571,0.0,0.0,0.0,50.49002010130796,57.210201045950335,1
w_r2full_ideal_20_2,30,20,1.188,24.0,1,FAR,1,1,760,1,1,1,1,1,1.1788351338422252,4.922067261669882,1.17883513390037,42.329778422359965,1.188,16.0,13.394340054746,14.2597634461046,0.86542339135683,12.0126211598847,12.8804182875077,0.86779712762381,2.11789970731291,2.90581116858595,0.787911461271022,0.056113341546906,0.0659116128076223,0.00979827126066974,2.81373626822985,3.61686864358944,0.8031323753598679,2.63169307011231,3.0940680860584,0.462375015946123,1.17371545649649,2.77737633386645,1.60366087737022,0.28676314277508197,0.9184013028549991,0.6316381600799791,0.0,0.0,0.0,33.80768215172732,40.51861888137516,1
w_r2full_ideal_20_2,31,20,1.19,0.0,-1,NEAR,-1,1,760,1,-1,1,1,1,1.180803960707965,-18.70385557266996,1.1808039607039449,18.703855577989927,1.188,24.0,12.946296901859,13.813462695488798,0.867165793631484,12.811684964374601,13.6783487241535,0.866663759774463,17.2690534820964,18.080891603282502,0.811838121187181,0.0468823304822591,0.059529864997027206,0.0126475345147099,2.7158916965510302,3.3517534084431,0.635861711891423,2.76380705005685,3.39432601299271,0.6305189629360051,1.17295234804562,2.77812287471115,1.60517052666626,0.342135617499378,1.0596043557866601,0.717468738287128,0.0,0.0,0.0,49.469960118419635,56.216039539855444,1
w_r2full_ideal_20_2,32,20,1.19,-16.0,-1,NEAR,-1,1,760,1,-1,1,1,1,1.18080396080096,-34.45447080948006,1.18080396084868,2.953240361120102,1.19,0.0,12.4193154969034,13.2850933763359,0.865777879431664,14.315318972962,15.180570440089298,0.865251467122111,17.3092792701075,18.1386466089966,0.829367338886572,0.0467612628838338,0.059412028560782,0.0126507656769874,2.66477746476555,3.2937519709280902,0.628974506161731,2.80773608438157,3.44259313047424,0.6348570460942871,1.17315436604552,2.77641509762522,1.60326073157958,0.342223436952596,1.05940902211735,0.717185585164891,0.0,0.0,0.0,50.49954657372515,57.235891675127476,1
w_r2full_ideal_20_2,33,20,1.19,16.0,-1,NEAR,-1,1,760,1,-1,1,1,1,1.18080396071346,-2.9532403484799907,1.18080396074561,34.45447082177999,1.19,-16.0,14.4479004628484,15.313554902514598,0.865654439666501,12.2867596361573,13.1519822771862,0.865222641023275,17.3170146352859,18.1337911057939,0.816776470505683,0.0467611666081906,0.0594119215176204,0.0126507549094331,2.8237171462909503,3.45857274067877,0.634855594388586,2.64877824783466,3.29069567826061,0.641917430425118,1.16757225528806,2.77643981095969,1.60886755567165,0.342138652315674,1.05808637788783,0.715947725572261,0.0,0.0,0.0,50.49326639585984,57.24253481479922,1
w_r2full_ideal_20_2,34,20,1.195,0.0,-1,NEAR,-1,1,760,1,-1,1,1,1,1.18572602790013,-18.703855765859867,1.18572602793677,18.703855417659952,1.19,16.0,12.9550111175034,13.8247356816844,0.869724564188422,12.8205184363519,13.6897144569255,0.86919602056448,17.312182036326,18.1201258545884,0.807943818264035,0.0236840567202971,0.0369611534413855,0.0132770967211341,2.76468241830214,3.39694060310922,0.6322581848065449,2.79670480964151,3.4289633741242,0.6322585644832199,1.1666678155013799,2.77752278888181,1.61085497337994,0.342138474697111,1.05987175450558,0.717733279809017,0.0,0.0,0.0,49.508931690027076,56.3348356672605,1
w_r2full_ideal_20_2,35,20,1.2,0.0,-1,NEAR,-1,1,760,1,-1,1,1,1,1.1906480950061251,-18.703855578569907,1.19064809531199,18.703855578320105,1.195,0.0,12.9676143295322,13.837364904548101,0.869750575010844,12.8331101982448,13.7023387214679,0.869228523220863,17.311842055331798,18.1197532582338,0.807911202901086,0.000304094813586328,0.014585128983051998,0.014281034169415499,2.81573536487166,3.44972684090206,0.633991476029853,2.8157353748857,3.44972707909032,0.633991704203783,1.16016849539614,2.77114587034938,1.61097737495332,0.343330357541684,1.05985809029996,0.716527732758345,0.0,0.0,0.0,49.50504597388219,56.40449989387457,1
w_r2full_ideal_40_0,1,40,0,0.0,-1,NEAR,-1,1,760,1,-1,1,1,1,0.018416851936427496,-36.833601306322,0.018416851935766133,36.83360130651074,0.6,0,13.3099732266385,14.1680780310936,0.858104804454988,13.1758087318718,14.0326842642078,0.856875532335799,17.3181219534343,18.1224013995452,0.8042794461111731,10.9755908219479,10.9755908219479,0.0,-0.219976921980003,4.46182307966046e-05,0.220021540210798,-0.219976851689493,4.4618227951084704e-05,0.220021469917447,1.12269309081382,2.86309517791203,1.74040208709818,0.34081941513596803,1.05856742602712,0.7177480108911101,0.0,0.0,0.0,61.22041712073365,61.2205063571924,1
w_r2full_ideal_40_0,2,40,0.005,0.0,-1,NEAR,-1,1,760,1,-1,1,1,1,0.023263376261294582,-36.83360004388824,0.023263376272771655,36.83360004425909,0,0.0,12.652931532073499,13.516110618126799,0.863179086053089,12.5188386456744,13.3808564834326,0.862017837758283,17.3146810229504,18.1187000336898,0.804019010739514,11.004662054552,11.004662054552,0.0,-0.0225705159830205,0.00270692100906108,0.0252774369920781,-0.022570516239683598,0.0027069221233358897,0.025277438363012498,1.12335682318292,2.8643645415957,1.74100771841285,0.340859076152635,1.05871814804345,0.717859071890791,0.0,0.0,0.0,59.94341187944035,59.94882572257275,1
w_r2full_ideal_40_0,3,40,0.01,0.0,-1,NEAR,-1,1,760,1,-1,1,1,1,0.02810990258372446,-36.83360007689328,0.028109902595110526,36.833600077287954,0.005,0.0,12.619836571945,13.4826822714207,0.862845699476137,12.4855354346345,13.347230033352199,0.8616945987179829,17.3189077332901,18.1228095345191,0.803901801228705,10.958620013564401,10.958620013564401,0.0,-0.044973073363336405,0.00543691319050317,0.0504099865538349,-0.0449730721104983,0.0054369156405736,0.0504099877510733,1.12167719493896,2.8638970455906,1.74221985065162,0.340516873964956,1.05840073560188,0.7178838616368549,0.0,0.0,0.0,59.83363963404888,59.84451346287995,1
w_r2full_ideal_40_0,4,40,0.012,0.0,-1,NEAR,-1,1,760,1,-1,1,1,1,0.0300485142196409,-36.833598832970395,0.0300485136264408,36.833600089813594,0.01,0.0,12.6093068914767,13.4690940479418,0.8597871564643901,12.474924013314,13.3335525082317,0.8586284949177411,17.3186958758481,18.1228586594976,0.804162783648534,10.9398291236231,10.9398291236231,0.0,-0.054014736607146806,0.00653519014981522,0.0605499267569562,-0.0540147367266618,0.00653519334136964,0.0605499300680357,1.12244090870846,2.86414101497911,1.7417001062706,0.34100924908589497,1.05878413904603,0.7177748899601071,0.0,0.0,0.0,59.78825949331934,59.80132987681052,1
w_r2full_ideal_40_0,5,40,0.015,0.0,-1,NEAR,-1,1,760,1,-1,1,1,1,0.0329564294197406,-36.833600108926404,0.0329564294364275,36.83360010990761,0.012,0.0,12.5877167294427,13.4492243467226,0.8615076172795301,12.4534865267856,13.313890593758401,0.860404066974089,17.3184443569422,18.1226133550675,0.804168998125281,10.912328869517001,10.912328869517001,0.0,-0.0671264640799536,0.008189138518683099,0.07531560259863619,-0.06712646447948489,0.00818914239648887,0.07531560687597309,1.12211483480008,2.86544108403411,1.7433262492341899,0.341043196667746,1.05877157851965,0.717728381851952,0.0,0.0,0.0,59.722269827619265,59.738648108534434,1
w_r2full_ideal_40_0,6,40,0.02,0.0,-1,NEAR,-1,1,760,1,-1,1,1,1,0.037802955698012855,-36.8336001411061,0.03780295573859575,36.833600142688894,0.015,0.0,12.5532438577945,13.4168137531652,0.8635698953707389,12.419010623567301,13.2814412837102,0.862430660142447,17.318493283854302,18.122868939032,0.804375655178403,10.8665362990838,10.8665362990838,0.0,-0.0886269938623267,0.010962856756668,0.0995898506189988,-0.0886269715886011,0.0109628623871576,0.0995898339757539,1.12212889407413,2.86592158114485,1.7437926870707,0.340977761986081,1.05879935649919,0.7178215945130649,0.0,0.0,0.0,59.61238121263524,59.63430693177907,1
w_r2full_ideal_40_0,7,40,0.02,-36.0,-1,NEAR,-1,1,760,1,-1,1,1,1,0.037802955839482046,-71.72858974776032,0.03780295575423985,1.9386105323937057,0.02,0.0,12.0605840075427,12.9194049020788,0.858820894536282,14.547225422825601,15.404894862900502,0.857669440075117,17.3429628726138,18.146233994939,0.803271122327496,10.865912657358399,10.865912657358399,0.0,-0.0102384137418018,0.00109161525240166,0.0113300289942206,-0.162053494561866,0.0211357253384603,0.183189219900305,1.12193606288963,2.86314933369112,1.74121327080161,0.340725010266708,1.05828253997803,0.717557529711281,0.0,0.0,0.0,61.25787829094585,61.280105631536706,1
w_r2full_ideal_40_0,8,40,0.02,36.0,-1,NEAR,-1,1,760,1,-1,1,1,1,0.037802955755740206,-1.9386105363910013,0.03780295583424878,71.72858972766305,0.02,-36.0,14.664047434545,15.522861393355798,0.8588139588128221,11.9266276521594,12.7843025151245,0.857674862965237,17.3106019030261,18.1484184387964,0.837816535771184,10.8659127789645,10.8659127789645,0.0,-0.16057646774882,0.0216408917597408,0.18221735950855,-0.011647586673669101,0.00109161615516589,0.0127392028288233,1.1219372190794001,2.8631182785629403,1.7411810594836301,0.340914612164481,1.05674040591847,0.7158257937539909,0.0,0.0,0.0,61.24135381072261,61.26408631863751,1
w_r2full_ideal_40_0,9,40,0.022,0.0,-1,NEAR,-1,1,760,1,-1,1,1,1,0.03974156627490455,-36.833600148536306,0.0397415663343065,36.8336001576742,0.02,36.0,12.5443467652142,13.4048603686362,0.860513603420725,12.4101027717095,13.2694965387557,0.859393767046674,17.3195578208631,18.1233897800598,0.803831959197661,10.8477454455707,10.8477454455707,0.0,-0.0990537556298321,0.0120779235388906,0.111131679168702,-0.09612112154405679,0.012216098547234601,0.108337220091273,1.1201229619025102,2.8658849200632903,1.74576195816077,0.34093458372680896,1.05891163219514,0.7179770484682709,0.0,0.0,0.0,59.57028868528083,59.59458270736695,1
w_r2full_ideal_40_0,10,40,0.022,-44.0,1,FAR,1,1,760,1,-1,-1,1,1,0.0397415663461761,-79.48303190297818,0.039741566163144254,-5.8158316038475,0.022,0.0,11.5511807502868,12.4260463646245,0.8748656143384289,13.205876240237,14.0622709292231,0.856394688987074,2.36015572377358,3.09099680635391,0.730841082578629,10.8474957424663,10.8474957424663,0.0,-0.00126815467183096,7.338086359975871e-07,0.0012688884804694198,-0.18531845010556602,0.024760322460987503,0.210078772566549,1.11818928654314,2.8604061932067,1.74221690666366,0.28584555641128,0.9178568400218069,0.6320112836102949,0.0,0.0,0.0,44.20507287589632,44.22983393216594,1
w_r2full_ideal_40_0,11,40,0.022,-36.0,-1,NEAR,-1,1,760,1,-1,1,1,1,0.03974156636383344,-71.72858976681212,0.03974156626360635,1.9386105449466993,0.022,-44.0,12.1221921126541,12.9813585796766,0.859166467023562,14.5859228428351,15.443935592535,0.8580127497018221,17.1287197620212,18.1152873904524,0.986567628430363,10.8474959358762,10.8474959358762,0.0,-0.0180918918413565,0.00218674065733811,0.0202786324986805,-0.172356831047403,0.0220357523988837,0.194392583446298,1.11822634606767,2.86144289832726,1.7432165522593899,0.341858382539951,1.05932661143293,0.717468228893009,0.0,0.0,0.0,61.30884700830039,61.33306950135661,1
w_r2full_ideal_40_0,12,40,0.022,36.0,-1,NEAR,-1,1,760,1,-1,1,1,1,0.03974156621165905,-1.9386105368889017,0.0397415662590005,71.728589764831,0.022,-36.0,14.6423807118264,15.501549957332902,0.859169245508258,11.9168197730698,12.774837497933099,0.858017724863213,17.3099472506906,18.1479452915511,0.837998040859043,10.847495869502099,10.847495869502099,0.0,-0.16846425065379,0.0228412212336645,0.191305471887457,-0.0208875910926777,0.00218674868722751,0.0230743397799185,1.1182175478684901,2.86143827018326,1.7432207223146599,0.341866403297488,1.05745495462935,0.715588551331834,0.0,0.0,0.0,61.19072184113181,61.2157498110527,1
w_r2full_ideal_40_0,13,40,0.022,44.0,1,FAR,1,1,760,1,1,1,1,1,0.039741566900368855,5.815832918436299,0.03974156588824377,79.48303190956086,0.022,36.0,13.2139062008038,14.0719979329172,0.8580917321145479,11.750345653232399,12.6115778262174,0.861232172983692,2.11998093509012,2.88005994687793,0.760079011788582,10.8474956541665,10.8474956541665,0.0,-0.187252049408107,0.024297432423389,0.211549481831486,-0.00019185261588718802,6.19297102536502e-08,0.000191914545595371,1.1182171332353898,2.86046985507322,1.74225272183776,0.286470457711806,0.9180388465388671,0.631568388827055,0.0,0.0,0.0,44.18964006179112,44.21393755614422,1
w_r2full_ideal_40_0,14,40,0.025,0.0,-1,NEAR,-1,1,760,1,-1,1,1,1,0.04264948185915355,-36.833600203473495,0.0426494815936184,36.833600169669,0.022,44.0,12.525711215186801,13.387558410553,0.8618471953671,12.3913886691727,13.2521149817526,0.860726312580076,17.2761488945401,18.083947866677,0.80779897213614,10.8202449249066,10.8202449249066,0.0,-0.11218963869498,0.0137569394686342,0.12594657816362,-0.108425744848944,0.014003174978332398,0.12242891982728299,1.11822048737628,2.86425668581177,1.7460361984352901,0.341853996292607,1.0591680182466199,0.717314021954125,0.0,0.0,0.0,59.46729088794759,59.49505100239456,1
w_r2full_ideal_40_0,15,40,0.025,-44.0,1,FAR,1,1,760,1,-1,-1,1,1,0.042649482048679146,-79.4830319439563,0.04264948196507705,-5.815831606855698,0.025,0.0,11.535658268343001,12.4118299176341,0.8761716492914581,13.1746683478764,14.0323070005172,0.857638652639109,2.35996430134515,3.09018432463775,0.730220023290849,10.8198705389211,10.8198705389211,0.0,-0.015125078749496902,0.00163962108573474,0.0167646998352399,-0.19692284948220898,0.0265185779341886,0.22344142741642,1.1183240534140901,2.86085448078095,1.74253042736679,0.28642964842679497,0.918021078665415,0.631591430238263,0.0,0.0,0.0,44.13306734115651,44.16122554017644,1
w_r2full_ideal_40_0,16,40,0.025,-36.0,-1,NEAR,-1,1,760,1,-1,1,1,1,0.042649482679007825,-71.72858855674755,0.04264948206277505,1.9386105435081,0.025,-44.0,12.105401017719501,12.966529511739399,0.861128494021404,14.551795531905801,15.4117630502561,0.859967518349072,17.128835911414498,18.1155195043295,0.986683592913022,10.8198709713076,10.8198709713076,0.0,-0.0316306023916444,0.0038359168170200297,0.0354665192086849,-0.184279020449678,0.023742311872058,0.208021332321757,1.11845344504288,2.86198664211236,1.74353319706947,0.34185731088695104,1.05934638233695,0.7174890714500081,0.0,0.0,0.0,61.23501606208191,61.262594290770984,1
w_r2full_ideal_40_0,17,40,0.025,36.0,-1,NEAR,-1,1,760,1,-1,1,1,1,0.0426494820132929,-1.938610537867598,0.04264948205987358,71.72858980191485,0.025,-36.0,14.6081955302659,15.469313939766602,0.861118409501094,11.9000102662328,12.7599926963402,0.859982430108873,17.3092123303168,18.1474796897777,0.838267359460117,10.819870913491,10.819870913491,0.0,-0.180180399131806,0.024647947852845298,0.204828346984634,-0.034632427947113596,0.0038359309185757905,0.0384683588657185,1.1184462741233299,2.86197061947586,1.7435243453526,0.34185826364815397,1.0575054908830501,0.715647227234948,0.0,0.0,0.0,61.11613334973441,61.14461722850584,1
w_r2full_ideal_40_0,18,40,0.025,44.0,1,FAR,1,1,760,1,1,1,1,1,0.042649482704776295,5.815832926830404,0.042649481688621045,79.4830319508535,0.025,36.0,13.1817653357673,14.0418284744383,0.860063138673064,11.734124356929199,12.5973738261109,0.863249469181335,2.11591947649668,2.87922101558836,0.763301539092968,10.81987069451,10.81987069451,0.0,-0.198948865256717,0.026012788519209,0.224961653775916,-0.0139560036742294,0.0016396208280210801,0.015595624502201602,1.11844148977685,2.86104574514702,1.7426042553704901,0.286762997037693,0.918331516586562,0.631568519548823,0.0,0.0,0.0,44.117671272381145,44.14532368172838,1
w_r2full_ideal_40_0,19,40,0.03,0.0,-1,NEAR,-1,1,760,1,-1,1,1,1,0.04749600821139485,-36.833600250580695,0.0474960078853371,36.833600196536004,0.025,44.0,12.4914140595738,13.3573056741685,0.865891614594976,12.3571595259401,13.221913490014,0.864753964077589,17.2724697396682,18.0843127199011,0.811842980232905,10.774452526510201,10.774452526510201,0.0,-0.133030043341011,0.0165711044090708,0.149601147750049,-0.12898258999949502,0.0169392146719148,0.145921804671388,1.1184494838658,2.86496604272713,1.74651655886111,0.342139364619991,1.05947373473081,0.717334370110737,0.0,0.0,0.0,59.36242418805174,59.39593450713273,1
w_r2full_ideal_40_0,20,40,0.03,-44.0,1,FAR,1,1,760,1,-1,-1,1,1,0.04749600848386189,-79.48303201146503,0.047496008305499146,-5.815831611812296,0.03,0.0,11.5098568786958,12.3879159133294,0.878059034635005,13.1235751084201,13.9831978299691,0.859622721553306,2.35577618053323,3.0898960657592,0.734119885222988,10.7738289431516,10.7738289431516,0.0,-0.0379129112265376,0.00438940748876097,0.042302318715263,-0.215956016443891,0.029465243842180498,0.24542126028605302,1.1211226138380301,2.86152761942749,1.7404050055891,0.28672389836252,0.918318780669336,0.631594882306635,0.0,0.0,0.0,44.01468515230612,44.04853980363706,1
w_r2full_ideal_40_0,21,40,0.03,-36.0,-1,NEAR,-1,1,760,1,-1,1,1,1,0.04749600911341935,-71.7285886132511,0.0474960084021483,1.9386105452127989,0.03,-44.0,12.0805330701019,12.9416674341857,0.861134364083122,14.4987899506365,15.3588309355042,0.860040984865859,17.125066787596502,18.115938927970298,0.990872140373234,10.7738291020173,10.7738291020173,0.0,-0.053888181018790296,0.00660140553506176,0.0604895865538051,-0.203842638269886,0.0266012593061451,0.23044389757604003,1.12103620361641,2.86246207235958,1.74142586874325,0.342140120843127,1.0596824343712299,0.717542313528122,0.0,0.0,0.0,61.11241090640831,61.14561357124952,1
w_r2full_ideal_40_0,22,40,0.03,36.0,-1,NEAR,-1,1,760,1,-1,1,1,1,0.047496008253480146,-1.938610539569903,0.0474960079042009,71.72858986533501,0.03,-36.0,14.555752675730002,15.416895779828,0.861143104101311,11.8754393627623,12.7354452874719,0.86000592470915,17.3040934100671,18.1468956115122,0.8428022014467039,10.773829139001,10.773829139001,0.0,-0.199400528956096,0.0276752011646355,0.22707573012073098,-0.05723348590859981,0.00660142596204515,0.0638349118706618,1.1200263614060701,2.86514936906993,1.74512300766381,0.342144346684014,1.0578274221733301,0.715683075489164,0.0,0.0,0.0,60.99604260905636,61.03031923618304,1
w_r2full_ideal_40_0,23,40,0.03,44.0,1,FAR,1,1,760,1,1,1,1,1,0.0474960090480114,5.815832940874399,0.04749600847857507,79.48303201866088,0.03,36.0,13.1326892472634,13.9927558285896,0.860066581324604,11.7106757595652,12.5738778039873,0.863202044427289,2.1158755824702897,2.87785835811907,0.761982775648584,10.7738291250573,10.7738291250573,0.0,-0.21813645918056201,0.028886421536795402,0.247022880717351,-0.0365892188108961,0.00438935836288404,0.0409785771737886,1.12003511732522,2.8642035841423703,1.74416846681687,0.286762922393557,0.9183313975174311,0.631568475123749,0.0,0.0,0.0,44.00085609741307,44.03413187731275,1
w_r2full_ideal_40_0,24,40,0.04,0.0,-1,NEAR,-1,1,760,1,-1,1,1,1,0.0571890604368884,-36.8336002985742,0.0571890609939376,36.8336002603554,0.03,44.0,12.4295764861689,13.300628602445599,0.8710521162806409,12.2952522366738,13.165220403827199,0.869968167148534,17.2728746315744,18.0850070943174,0.8121324627478921,10.6829921476002,10.6829921476002,0.0,-0.173341676467063,0.022255770314405798,0.195597446781461,-0.168774297885564,0.022963448999388698,0.19173774688492398,1.11620863883902,2.86455711782473,1.74834847898557,0.342139404667463,1.05951081076222,0.717371406094798,0.0,0.0,0.0,59.15791617677735,59.20313539609115,1
w_r2full_ideal_40_0,25,40,0.04,-44.0,1,FAR,1,1,760,1,-1,-1,1,1,0.057189061071383294,-79.4830321443102,0.057189060505374895,-5.815831620758598,0.04,0.0,11.467154489863,12.3450748070948,0.877920317230253,13.0336388222227,13.8933004430724,0.8596616208539171,2.3552990702521903,3.08820101726677,0.732901947017614,10.6817450624103,10.6817450624103,0.0,-0.0823374403843789,0.00994988937110679,0.0922873297554632,-0.25287215097710797,0.0354142115083505,0.288286362485435,1.1163345324736,2.86131108437279,1.74497655189974,0.28672384122966,0.9183176130163859,0.631593771786169,0.0,0.0,0.0,43.78795002723345,43.83331412811291,1
w_r2full_ideal_40_0,26,40,0.04,-36.0,-1,NEAR,-1,1,760,1,-1,1,1,1,0.0571890612784843,-71.7285887030996,0.0571890610873529,1.9386105476486004,0.04,-44.0,12.0359760789421,12.8970954876135,0.861119408672828,14.4019760646226,15.2620088517025,0.860032787081746,17.1257961871315,18.116901084417,0.9911048972869821,10.681745228168602,10.681745228168602,0.0,-0.0972522614948655,0.012192659985657899,0.10944492148056201,-0.2418189136019,0.0323718831495561,0.27419079675144,1.1162192672575202,2.8621948872395597,1.74597561998155,0.34214063913866,1.0597662576229299,0.717625618484113,0.0,0.0,0.0,60.87971179676409,60.92427633989931,1
w_r2full_ideal_40_0,27,40,0.04,36.0,-1,NEAR,-1,1,760,1,-1,1,1,1,0.05718906104364335,-1.9386105427555007,0.0571890605768217,71.72858998346659,0.04,-36.0,14.459126097591799,15.320272113155,0.861146015562816,11.8305149366691,12.6904902121343,0.85997527546742,17.302308180622997,18.1458784439339,0.843570263315485,10.6817451497734,10.6817451497734,0.0,-0.23669033359997502,0.0337877684891183,0.270478102089034,-0.101284520644103,0.0121926958924742,0.113477216536591,1.1162050923564,2.8621814966315,1.74597640427453,0.34214369228791497,1.05792212720573,0.715778434917747,0.0,0.0,0.0,60.75848954283383,60.80447000721542,1
w_r2full_ideal_40_0,28,40,0.04,44.0,1,FAR,1,1,760,1,1,1,1,1,0.057189061211636846,5.815832984519105,0.05718906068427175,79.4830321511433,0.04,36.0,13.0419001670154,13.9019621916811,0.860062024662225,11.667598790715001,12.5307818877378,0.863183097014348,2.1156979212015,2.8753412213444802,0.759643300140827,10.6817451377663,10.6817451377663,0.0,-0.255361717890815,0.0346853596585846,0.290047077549428,-0.0807046397210886,0.00994980443152842,0.09065444415267661,1.11621823573521,2.86128710785606,1.74506887212072,0.286762998479365,0.9183343747808249,0.6315713763013789,0.0,0.0,0.0,43.76945192116657,43.81408708525668,1
w_r2full_ideal_40_0,29,40,0.05,0.0,-1,NEAR,-1,1,760,1,-1,1,1,1,0.066882113132697,-36.833600358038595,0.0668821132308123,36.833600319355405,0.04,44.0,12.3761305322787,13.2471783965564,0.8710478642821841,12.2417786281043,13.111737413912499,0.8699587858101451,17.2733132533638,18.085614389727002,0.812301136363201,10.5909080857052,10.5909080857052,0.0,-0.212683194068704,0.028010302285477497,0.24069349635417897,-0.207360468096956,0.0289953487643494,0.23635581686134602,1.1162334331641801,2.86529250668456,1.74905907352041,0.342136445353832,1.0595480353797702,0.71741159002584,0.0,0.0,0.0,58.96027882796543,59.01728447901526,1
w_r2full_ideal_40_0,30,40,0.05,-44.0,1,FAR,1,1,760,1,-1,-1,1,1,0.06688211377662075,-79.48303227385651,0.06688211374755651,-5.815831630647403,0.05,0.0,11.4254515301441,12.303278553907301,0.877827023762433,12.9492735706232,13.808922959908,0.859649389277672,2.35625572491561,3.08579061197769,0.729534887062333,10.5896610276299,10.5896610276299,0.0,-0.12522720795824,0.0155861810196957,0.140813388977888,-0.288253911244404,0.0414332993277008,0.329687210572073,1.11632022086921,2.86215531203503,1.74583509116565,0.28671919858684397,0.918316334604388,0.631597136017905,0.0,0.0,0.0,43.56812480006231,43.6251442804097,1
w_r2full_ideal_40_0,31,40,0.05,-36.0,-1,NEAR,-1,1,760,1,-1,1,1,1,0.0668821144236154,-71.7285888165592,0.06688211378275816,1.938610550796707,0.05,-44.0,11.9928002976949,12.8539219980229,0.861121700332005,14.3119514496281,15.171935156116701,0.8599837064883641,17.1263722781652,18.117743800767,0.991371522596996,10.5896612398284,10.5896612398284,0.0,-0.139081661367275,0.0178589963834771,0.156940657750701,-0.278260572325177,0.038207746822719296,0.31646831914794,1.11624251290851,2.86297218774117,1.7467296748330001,0.342136618604905,1.05985058379647,0.7177139651921249,0.0,0.0,0.0,60.65608496627264,60.71215170947883,1
w_r2full_ideal_40_0,32,40,0.05,36.0,-1,NEAR,-1,1,760,1,-1,1,1,1,0.0668821136500096,-1.938610545534597,0.0668821138515606,71.72859010107881,0.05,-36.0,14.3693829317484,15.230508190822201,0.861125259072175,11.787383026480601,12.6473673924189,0.859984365938916,17.3005104079584,18.145679187720802,0.8451687797606781,10.5896611917215,10.5896611917215,0.0,-0.272445510057102,0.0399730939000595,0.312418603957104,-0.143800646011277,0.017859160817353798,0.161659806828642,1.1162378160106299,2.86296405000552,1.74672623399507,0.34214454782384995,1.05801614400321,0.715871596179809,0.0,0.0,0.0,60.53419615669213,60.592028411409544,1
w_r2full_ideal_40_0,33,40,0.05,44.0,1,FAR,1,1,760,1,1,1,1,1,0.0668821143674661,5.815833001082196,0.0668821133641758,79.4830322810524,0.05,36.0,12.957045399835401,13.8171410019051,0.860095602067785,11.6260992815539,12.4892775093517,0.86317822779508,2.11574360886368,2.8730440415008,0.757300432630308,10.589661146045,10.589661146045,0.0,-0.291052240313805,0.0405485316125817,0.33160077192640103,-0.123285265789952,0.01558617712575,0.138871442915674,1.1162344266339,2.86209990342644,1.74586547679255,0.286759382699519,0.918334315865335,0.631574933166019,0.0,0.0,0.0,43.54955791809437,43.6056926268327,1
w_r2full_ideal_40_0,34,40,0.1,0.0,-1,NEAR,-1,1,760,1,-1,1,1,1,0.11534737747947935,-36.83360059595731,0.11534737749385554,36.83360061716488,0.05,44.0,12.1167148365289,13.0294880792261,0.912773242702358,11.9826119175322,12.8941952796668,0.911583362128635,17.2760481836123,18.0880244958585,0.8119763122395299,10.1354740700188,10.1354740700188,0.0,-0.377994586259815,0.0595776247524834,0.43757221101236304,-0.370699311190495,0.06412314065603231,0.434822451846553,1.11272286608293,2.86961223211337,1.75688936603003,0.341968639262442,1.05949432861646,0.717525689354252,0.0,0.0,0.0,58.07628848550003,58.199989250908544,1
w_r2full_ideal_40_0,35,40,0.1,-44.0,1,FAR,1,1,760,1,-1,-1,1,1,0.1153473776334567,-79.48303287466258,0.115347377012347,-5.8158316741019895,0.1,0.0,11.2534607557052,12.1309317686315,0.877471012923624,12.6170496659371,13.476676870974899,0.859627205037009,2.355999777211,3.07903342958403,0.723033652375024,10.129240837227,10.129240837227,0.0,-0.316653867112356,0.0446955457980919,0.36134941291040196,-0.442143288667048,0.07240289899106679,0.514546187658182,1.1107692769719701,2.86492652103463,1.75415724406226,0.287901863330486,0.9183214872057051,0.630419623875683,0.0,0.0,0.0,42.59913091465776,42.71622935944692,1
w_r2full_ideal_40_0,36,40,0.1,-36.0,-1,NEAR,-1,1,760,1,-1,1,1,1,0.11534737836904035,-71.7285892686473,0.1153473770696295,1.938610565972998,0.1,-44.0,11.8161997886455,12.6772875179334,0.861087729300091,13.9658932016386,14.825833846407802,0.859940644771618,17.1297415798375,18.1210920498198,0.991350469978198,10.1292407948672,10.1292407948672,0.0,-0.325208824947659,0.047106651280826604,0.37231547622842903,-0.437449008298428,0.0681759911080287,0.5056249994065679,1.10497906093483,2.8598722238769203,1.75489316294176,0.343166225475925,1.0599736918194,0.716807466343479,0.0,0.0,0.0,59.67330012472453,59.78858276711338,1
w_r2full_ideal_40_0,37,40,0.1,36.0,-1,NEAR,-1,1,760,1,-1,1,1,1,0.11534737751259799,-1.9386105599119992,0.11534737711440905,71.7285906406199,0.1,-36.0,14.0243112736385,14.885401155655401,0.861089882026964,11.6108135950421,12.470763943726999,0.859950348689147,17.2969428285706,18.1423544578495,0.845411629285625,10.1292407069051,10.1292407069051,0.0,-0.428204432968508,0.07180196570083071,0.500006398669364,-0.33335907453999103,0.047107230322366404,0.380466304862376,1.1049733277359701,2.8598658911168497,1.75489256338071,0.343146618621678,1.05816456220589,0.7150179435848331,0.0,0.0,0.0,59.54579071745974,59.664699913482934,1
w_r2full_ideal_40_0,38,40,0.1,44.0,1,FAR,1,1,760,1,1,1,1,1,0.115347378295872,5.815833145133994,0.11534737706378516,79.48303288182571,0.1,36.0,12.6246839063899,13.4847793071343,0.8600954007510629,11.455826218842999,12.3189887623149,0.8631625434636591,2.11519931443343,2.8640883817697698,0.74888906733405,10.1292406824819,10.1292406824819,0.0,-0.44648564483411296,0.0706453494981962,0.517130994332354,-0.313168296133576,0.0446955535475755,0.357863849681034,1.1049763532444499,2.85911204589816,1.75413569265417,0.287943390994716,0.9183344310369881,0.630391040043193,0.0,0.0,0.0,42.57454361063602,42.68988451368179,1
w_r2full_ideal_40_0,39,40,0.15,0.0,-1,NEAR,-1,1,760,1,-1,1,1,1,0.1638126415810885,-36.83360083914899,0.1638126415905155,36.83360085901099,0.1,44.0,11.962812543503201,12.8754858227712,0.912673279260526,11.828714034239,12.740252625689601,0.9115385914488491,17.2769115330072,18.0893985614243,0.812487028422089,9.675051689831479,9.675051689831479,0.0,-0.509885600481664,0.0915077292304778,0.6013933297121999,-0.49881900991553296,0.0996153591839448,0.598434369099518,1.10510271868237,2.86291943883419,1.75781672015132,0.343159172997027,1.05963292613123,0.716473753134149,0.0,0.0,0.0,57.302741064682,57.493864153096425,1
w_r2full_ideal_40_0,40,40,0.15,-44.0,1,FAR,1,1,760,1,-1,-1,1,1,0.1638126412401035,-79.48303339650698,0.16381264163200598,-5.815831714897995,0.15,0.0,11.1272808947198,12.004384147244101,0.8771032525289,12.3970754567189,13.256692878563001,0.859617421842071,2.35621731396441,3.07517783927288,0.718960525311117,9.66882051682005,9.66882051682005,0.0,-0.469710412609778,0.0748861009162255,0.5445965135259759,-0.557668053656229,0.104453552283132,0.662121605939375,1.1051060607513299,2.8605189647838203,1.75541290403351,0.28790573039895,0.9183348474282681,0.630429117029997,0.0,0.0,0.0,41.78392919411212,41.963268847311475,1
w_r2full_ideal_40_0,41,40,0.15,-36.0,-1,NEAR,-1,1,760,1,-1,1,1,1,0.163812642360777,-71.72858962698398,0.1638126416211625,1.9386105757489835,0.15,-44.0,11.6830200345015,12.5441033337826,0.861083299278287,13.744630570741599,14.604565211577002,0.85993464082561,17.1307620910967,18.1219540224983,0.991191931406503,9.66882098673033,9.66882098673033,0.0,-0.472967042107757,0.07742052142858341,0.550387563536466,-0.5582669263254789,0.0990840634860034,0.6573509898116561,1.1070823809585,2.86314900099448,1.75606662003631,0.343150186516792,1.06015425728846,0.717004070771516,0.0,0.0,0.0,58.86274681287117,59.03925139778576,1
w_r2full_ideal_40_0,42,40,0.15,36.0,-1,NEAR,-1,1,760,1,-1,1,1,1,0.16381264195905898,-1.9386089737540024,0.1638126416952665,71.72859111889099,0.15,-36.0,13.803774386551101,14.6648466018052,0.861072215251097,11.4777433626634,12.3376605262603,0.859917163595039,17.2940959907456,18.1410748434585,0.846978852722053,9.66882089654805,9.66882089654805,0.0,-0.545597655317802,0.104779615427797,0.650377270745417,-0.48454374925113,0.0774271544369443,0.561970903687863,1.10707651333756,2.8631416823828397,1.75606516904645,0.343162691168179,1.0584095510540301,0.715246859885744,0.0,0.0,0.0,58.73395410150892,58.91616087137366,1
w_r2full_ideal_40_0,43,40,0.15,44.0,1,FAR,1,1,760,1,1,1,1,1,0.1638126423384705,5.815833309332996,0.16381264178899851,79.483033406935,0.15,36.0,12.4022778389148,13.262342995282001,0.8600651563799201,11.3281341901894,12.1912872314142,0.8631530412372831,2.11495081452058,2.85915526425968,0.7442044497336969,9.66882067642819,9.66882067642819,0.0,-0.5635503095741631,0.101670095053206,0.6652204046275649,-0.464682065187948,0.0748860985772202,0.539568163765111,1.10510165618674,2.86048537273429,1.7553837165472301,0.287946175363131,0.918340452899106,0.630394277536171,0.0,0.0,0.0,41.76043199301747,41.936988186647895,1
w_r2full_ideal_40_0,44,40,0.2,0.0,-1,NEAR,-1,1,760,1,-1,1,1,1,0.2122779059732835,-36.83360105059702,0.2122779059836445,36.833601068369,0.15,44.0,11.8547813407414,12.7675994979439,0.9128181571999,11.7206598294007,12.632359545581,0.911699716191205,17.277234393735302,18.0911047422329,0.8138703484958351,9.2146291545266,9.2146291545266,0.0,-0.603411979981179,0.12420610843761799,0.7276180884189191,-0.588579681153454,0.13602600783649602,0.724605688990078,1.1052327271562201,2.86337690448237,1.75814417732598,0.34146167836218,1.05800816750131,0.716546489139047,0.0,0.0,0.0,56.62707801226808,56.8873101285422,1
w_r2full_ideal_40_0,45,40,0.2,-44.0,1,FAR,1,1,760,1,-1,-1,1,1,0.21227790609839403,-79.48303385445001,0.21227790604261448,-5.815831750633022,0.2,0.0,11.0341724829199,11.9108142784088,0.876641795477723,12.2508860145651,13.1104370720244,0.859551057445193,2.35634755608086,3.0728576870486397,0.716510130969931,9.20840047530604,9.20840047530604,0.0,-0.584394786112669,0.105699087613216,0.690093873725983,-0.63482704086702,0.137256609489392,0.772083650356451,1.10524216530221,2.8611209758790497,1.75587881057673,0.287905766015897,0.9183440987677319,0.630438332751371,0.0,0.0,0.0,41.08197458743466,41.32493028453727,1
w_r2full_ideal_40_0,46,40,0.2,-36.0,-1,NEAR,-1,1,760,1,-1,1,1,1,0.212277906916502,-71.72858991595399,0.2122779077687325,1.9386105945090049,0.2,-44.0,11.5889328439642,12.4500027369851,0.861069893026781,13.611064468345699,14.471035003676102,0.859970535328086,17.1309339705096,18.1236969200059,0.9927629494887111,9.20840082169327,9.20840082169327,0.0,-0.582358578845357,0.10835999544399,0.690718574289333,-0.640717344526105,0.130577938685197,0.771295283211276,1.10523839980499,2.86171405793632,1.75647565813202,0.341457133870902,1.05859617846182,0.7171390445903439,0.0,0.0,0.0,58.173445718758515,58.412383652887705,1
w_r2full_ideal_40_0,47,40,0.2,36.0,-1,NEAR,-1,1,760,1,-1,1,1,1,0.212277907708305,-1.9386105921319896,0.2122779061113585,71.72859152624301,0.2,-36.0,13.6699644402742,14.531081030671102,0.861116590385688,11.3836704367955,12.2435918307899,0.859921393989306,17.2920389921673,18.141061827187897,0.849022835015387,9.208400731304911,9.208400731304911,0.0,-0.6246296638859,0.138574791647226,0.7632044555330599,-0.597355755825324,0.10837621010875399,0.70573196593407,1.10523464980899,2.8617029252246,1.75646827541593,0.341457155724555,1.05685304980918,0.715395894084201,0.0,0.0,0.0,58.04269139498759,58.28964239674357,1
w_r2full_ideal_40_0,48,40,0.2,44.0,1,FAR,1,1,760,1,1,1,1,1,0.21227790691508652,5.815833476459003,0.2122779061913705,79.48303386206298,0.2,36.0,12.2556943760643,13.115754075814001,0.860059699752248,11.2351648350427,12.0982734059166,0.863108570881084,2.11496612459863,2.85638544881229,0.741419324213403,9.2084008938143,9.2084008938143,0.0,-0.642245843926298,0.133293758339536,0.775539602265967,-0.57782679808792,0.10569910440868201,0.6835259024965881,1.1052442557273,2.86108483593468,1.7558405802077,0.287943576336955,0.918333459981419,0.630389883644498,0.0,0.0,0.0,41.05823212027329,41.2972249830215,1
w_r2full_ideal_40_0,49,40,0.25,0.0,-1,NEAR,-1,1,760,1,-1,1,1,1,0.260743170617478,-36.83360123270801,0.260743170623286,36.83360124623203,0.2,44.0,11.7795344669601,12.692073909355,0.9125394423981209,11.6454702787663,12.5568756338197,0.911405355043725,17.2791138639586,18.091780686438,0.812666822470953,8.75420620286701,8.75420620286701,0.0,-0.658574963675336,0.157520147403416,0.816095111078677,-0.639984071882474,0.173196002017331,0.8131800738997891,1.10538755740644,2.86350192683335,1.7581143694262802,0.34130152234002703,1.05792934113232,0.716627818791787,0.0,0.0,0.0,56.01636770044538,56.347083849866124,1
w_r2full_ideal_40_0,50,40,0.25,-44.0,1,FAR,1,1,760,1,-1,-1,1,1,0.2607431707477755,-79.48303424766898,0.2607431706412005,-5.815831779023006,0.25,0.0,10.967941087282,11.844218680896299,0.87627759360868,12.1542339387511,13.0137866470658,0.859552708314554,2.35644441182796,3.0714235274622204,0.714979115628717,8.747980413702109,8.747980413702109,0.0,-0.660706550140996,0.136904660807866,0.797611210948842,-0.673622419773035,0.170695843824858,0.844318263597955,1.1053964633159699,2.8613253701278603,1.75592890681141,0.287905981279923,0.9183419424837851,0.630435961203477,0.0,0.0,0.0,40.45707658173807,40.764677086370796,1
w_r2full_ideal_40_0,51,40,0.25,-36.0,-1,NEAR,-1,1,760,1,-1,1,1,1,0.2607431706886765,-71.72859188076902,0.26074317063113195,1.9386106013120075,0.25,-44.0,11.5212649338273,12.3822939553063,0.861029021481061,13.5294171031407,14.389287269949302,0.859870166804311,17.1322675783949,18.1240923911262,0.9918248127291699,8.74798086784628,8.74798086784628,0.0,-0.653381755780354,0.139697765543216,0.793079521323585,-0.684797482975938,0.16250734371533898,0.847304826691232,1.10539816467483,2.86192859597425,1.75653043129904,0.341292987686281,1.05851705545623,0.717224067769737,0.0,0.0,0.0,57.56410013565856,57.86630524491712,1
w_r2full_ideal_40_0,52,40,0.25,36.0,-1,NEAR,-1,1,760,1,-1,1,1,1,0.2607431725506615,-1.9386106003809744,0.26074317075388903,71.72859186379202,0.25,-36.0,13.588257999164501,14.449316466212599,0.8610584670380951,11.3161072084971,12.1759921258134,0.859884917310884,17.2918985540006,18.1406040540621,0.8487055000720449,8.747980769514069,8.747980769514069,0.0,-0.6652999159656651,0.173067468799218,0.838367384764868,-0.6717913239572809,0.139728629939215,0.811519953896605,1.10539162610162,2.8619506387186,1.75655901261701,0.3413008632707,1.05679192084295,0.715491057571946,0.0,0.0,0.0,57.43263597516371,57.745432073902144,1
w_r2full_ideal_40_0,53,40,0.25,44.0,1,FAR,1,1,760,1,1,1,1,1,0.26074317743220254,5.815833476887022,0.260743170884094,79.48303425323,0.25,36.0,12.1589096826906,13.018947110456999,0.8600374277611149,11.1689273795888,12.0320306032389,0.863103223654908,2.11513644336352,2.85491380466551,0.739777361301066,8.74798067281613,8.74798067281613,0.0,-0.682576289742088,0.16536767515882,0.847943964901125,-0.652602352191051,0.13690543471075,0.789507786901841,1.10539538849374,2.86132403931374,1.75592865081994,0.287940909216713,0.9183375742785661,0.630396665061433,0.0,0.0,0.0,40.433533804769844,40.73580691463941,1
w_r2full_ideal_40_0,54,40,0.3,0.0,-1,NEAR,-1,1,760,1,-1,1,1,1,0.30920843547010346,-36.833601388985,0.30920843549969346,36.833601400081015,0.25,44.0,11.729841099031,12.6423185472068,0.91247744817864,11.5957590282007,12.5071680975686,0.9114090693625501,17.2780546712734,18.092083311648498,0.8140286403857331,8.29378250194333,8.29378250194333,0.0,-0.675377056967848,0.191501334900472,0.866878391868274,-0.653037357229904,0.21117413005208902,0.864211487282024,1.1055665061230702,2.86352430968195,1.7579578035588,0.341466835868192,1.05813958326859,0.716672747400271,0.0,0.0,0.0,55.45701635131777,55.85969181627033,1
w_r2full_ideal_40_0,55,40,0.3,-44.0,1,FAR,1,1,760,1,-1,-1,1,1,0.309208435638525,-79.48303457646799,0.3092084355052615,-5.815831804725002,0.3,0.0,10.9231010244053,11.798851656917401,0.87575063250567,12.0925067448922,12.9521269246952,0.8596201798024921,2.3565013676815503,3.0705404608258697,0.7140390931573249,8.28756032722126,8.28756032722126,0.0,-0.6986438748874121,0.16847501110736798,0.8671188859943659,-0.674056457295451,0.204861009533857,0.87891746682941,1.1055809101137402,2.86138515835937,1.7558042482462801,0.287905923599988,0.9183398873816299,0.630433963780711,0.0,0.0,0.0,39.888804415400735,40.26214043604196,1
w_r2full_ideal_40_0,56,40,0.3,-36.0,-1,NEAR,-1,1,760,1,-1,1,1,1,0.309208435537048,-71.72859217539602,0.3092084355354215,1.9386106158689742,0.3,-44.0,11.4755808984625,12.3366411912281,0.861060292775022,13.4827147840794,14.3426896314584,0.8599748473723791,17.130812051542698,18.1242057455608,0.993393694018423,8.28756095576392,8.28756095576392,0.0,-0.686037404787015,0.171423451633606,0.85746085642082,-0.690507587497752,0.19491089031697897,0.885418477814475,1.10556852744517,2.86198322977635,1.7564147023316,0.34146335634694297,1.05874644954928,0.717283093201915,0.0,0.0,0.0,57.01182720333685,57.37816154528743,1
w_r2full_ideal_40_0,57,40,0.3,36.0,-1,NEAR,-1,1,760,1,-1,1,1,1,0.309208437601977,-1.9386106078939647,0.309208435558631,71.72859217544398,0.3,-36.0,13.5415903814945,14.403057370297102,0.861466988796014,11.2703161079758,12.130416739893601,0.860100631906088,17.2899792326298,18.1402822137428,0.850302981121732,8.28756079966579,8.28756079966579,0.0,-0.6676129496576131,0.20832602339217202,0.875938973049316,-0.707848005127845,0.171470496403294,0.879318501530906,1.1055648124740498,2.86198688468277,1.7564220722091302,0.341418837115377,1.0570504957836802,0.715631658668431,0.0,0.0,0.0,56.88035450406574,57.26015102386121,1
w_r2full_ideal_40_0,58,40,0.3,44.0,1,FAR,1,1,760,1,1,1,1,1,0.30920843655116903,5.815833874775967,0.309208435621604,79.48303458488604,0.3,36.0,12.097071242824601,12.9571551129079,0.8600838700896161,11.124103414313101,11.9872178042327,0.86311438993232,2.1143287127241996,2.8533510534002198,0.739022340675916,8.28756064405083,8.28756064405083,0.0,-0.684538422527312,0.197934005322109,0.882472427849186,-0.6890086168113989,0.168474219950731,0.857482836762112,1.1055729822639,2.86136043208439,1.75578744982069,0.289883933832881,0.9202746979511219,0.630390764118686,0.0,0.0,0.0,39.86691974462716,40.2333279699,1
w_r2full_ideal_40_0,59,40,0.35,0.0,-1,NEAR,-1,1,760,1,-1,1,1,1,0.35767370051311553,-36.83360151613496,0.357673700498494,36.83360151833004,0.3,44.0,11.7013064169888,12.613657816626901,0.912351399637621,11.5672602899583,12.478488177872501,0.911227887915947,17.2783654337891,18.092164272162098,0.813798838377802,7.833357607320781,7.833357607320781,0.0,-0.653821893523094,0.22639735747706902,0.88021925099988,-0.6277474708819051,0.250200582284355,0.877948053166226,1.10576368220338,2.8634916986537,1.7577280164505,0.341426374932948,1.05818479445136,0.716758419518841,0.0,0.0,0.0,54.939344367087344,55.41594230684877,1
w_r2full_ideal_40_0,60,40,0.35,-44.0,1,FAR,1,1,760,1,-1,-1,1,1,0.35767370069791105,-79.48303485154801,0.357673700564312,-5.815831826846029,0.35,0.0,10.8964162793908,11.7712773839415,0.874861104546514,12.059326841564,12.9189557074777,0.859628865916245,2.35605478893221,3.06966579786279,0.71361100893078,7.8271401486478105,7.8271401486478105,0.0,-0.6982037324831629,0.200587191888098,0.8987909243712849,-0.636133234897578,0.24004346715308797,0.876176702050438,1.1057791942808801,2.86138687549203,1.75560768121062,0.289844611314159,0.9202836484560619,0.630439037141777,0.0,0.0,0.0,39.36870956187789,39.809340220919076,1
w_r2full_ideal_40_0,61,40,0.35,-36.0,-1,NEAR,-1,1,760,1,-1,1,1,1,0.357673701583593,-71.72859031115803,0.35767370060579495,1.9386106167499917,0.35,-44.0,11.4484922662372,12.309532189193499,0.8610399229525649,13.4645749692165,14.324441569594098,0.859866600377121,17.1306194929418,18.1238145571357,0.993195064194373,7.82714106041441,7.82714106041441,0.0,-0.6803259086707409,0.2037038485307,0.8840297572013099,-0.657847252033404,0.228019750071618,0.885867002105378,1.10577004912217,2.86192144594855,1.75615139682545,0.341459703717495,1.05879691379137,0.71733721007327,0.0,0.0,0.0,56.50564773607763,56.937371334679945,1
w_r2full_ideal_40_0,62,40,0.35,36.0,-1,NEAR,-1,1,760,1,-1,1,1,1,0.357673702864459,-1.9386106150259819,0.357673700604264,71.72859242010199,0.35,-36.0,13.523615749649501,14.3846335472429,0.8610177975865609,11.243380800522399,12.103304093079899,0.859923292551519,17.2900685194031,18.1398214059722,0.849752886572105,7.82714085797993,7.82714085797993,0.0,-0.63157422223975,0.244626806135983,0.876201028375539,-0.705519716797073,0.203773393229779,0.9092931100269371,1.10577731222017,2.86196506188281,1.75618774966313,0.341454628511691,1.05707003543252,0.715615406920616,0.0,0.0,0.0,56.37393500159026,56.822335200956026,1
w_r2full_ideal_40_0,63,40,0.35,44.0,1,FAR,1,1,760,1,1,1,1,1,0.357673701735159,5.8158340944000075,0.357673700663723,79.48303486111197,0.35,36.0,12.0638453097302,12.9238867644103,0.860041454673293,11.0973750600965,11.9605397711128,0.863164711033807,2.11430921356734,2.8529743726623003,0.738665159084037,7.827140243127849,7.827140243127849,0.0,-0.6481379138514509,0.23124933430680902,0.879387248157985,-0.687047318488577,0.200570941432123,0.887618259920836,1.1057944406909501,2.86134077820491,1.7555463375134202,0.28988399015855304,0.920267842951842,0.63038385279439,0.0,0.0,0.0,39.34614977247,39.777970048208935,1
w_r2full_ideal_40_0,64,40,0.4,0.0,-1,NEAR,-1,1,760,1,-1,1,1,1,0.4061389657093975,-36.83360162140703,0.406138965712088,36.833601629379984,0.35,44.0,11.692507600521099,12.6047905068333,0.9122829063084471,11.558489977545499,12.4697066642132,0.9112166866635909,17.279755073915602,18.0919407162454,0.812185642337259,7.3729307466225995,7.3729307466225995,0.0,-0.593916845208078,0.262593915608265,0.856510760816527,-0.564129546884103,0.290647075118692,0.854776622003103,1.10600356260997,2.8633346303123997,1.75733106770215,0.341303028108648,1.0580567111182,0.716753683009125,0.0,0.0,0.0,54.4607599753451,55.014000966072054,1
w_r2full_ideal_40_0,65,40,0.4,-44.0,1,FAR,1,1,760,1,-1,-1,1,1,0.406138965886621,-79.48303507667804,0.406138965765071,-5.815831846308017,0.4,0.0,10.8882803600472,11.7622092565746,0.8739288965277721,12.0568900969007,12.9165303662972,0.859640269396053,2.35607293464639,3.06991958406116,0.7138466494192259,7.36671972921183,7.36671972921183,0.0,-0.659382583626016,0.233526459548752,0.892909043174957,-0.5598611035714249,0.276632566481417,0.836493670053069,1.10601604921917,2.8616367450081,1.7556206957898,0.289844182955244,0.92028419507847,0.63044001212056,0.0,0.0,0.0,38.89729987623136,39.407458902261524,1
w_r2full_ideal_40_0,66,40,0.4,-36.0,-1,NEAR,-1,1,760,1,-1,1,1,1,0.406138965756045,-71.728592618576,0.40613896572339847,1.9386106359329802,0.4,-44.0,11.4384193940094,12.2994890492923,0.861069655295911,13.4769519902091,14.3370041968948,0.8600522066824899,17.131645397079602,18.1234112826627,0.991765885580265,7.36672120235244,7.36672120235244,0.0,-0.636248214840636,0.23684095807784597,0.873089172918651,-0.586814810040912,0.262190706575429,0.849005516615768,1.10601459531491,2.8621452441872197,1.75613064887327,0.34128557366670303,1.05863051059082,0.717344936922815,0.0,0.0,0.0,56.04740148598028,56.54643315063356,1
w_r2full_ideal_40_0,67,40,0.4,36.0,-1,NEAR,-1,1,760,1,-1,1,1,1,0.40613896824891405,-1.9386106179700158,0.4061389658041075,71.72859262247499,0.4,-36.0,13.5355891570024,14.3967165256234,0.861127368625413,11.2333185250251,12.0932411278922,0.859922602857712,17.2911041053792,18.139407377903,0.8483032725205389,7.3667208818038,7.3667208818038,0.0,-0.557193601190577,0.28237279138216703,0.839566392572662,-0.664798077102676,0.236922108537225,0.901720185639798,1.1060059761537901,2.86217168580916,1.7561657096563499,0.341295452760442,1.05690478084957,0.715609328089583,0.0,0.0,0.0,55.91516237988113,56.43445727980052,1
w_r2full_ideal_40_0,68,40,0.4,44.0,1,FAR,1,1,760,1,1,1,1,1,0.4061389670066865,5.815834320381019,0.4061389658209365,79.483035093313,0.4,36.0,12.0615314110739,12.9215830104157,0.860051599346595,11.0892843159831,11.9524724210954,0.863188105115062,2.1144010556114,2.85325195698916,0.738850901387077,7.36671999886907,7.36671999886907,0.0,-0.5733712430354989,0.265755569886353,0.839126812921572,-0.64671436687475,0.23349298690531803,0.8802073537796671,1.10604269973685,2.8616581738876,1.7556154741504901,0.289884813723343,0.920276627526555,0.6303918138029629,0.0,0.0,0.0,38.87596218878349,39.37521074557516,1
w_r2full_ideal_40_0,69,40,0.45,0.0,-1,NEAR,-1,1,760,1,-1,1,1,1,0.4546042310321815,-36.83360170255301,0.454604231013431,36.83360171780803,0.4,44.0,11.7040133223708,12.6160383744038,0.912025052039918,11.569938578107001,12.4808972442776,0.9109586661620579,17.2778553903899,18.0915364094973,0.813681019106317,6.91250107964917,6.91250107964917,0.0,-0.49567106922312004,0.300452825294855,0.796123894518181,-0.462204624227773,0.332849867929496,0.795054492157559,1.1062725908093598,2.8638981081949,1.7576255173856998,0.341461789894339,1.05822603985487,0.716764249960433,0.0,0.0,0.0,54.023097255877644,54.656399949101996,1
w_r2full_ideal_40_0,70,40,0.45,-44.0,1,FAR,1,1,760,1,-1,-1,1,1,0.454604231113513,-79.483035268682,0.45460423105992054,-5.815831859818987,0.45,0.0,10.892994804696901,11.7657698504602,0.872775045766655,12.0823700706201,12.9420509310571,0.8596808604411751,2.35605427970298,3.0710540189482898,0.7149997392382029,6.906299504172781,6.906299504172781,0.0,-0.582167851190718,0.26755558652035805,0.849723437710659,-0.445244316664938,0.314989310235178,0.760233626900066,1.10628978042933,2.86232534977634,1.756035569348,0.289843972863485,0.920283813820531,0.63043984095703,0.0,0.0,0.0,38.46778346823524,39.050328364990776,1
w_r2full_ideal_40_0,71,40,0.45,-36.0,-1,NEAR,-1,1,760,1,-1,1,1,1,0.454604232366814,-71.72859027950201,0.4546042311255865,1.938610640395022,0.45,-44.0,11.445392520719201,12.306617159647,0.861224638916764,13.5227461265621,14.3827899898062,0.860043863236069,17.1291918522072,18.1226152208841,0.9934233686860081,6.90630137721877,6.90630137721877,0.0,-0.553805934539493,0.271285448569995,0.825091383109492,-0.477408588193259,0.29770965537719,0.775118243570712,1.10628456335202,2.8628543537386597,1.75656979038725,0.341420536978765,1.0588006856992,0.717380148720539,0.0,0.0,0.0,55.63997878699393,56.20897389094112,1
w_r2full_ideal_40_0,72,40,0.45,36.0,-1,NEAR,-1,1,760,1,-1,1,1,1,0.4546042323636815,-1.9386079809669554,0.454604231056438,71.72859279038202,0.45,-36.0,13.581771207425199,14.443050147889101,0.861278940465626,11.2403260704956,12.100335498408601,0.860009427922546,17.2898232065554,18.1389910631823,0.849167856634416,6.90630091159131,6.90630091159131,0.0,-0.44448593019418403,0.321920027480341,0.766405957674592,-0.585668357542816,0.27119565536215196,0.856864012905069,1.10627648110988,2.86294987684055,1.75667339572996,0.34145455696798604,1.05706432778684,0.715609770819269,0.0,0.0,0.0,55.508691825698705,56.10180750854119,1
w_r2full_ideal_40_0,73,40,0.45,44.0,1,FAR,1,1,760,1,1,1,1,1,0.4546042324335395,5.815834502227002,0.454604231082471,79.48303527925005,0.45,36.0,12.0872511906585,12.9474061603103,0.860154969635696,11.0939556386133,11.957368468749701,0.863412830143334,2.1144040037056198,2.85441428925776,0.7400102855485791,6.90630005270894,6.90630005270894,0.0,-0.46023750761703,0.302102824140732,0.7623403317584789,-0.568006285182422,0.267500875327838,0.835507160510349,1.10631902182756,2.8624023148969,1.7560832930697399,0.289884202085016,0.9202761358795729,0.630391933794645,0.0,0.0,0.0,38.44816742180318,39.01777112127175,1
w_r2full_ideal_40_0,74,40,0.5,0.0,-1,NEAR,-1,1,760,1,-1,1,1,1,0.5030694964969875,-36.83360178145101,0.5030694964667051,36.83360178616402,0.45,44.0,11.738023100213699,12.649813210114399,0.911790109913049,11.6038742825324,12.5146435794955,0.910769296956363,17.2787511358747,18.0910064907323,0.812255354854717,6.4520671216041094,6.4520671216041094,0.0,-0.359101720038104,0.3401553791483,0.699257099186026,-0.32200909613600803,0.376950397190327,0.698959493326439,1.10659675433401,2.86521028065642,1.75861352632126,0.341261655190131,1.05808168769234,0.71682003250148,0.0,0.0,0.0,53.63082237029507,54.3479281466337,1
w_r2full_ideal_40_0,75,40,0.5,-44.0,1,FAR,1,1,760,1,-1,-1,1,1,0.503069496520407,-79.48303543858005,0.503069496522832,-5.815831853469899,0.5,0.0,10.9170437923993,11.7894466965217,0.872402904129636,12.134712836531401,13.0136201601925,0.8789073236638419,2.35598802732704,3.0733386915288503,0.717350664197197,6.44587863162811,6.44587863162811,0.0,-0.466553931755383,0.302757468198257,0.76931139995394,-0.292309290870736,0.35535460047206796,0.6476638913432959,1.10659261088318,2.8623645271105698,1.75577191622614,0.289843723658621,0.920276724165992,0.630433000505916,0.0,0.0,0.0,38.10492543114773,38.763037499818054,1
w_r2full_ideal_40_0,76,40,0.5,-36.0,-1,NEAR,-1,1,760,1,-1,1,1,1,0.5030694973980115,-71.72859025717699,0.5030694965109415,1.9386106316069407,0.5,-44.0,11.4710296104916,12.332348067610699,0.861318457129116,13.6027670693437,14.4629723415159,0.860205272160259,17.129109608357098,18.122174088923302,0.9930644805555929,6.44588158569728,6.44588158569728,0.0,-0.433000763509258,0.307370831171295,0.740371594680592,-0.329625532675289,0.334694352645037,0.664319885320525,1.1065960844401401,2.86304574771319,1.75644966327459,0.341292113040965,1.0585779553138799,0.7172858422734201,0.0,0.0,0.0,55.28499978677425,55.927064970590585,1
w_r2full_ideal_40_0,77,40,0.5,36.0,-1,NEAR,-1,1,760,1,-1,1,1,1,0.5030694978495835,-1.9386079080850882,0.5030694966087035,71.72859294918304,0.5,-36.0,13.6625111571716,14.523730946811398,0.861219789640916,11.2659392741565,12.1260891055451,0.8601498313747531,17.291919204250103,18.138770410423398,0.846851206184319,6.44588091863296,6.44588091863296,0.0,-0.29347510500233803,0.36348810736435,0.656963212366687,-0.468107885684579,0.30663233932110395,0.7747402250058729,1.10659410095178,2.86314259385366,1.75654849290205,0.341292278645008,1.05682724332833,0.715534964683289,0.0,0.0,0.0,55.15444121859485,55.8245616652803,1
w_r2full_ideal_40_0,78,40,0.5,44.0,1,FAR,1,1,760,1,1,1,1,1,0.5030694977480961,5.815834584527946,0.5030694964531816,79.48303545907903,0.5,36.0,12.1490621455066,13.0093409308267,0.860278785315634,11.118524337024,11.981892966763,0.863368629737887,2.1153271586802,2.85761118481361,0.74228402611999,6.4458798535008,6.4458798535008,0.0,-0.30874609054805996,0.340206905353181,0.6489529959009479,-0.450925070094467,0.302677355099184,0.753602425192883,1.10662919245114,2.86247310618548,1.7558439137347701,0.286377884097814,0.916767181274196,0.6303892971765871,0.0,0.0,0.0,38.073965223363786,38.71684948381615,1
w_r2full_ideal_40_0,79,40,0.55,0.0,-1,NEAR,-1,1,760,1,-1,1,1,1,0.5515347620153894,-36.83360186300699,0.551534761983975,36.83360187595608,0.5,44.0,11.7969891104696,12.7082667774827,0.911277667021083,11.6629337308371,12.5731234045007,0.910189673676513,17.2763473190259,18.0901204742669,0.813773155254334,5.99162723964329,5.99162723964329,0.0,-0.18423075104540101,0.381777541009653,0.566008292054663,-0.143595087227515,0.422962046640099,0.566557133867593,1.1069439076827199,2.86621589739436,1.7592719897114302,0.34142837293295797,1.05823474994231,0.716806377009946,0.0,0.0,0.0,53.287588543230264,54.09232813088002,1
w_r2full_ideal_40_0,80,40,0.55,-44.0,1,FAR,1,1,760,1,-1,-1,1,1,0.5515347621163055,-79.48303561440096,0.5515347615089095,-5.815831873705046,0.55,0.0,10.9629835655347,11.8326637587113,0.869680193172782,12.238901435813,13.0986168028811,0.8597153670722799,2.3570759799399603,3.0776185463486403,0.720542566396601,5.98545817584748,5.98545817584748,0.0,-0.312512941547391,0.338919117735436,0.651432059283329,-0.101060261105777,0.400216147030914,0.5012764081372529,1.10696123721597,2.86143264796125,1.7544714107455899,0.286335493597496,0.9167711217807039,0.630435628183858,0.0,0.0,0.0,37.772561053530474,38.51169631829683,1
w_r2full_ideal_40_1,1,40,0.55,-36.0,-1,NEAR,-1,1,760,1,-1,1,1,1,0.551534763395946,-71.72859042385605,0.5515347621864419,1.9386106159099414,0.6,0,11.4896853561431,12.3473809042416,0.857695548098389,13.6959548093972,14.552482430537099,0.856527621139604,17.3417493609488,18.149113764019802,0.807364403070725,5.97932302565627,5.97932302565627,0.0,-0.343738784108809,0.34284263116032,0.6865814152691271,-0.171808709248091,0.374201414274464,0.546010123522555,1.12489022154261,2.8705702506142,1.74568002907161,0.340817534745995,1.05918902500837,0.718371490262393,0.0,0.0,0.0,54.95805940007734,55.67510344551213,1
w_r2full_ideal_40_1,2,40,0.55,36.0,-1,NEAR,-1,1,760,1,-1,1,1,1,0.551534763263403,-1.9386080317120857,0.551534761641459,71.72859310018798,0.55,-36.0,13.7664043829754,14.624197488649699,0.857793105673912,11.3057884224451,12.1628717510466,0.8570833286010671,17.291756208601303,18.1355324406216,0.8437762320201729,5.98546074728293,5.98546074728293,0.0,-0.104198248165908,0.40814905198734497,0.51234730015328,-0.312091587379965,0.342840614055454,0.6549322014354211,1.1250005595274502,2.8707893445312997,1.74578878500387,0.340845570181786,1.05784842878243,0.717002858600638,0.0,0.0,0.0,54.83670020091456,55.587689866957355,1
w_r2full_ideal_40_1,3,40,0.55,44.0,1,FAR,1,1,760,1,1,1,1,1,0.5515347619625139,5.815831895790047,0.5515347620966715,79.48303563460102,0.55,36.0,12.2430474355504,13.1004818271072,0.857434391556736,11.1621842554424,12.0219345196865,0.859750264244159,2.11901818719748,2.8609578297362397,0.741939642538395,5.98545964145801,5.98545964145801,0.0,-0.118897762086661,0.382496591677241,0.50139435376389,-0.295466612124136,0.33881660061871,0.634283212742848,1.12396968451528,2.8695005317942104,1.7455308472789302,0.28608937202187296,0.918034914530508,0.631945542508645,0.0,0.0,0.0,37.75636926431267,38.47768245660862,1
w_r2full_ideal_40_1,4,40,0.6,0.0,-1,NEAR,-1,1,760,1,-1,1,1,1,0.6000000275266265,-36.83360195063901,0.600000027569078,36.83360194544005,0.55,44.0,11.8808993600501,12.787000261156,0.906100901106813,11.746610427804601,12.6529269437492,0.9063165159446311,17.2797664330777,18.0897200457147,0.8099536126371589,5.53117967948731,5.53117967948731,0.0,0.028898421802781602,0.425942046578225,0.397043624775454,0.0728759829649369,0.47126955399849707,0.398393571033557,1.1252381184765,2.87450457980164,1.74926646132513,0.340887293476892,1.0591605412615699,0.7182732477846651,0.0,0.0,0.0,52.99449205117042,53.89170365174714,1
w_r2full_ideal_40_1,5,40,0.6,-44.0,1,FAR,1,1,760,1,-1,-1,1,1,0.6000000277358479,-79.48303580024397,0.6000000276544095,-5.815831890174983,0.6,0.0,11.0260674499876,11.8838935745069,0.857826124520331,12.3642433603023,13.2219455892872,0.8577022289866589,2.3612748724423502,3.08300877194703,0.7217338995039451,5.52503768557438,5.52503768557438,0.0,-0.12002850357194401,0.375506316999649,0.495534820571622,0.128471269645842,0.527210990309858,0.398739720664,1.12550873080538,2.8683068124423,1.74279808163697,0.286599667717618,0.9183013511843661,0.631701683466693,0.0,0.0,0.0,37.50049378494217,38.40321109225168,1
w_r2full_ideal_40_1,6,40,0.6,-36.0,-1,NEAR,-1,1,760,1,-1,1,1,1,0.6000000276113855,-71.72859325741298,0.6000000275632256,1.938610655482953,0.6,-44.0,11.583693637363101,12.4415188538217,0.857825216458751,13.8482809971687,14.706075836398501,0.8577948392311641,17.1310329845131,18.1195338587265,0.9885008742134801,5.5250424433357805,5.5250424433357805,0.0,-0.07631276895602811,0.383009978093148,0.459322747049162,0.0810912716253529,0.47977789859537395,0.39868662697004104,1.1253045821318002,2.86975555445338,1.74445097232156,0.341021427435952,1.05958708558782,0.718565658151853,0.0,0.0,0.0,54.72151363232368,55.5843015090122,1
w_r2full_ideal_40_1,7,40,0.6,36.0,-1,NEAR,-1,1,760,1,-1,1,1,1,0.600000027631703,-1.9386106102660117,0.600000027667859,71.72859327092196,0.6,-36.0,13.907063761461,14.7648712117924,0.857807450331807,11.378887972268599,12.2366477238063,0.857759751535522,17.2976023856259,18.1391601227158,0.8415577370888511,5.52504125324549,5.52504125324549,0.0,0.123326426644838,0.519202170849757,0.39587574420488697,-0.11756537543253699,0.380427424968166,0.49799280040069405,1.12510860503978,2.86958904309245,1.7444804380527101,0.340951241150255,1.05779298051792,0.7168417393676499,0.0,0.0,0.0,54.59310233517036,55.492731930988285,1
w_r2full_ideal_40_1,8,40,0.6,44.0,1,FAR,1,1,760,1,1,1,1,1,0.600000027707873,5.815831902342028,0.6000000275825825,79.483035771301,0.6,36.0,12.3708384899055,13.2285585798452,0.857720089939169,11.2268954709978,12.0846868636955,0.8577913926965339,2.11951128888942,2.86558380410953,0.7460725152202481,5.52504006332742,5.52504006332742,0.0,0.109314651251877,0.50806785239999,0.398753201148126,-0.101616798456671,0.375515398724951,0.477132197181648,1.1253148256948,2.8682338264314002,1.74291900073648,0.285884020080479,0.9178866323695061,0.632002612289116,0.0,0.0,0.0,37.48998976977856,38.3735730209035,1
w_r2full_ideal_40_1,9,40,0.65,0.0,-1,NEAR,-1,1,760,1,-1,1,1,1,0.6484652932996315,-36.83360200462904,0.648465293310316,36.833602005845954,0.6,44.0,11.965472568072,12.8719638746394,0.906491306571448,11.8309940182202,12.7377932012649,0.906799183044151,17.2792714451435,18.0887073235913,0.809435878447436,5.07072402013457,5.07072402013457,0.0,0.280297793335653,0.643981307604919,0.363683514269222,0.327526707746586,0.692013200052044,0.36448649230547103,1.13941567958629,2.8742549014029697,1.7348392218168098,0.341098413943278,1.0592041433825001,0.718105729439284,0.0,0.0,0.0,52.70264746441564,54.038641972072604,1
w_r2full_ideal_40_1,10,40,0.65,-44.0,1,FAR,1,1,760,1,-1,-1,1,1,0.6484652938446545,-79.48303590594297,0.6484652940624245,-5.815831891190948,0.65,0.0,11.0693624757144,11.9271947382579,0.857832262545281,12.5061623187659,13.3636848297031,0.857522510938096,2.36086305605308,3.08778723249068,0.726924176435976,5.06461714504931,5.06461714504931,0.0,0.110917766713049,0.503768060898587,0.392850294185575,0.396269557886027,0.7888461484040971,0.392576590518109,1.14329326053262,2.86468947979726,1.7213962192647,0.285845217403002,0.917879439834305,0.632034222431286,0.0,0.0,0.0,37.22585286513255,38.518467074435236,1
w_r2full_ideal_40_1,11,40,0.65,-36.0,-1,NEAR,-1,1,760,1,-1,1,1,1,0.6484652934317421,-71.72859336052795,0.6484652931106409,1.938610682817976,0.65,-44.0,11.6274864140145,12.486381015323001,0.858894601309532,13.983713887622699,14.842489852676701,0.85877596505467,17.1293214052579,18.116809868369,0.987488463109895,5.06462245771552,5.06462245771552,0.0,0.15955695707619502,0.531736419786728,0.372179462710466,0.344023218138312,0.7156170328625839,0.37159381472432695,1.14189626627728,2.86543041286744,1.72353414659014,0.341849365876557,1.06010820984585,0.718258843969351,0.0,0.0,0.0,54.43584181679751,55.68319526944682,1
w_r2full_ideal_40_1,12,40,0.65,36.0,-1,NEAR,-1,1,760,1,-1,1,1,1,0.648465293898826,-1.9386105926959551,0.648465294734668,71.72859330952397,0.65,-36.0,14.0420109409753,14.9009481918806,0.858937250904916,11.4230484740397,12.281886680289299,0.858838206250213,17.300423132674698,18.1402475344943,0.839824401820725,5.06462107332867,5.06462107332867,0.0,0.389050214063833,0.75834203032654,0.369291816262708,0.11547609790694799,0.526294331646159,0.410818233739173,1.14189333027783,2.8654464700259603,1.72355313974847,0.341854208464851,1.05836234757987,0.716508139114969,0.0,0.0,0.0,54.311512297598696,55.59614865957139,1
w_r2full_ideal_40_1,13,40,0.65,44.0,1,FAR,1,1,760,1,1,1,1,1,0.6484652933801149,5.8158319464099995,0.648465294022793,79.48303591143402,0.65,36.0,12.512047603413,13.3708356695546,0.858788066140452,11.2685442097107,12.1273804090415,0.858836199331103,2.1196189423868197,2.87134592438218,0.751726981994532,5.06461995999719,5.06461995999719,0.0,0.37586736302254303,0.768425248009876,0.392557884987287,0.130612349197391,0.503824353685966,0.373212004488583,1.1434009254335802,2.86494762216142,1.72154669672796,0.286469477780869,0.9180537288882121,0.631584251107452,0.0,0.0,0.0,37.2171833140251,38.48943291572094,1
w_r2full_ideal_40_1,14,40,0.7,0.0,-1,NEAR,-1,1,760,1,-1,1,1,1,0.696930559155395,-36.83360202770602,0.6969305591035915,36.833602011855035,0.65,44.0,12.0267885709739,12.933216146693,0.906427575719013,11.8922680572364,12.7990817017437,0.906813644508173,17.2785265479488,18.0877591586636,0.809232610716135,4.6102617277165505,4.6102617277165505,0.0,0.569945801683371,0.941857794798584,0.371911993115126,0.620224961385538,0.9921435266711769,0.371918565285607,1.18030197552489,2.86907583934887,1.68877386382368,0.341851630659326,1.05969285798138,0.717841227322125,0.0,0.0,0.0,52.359087432147106,54.29308875361687,1
w_r2full_ideal_40_1,15,40,0.7,-44.0,1,FAR,1,1,760,1,-1,-1,1,1,0.696930559580074,-79.48303594331007,0.6969305601070199,-5.815831948929984,0.7,0.0,11.109545586920001,11.9717055039348,0.862159917015812,12.6165788865877,13.476264645870499,0.859685759281654,2.36054334330092,3.09370222134972,0.733158878047675,4.6041977749504195,4.6041977749504195,0.0,0.380339132444464,0.740543003296068,0.360203870851668,0.7023580081298411,1.1409116125068999,0.438553604377121,1.1845977403639298,2.8625904699311597,1.67799272956728,0.286429509579456,0.9180412492463961,0.631611739666605,0.0,0.0,0.0,36.926501865282994,38.80795648108596,1
w_r2full_ideal_40_1,16,40,0.7,-36.0,-1,NEAR,-1,1,760,1,-1,1,1,1,0.696930559196836,-71.72859339621196,0.6969305592370625,1.9386106405849812,0.7,-44.0,11.6739923916799,12.535712340071699,0.8617199483902881,14.0939437050446,14.9555929683125,0.8616492632663421,17.129039221788297,18.1156855924644,0.986646370676661,4.60420354761073,4.60420354761073,0.0,0.433799455485776,0.8040428714909831,0.370243416005281,0.645364638146667,1.0282458110209,0.382881172874258,1.18400739650338,2.86387042387032,1.67986302736705,0.341847484246689,1.06002166282401,0.718174178577119,0.0,0.0,0.0,54.135086535153654,55.96737521766554,1
w_r2full_ideal_40_1,17,40,0.7,36.0,-1,NEAR,-1,1,760,1,-1,1,1,1,0.6969305595626445,-1.9386106217009758,0.6969305600017255,71.72859340298699,0.7,-36.0,14.1515580940992,15.013393859607799,0.861835765505678,11.4694915326732,12.331160189353199,0.861668656682169,17.3032931092947,18.1410979255777,0.837804816285066,4.60420212010592,4.60420212010592,0.0,0.69301567173455,1.07461031967772,0.381594647943218,0.387055775454904,0.7951739511457869,0.408118175691044,1.18399519000173,2.86395952446551,1.67996433446402,0.341853476066021,1.05822821905538,0.716374742989349,0.0,0.0,0.0,54.01204183816551,55.88182610898901,1
w_r2full_ideal_40_1,18,40,0.7,44.0,1,FAR,1,1,760,1,1,1,1,1,0.696930559566327,5.815831916585967,0.696930559815945,79.48303595519602,0.7,36.0,12.6227973503509,13.484465042756101,0.861667692405209,11.3081638082562,12.169841405631901,0.861677597373794,2.11759968928601,2.87817534811949,0.760575658828688,4.6042009197791405,4.6042009197791405,0.0,0.680787825166809,1.1193568490852,0.438569023918505,0.401243922764076,0.742031309150118,0.34078738638608,1.18482871640926,2.86293655567974,1.6781078392703002,0.28659418217759003,0.918182428764689,0.631588246587275,0.0,0.0,0.0,36.91780170073106,38.77918985896638,1
w_r2full_ideal_40_1,19,40,0.75,0.0,-1,NEAR,-1,1,760,1,-1,1,1,1,0.745395824891545,-36.833602062972034,0.7453958244788705,36.83360204642694,0.7,44.0,12.0793738135651,12.9873212674054,0.9079474538405519,11.944780202538,12.8531838689512,0.908403666410324,17.2735819956959,18.0871705774195,0.813588581728719,4.1497970310573695,4.1497970310573695,0.0,0.8978552051780351,1.31159952230793,0.413744317129985,0.9509609039201171,1.36470702338905,0.413746119468911,1.2107673929151899,2.86359012140103,1.65282272848549,0.342134138624711,1.0599674074830001,0.7178332688582619,0.0,0.0,0.0,52.0010302737175,54.67733681941448,1
w_r2full_ideal_40_1,20,40,0.75,-44.0,1,FAR,1,1,760,1,-1,-1,1,1,0.7453958250627835,-79.48303600860507,0.7453958250156685,-5.815831964459006,0.75,0.0,11.1495430431077,12.018070040980401,0.868526997873926,12.710479630864501,13.5731119901012,0.862632359237283,2.35655970738427,3.0993845960781603,0.7428248886966909,4.14377903421573,4.14377903421573,0.0,0.6881896886958561,1.0636786012889698,0.375488912593071,1.0467805738456801,1.5335395454198202,0.486758971574086,1.2156863035295702,2.85793715463427,1.64225085110472,0.286721798051438,0.9183342587752249,0.6316124607237951,0.0,0.0,0.0,36.61061707478498,39.207835221493774,1
w_r2full_ideal_40_1,21,40,0.75,-36.0,-1,NEAR,-1,1,760,1,-1,1,1,1,0.74539582505837,-71.72859345978,0.7453958251110295,1.9386106668369818,0.75,-44.0,11.716376032101099,12.579055004848799,0.862678972748465,14.1824321690232,15.0451033041476,0.8626711351194261,17.1257744724056,18.115125553882,0.9893510814749721,4.14378314065035,4.14378314065035,0.0,0.746373228209321,1.15488574877649,0.408512520567227,0.9850543877142119,1.40744979300403,0.422395405289977,1.21779109381338,2.86167590139552,1.64388480758158,0.34213868124411,1.0602289994285,0.718090318184322,0.0,0.0,0.0,53.80497190435277,56.36730744613329,1
w_r2full_ideal_40_1,22,40,0.75,36.0,-1,NEAR,-1,1,760,1,-1,1,1,1,0.7453958250364165,-1.9386106157769367,0.7453958257123855,71.72859344692695,0.75,-36.0,14.241264540721701,15.1041209818309,0.862856441106976,11.512678303156301,12.3753397321195,0.862661428966956,17.3012780324662,18.1416768334671,0.84039880099712,4.14378192558912,4.14378192558912,0.0,1.03524288826675,1.45753830477733,0.422295416510455,0.697068148721653,1.14354215067654,0.446474001955016,1.21407091535551,2.86180024579326,1.64772933043757,0.342139632773882,1.05842848268623,0.716288849912351,0.0,0.0,0.0,53.68514820148611,56.286228656939976,1
w_r2full_ideal_40_1,23,40,0.75,44.0,1,FAR,1,1,760,1,1,1,1,1,0.745395825030882,5.81583192733004,0.74539582549446,79.48303599758,0.75,36.0,12.7203704711851,13.5830808957234,0.8627104245377111,11.3510771638713,12.214276751724,0.863199587858563,2.11561820545433,2.88439388448642,0.768775679028851,4.14378093820035,4.14378093820035,0.0,1.02405252377942,1.51072862563178,0.48667610185232296,0.710235204416571,1.06601040946115,0.355775205044652,1.21083505130876,2.85687958660545,1.6460445352967799,0.286761998292001,0.9183595212083291,0.631597522916503,0.0,0.0,0.0,36.60077157794795,39.17751061304088,1
w_r2full_ideal_40_1,24,40,0.8,0.0,-1,NEAR,-1,1,760,1,-1,1,1,1,0.7938610908848055,-36.833602137688935,0.7938610908084485,36.83360213270903,0.75,44.0,12.1114528136436,13.0190706998473,0.907617886205236,11.976901957924,12.884884290133801,0.907982332208963,17.2735156261995,18.086945679836997,0.813430053636931,3.68933919545937,3.68933919545937,0.0,1.26415749696284,1.70981157298307,0.44565407601982204,1.32002119924747,1.76567639678076,0.445655197533209,1.22034567379626,2.8546953451726003,1.63434967137595,0.34213405222135396,1.05995061761723,0.7178165653959829,0.0,0.0,0.0,51.5948858280673,55.07037379783113,1
w_r2full_ideal_40_1,25,40,0.8,-44.0,1,FAR,1,1,760,1,-1,-1,1,1,0.7938610910463271,-79.48303618713004,0.7938610911573195,-5.815831908611013,0.8,0.0,11.1768850790872,12.0485025965742,0.8716175174915259,12.7696993043439,13.6332480244293,0.863548720080733,2.35656541988681,3.10323103267531,0.74666561278724,3.6833605142709103,3.6833605142709103,0.0,1.03440483015742,1.42659987999481,0.392195049837731,1.42959571201438,1.9549309849664298,0.525335272951798,1.22143708336429,2.8496605997927,1.62822351642814,0.286721656843141,0.918335087711933,0.6316134308689529,0.0,0.0,0.0,36.23633785545435,39.61786872041559,1
w_r2full_ideal_40_1,26,40,0.8,-36.0,-1,NEAR,-1,1,760,1,-1,1,1,1,0.793861091759155,-71.72859360951,0.7938610917110445,1.9386106385369528,0.8,-44.0,11.7448112827628,12.608492211864801,0.863680929101403,14.2381231325657,15.1016597623303,0.863536629759124,17.1283126383299,18.1150759848874,0.9867633465587721,3.6833629345884797,3.6833629345884797,0.0,1.0973199787304802,1.5360603230658298,0.438740344335364,1.3631107218945,1.81690159653945,0.453790874644765,1.2210548248062,2.85062334835132,1.62956852354519,0.341970647665289,1.06002182254441,0.718051174879245,0.0,0.0,0.0,53.41923606456671,56.772197984171996,1
w_r2full_ideal_40_1,27,40,0.8,36.0,-1,NEAR,-1,1,760,1,-1,1,1,1,0.7938610909374955,-1.9386106363790123,0.793861091414455,71.728593608404,0.8,-36.0,14.2963561742937,15.1600134383728,0.8636572640828291,11.5399991952428,12.403551692394199,0.8635524971448281,17.3030751614864,18.14193184471,0.8388566832224941,3.68336273427673,3.68336273427673,0.0,1.4158808352999501,1.86987185837941,0.453991023079259,1.0454428242259701,1.52193847478652,0.47649565056043197,1.2210294364482301,2.85074886108674,1.62971942463883,0.342139226606077,1.0583748272195599,0.716235600613647,0.0,0.0,0.0,53.29798339806003,56.68979373122596,1
w_r2full_ideal_40_1,28,40,0.8,44.0,1,FAR,1,1,760,1,1,1,1,1,0.7938610909362755,5.815831914837033,0.793861091049546,79.48303617956608,0.8,36.0,12.7787405445299,13.6423017384453,0.863561193919244,11.3774612919579,12.2427068222958,0.865245530337856,2.1157299020581,2.88859215959012,0.77286225753684,3.6833615584532997,3.6833615584532997,0.0,1.40570379143186,1.93098249411086,0.525278702679275,1.05760318488638,1.4299282052431599,0.37232502035708,1.22145179696375,2.84972988022758,1.62827808326375,0.286762855447665,0.918363052970194,0.631600197522578,0.0,0.0,0.0,36.225055211982294,39.58596591133631,1
w_r2full_ideal_40_1,29,40,0.85,0.0,-1,NEAR,-1,1,760,1,-1,1,1,1,0.8423263569070716,-36.83360223965104,0.842326356410203,36.83360223353793,0.8,44.0,12.1167340462156,13.0243810922092,0.9076470459886279,11.9822953193777,12.889889742950999,0.9075944235768659,17.273610106935198,18.0871189888899,0.813508881954713,3.22889228277013,3.22889228277013,0.0,1.66892026116979,2.13708533608984,0.46816507491978704,1.7276939130203302,2.19585936002132,0.46816544700099094,1.21977812934963,2.8457292216617103,1.62595109231239,0.342139428385167,1.05994497437802,0.717805545992705,0.0,0.0,0.0,51.13595630285996,55.46890099897112,1
w_r2full_ideal_40_1,30,40,0.85,-44.0,1,FAR,1,1,760,1,-1,-1,1,1,0.842326357028338,-79.48303639626397,0.842326356976075,-5.8158319328699415,0.85,0.0,11.178929926754,12.0519087500003,0.872978823242837,12.7865096665266,13.6507715729279,0.86426190640346,2.35663818445347,3.10559691370104,0.7489587292404369,3.2229420291685402,3.2229420291685402,0.0,1.41892119547403,1.82367985429165,0.404758658817603,1.8508711037885,2.40752875010333,0.556657646314807,1.22049404409231,2.84118356008381,1.6206895159916201,0.286721669698257,0.9183361110724361,0.631614441374305,0.0,0.0,0.0,35.79073893695403,40.02194754134901,1
w_r2full_ideal_40_1,31,40,0.85,-36.0,-1,NEAR,-1,1,760,1,-1,1,1,1,0.842326357030869,-71.72859382727003,0.842326356918135,1.9386106410400616,0.85,-44.0,11.7471534741873,12.611814345179999,0.864660870996373,14.252966193386598,15.1172094462675,0.864243252879589,17.1279739931582,18.1152238417734,0.987249848611761,3.22294271440682,3.22294271440682,0.0,1.4866480953549701,1.9474527999836702,0.46080470462844203,1.7795194609979,2.25583291980137,0.47631345880358006,1.2202197223953,2.84197625127703,1.6217565288819,0.34213676815168503,1.0601575687124,0.7180208005604061,0.0,0.0,0.0,52.96932416761715,57.172609887402196,1
w_r2full_ideal_40_1,32,40,0.85,36.0,-1,NEAR,-1,1,760,1,-1,1,1,1,0.842326356960201,-1.9386106489780452,0.8423263570448775,71.72859382027296,0.85,-36.0,14.310960300672402,15.175358070179799,0.864397769514359,11.5422410402082,12.4064169927188,0.8641759525085331,17.3039416918616,18.1419178874844,0.837976195617276,3.2229429619942103,3.2229429619942103,0.0,1.83501251647558,2.31154072921405,0.476528212738349,1.43205008454605,1.93050402953407,0.498453944988375,1.22019410747733,2.8420860598685,1.6218919523911899,0.342139207789081,1.05834890648947,0.7162096987002851,0.0,0.0,0.0,52.84707087873518,57.0891156374833,1
w_r2full_ideal_40_1,33,40,0.85,44.0,1,FAR,1,1,760,1,1,1,1,1,0.8423263569763679,5.81583193103008,0.8423263570823836,79.483036398467,0.85,36.0,12.7966985282967,13.6610163833636,0.86431785506857,11.3811663509754,12.247712849798601,0.866546498824983,2.11592689802429,2.89062682772726,0.7746999297010659,3.2229420352881797,3.2229420352881797,0.0,1.8257371957789699,2.38237005950331,0.556632863724427,1.44332821176445,1.8286577119341398,0.38532950016965,1.21493631482882,2.8412536857171,1.62631737088893,0.2867628755473,0.9183656007478981,0.631602725200731,0.0,0.0,0.0,35.78191738264264,39.99294515408009,1
w_r2full_ideal_40_1,34,40,0.9,0.0,-1,NEAR,-1,1,760,1,-1,1,1,1,0.8907916230688284,-36.83360231976296,0.8907916231059825,36.83360232537702,0.85,44.0,12.1069619674699,13.0146931400558,0.9077311725903,11.9726848278746,12.8800931439289,0.907408316054243,17.2735935017392,18.0875036093786,0.813910107636803,2.76845717446099,2.76845717446099,0.0,2.11213056937272,2.59849800142793,0.48636743205582106,2.17379298561814,2.6606610452138497,0.48686805959527796,1.20915153250429,2.83615222441806,1.62700069191398,0.342078906740737,1.0599253310269101,0.71784642428612,0.0,0.0,0.0,50.64682462326926,55.90598366991104,1
w_r2full_ideal_40_1,35,40,0.9,-44.0,1,FAR,1,1,760,1,-1,-1,1,1,0.8907916231310391,-79.48303655386401,0.8907916231753314,-5.8158319436670824,0.9,0.0,11.1692201946454,12.0428667209691,0.873646526323995,12.7807761850569,13.6454815786197,0.8647053935612611,2.35631909766435,3.10654513786856,0.75022604020311,2.76252259063182,2.76252259063182,0.0,1.84169343184432,2.2540722349605997,0.412378803115927,2.3106060945299403,2.89541778941187,0.584811694881704,1.20396334432577,2.8262725208027,1.6223091764769602,0.28790546211633,0.9183416475121011,0.630436185396168,0.0,0.0,0.0,35.30203019640398,40.45152022077646,1
w_r2full_ideal_40_1,36,40,0.9,-36.0,-1,NEAR,-1,1,760,1,-1,1,1,1,0.89079162316603,-71.72859396695408,0.8907916237222845,1.9386106376109158,0.9,-44.0,11.7376803359635,12.602869512208398,0.86518917624923,14.2442156905183,15.108964691678901,0.864749001156185,17.1285081526782,18.1149647550647,0.98645660238629,2.76252209509428,2.76252209509428,0.0,1.91435257417542,2.39323035474554,0.478877780569733,2.2342664986449097,2.72858234372691,0.494315845081765,1.20371989125947,2.82684848703849,1.62312859577903,0.34332423797142503,1.06013179206899,0.7168075540981179,0.0,0.0,0.0,52.47630133315376,57.59811403162622,1
w_r2full_ideal_40_1,37,40,0.9,36.0,-1,NEAR,-1,1,760,1,-1,1,1,1,0.890791623124482,-1.9386106443679552,0.8907916231606985,71.72859398056897,0.9,-36.0,14.3026561011586,15.1676880295604,0.8650319283957,11.532594532687,12.397219746974999,0.864625214292206,17.3039285113578,18.1414855732699,0.837557061908943,2.76252198463775,2.76252198463775,0.0,2.29265899548745,2.78717015376881,0.49451115828067904,1.85683440503639,2.3733236200425,0.5164892150059219,1.20371690171573,2.82694523130961,1.62322832959363,0.343325746663523,1.0583691430953601,0.715043396431848,0.0,0.0,0.0,52.35422970884802,57.51472348265933,1
w_r2full_ideal_40_1,38,40,0.9,44.0,1,FAR,1,1,760,1,1,1,1,1,0.8907916231765625,5.81583193479307,0.8907916231738235,79.48303655993294,0.9,36.0,12.7888980270111,13.653699904958199,0.8648018779432151,11.370014748115299,12.2372098440303,0.8671950959047741,2.11541891930881,2.89089321312718,0.775474293826944,2.76252225229826,2.76252225229826,0.0,2.28415524437151,2.86897579244861,0.584820548077701,1.8674007757512399,2.26089080529326,0.393490029542593,1.20398579960956,2.82635633956441,1.62237053995473,0.287946565069924,0.9183700199401009,0.630423454870668,0.0,0.0,0.0,35.28905157391845,40.418918171660316,1
w_r2full_ideal_40_1,39,40,0.95,0.0,-1,NEAR,-1,1,760,1,-1,1,1,1,0.939256889329978,-36.83360237017197,0.9392568892931246,36.83360236974698,0.9,44.0,12.0940929724615,13.0020603880943,0.9079674156406181,11.959909198891,12.8673993228792,0.907490123984578,17.2728849681539,18.0867828351052,0.813897866951689,2.3080333106598,2.30880585278487,0.000772542122967928,2.59384752113997,3.09621646975807,0.502368948618628,2.65869435632623,3.16159476529519,0.502900408969335,1.19696040128779,2.82049599222504,1.62353559093776,0.34333167280938,1.0599115648155701,0.7165798920058251,0.0,0.0,0.0,50.14545595590418,56.40326719095744,1
w_r2full_ideal_40_1,40,40,0.95,-44.0,1,FAR,1,1,760,1,-1,-1,1,1,0.939256889409107,-79.48303668865807,0.9392568893512975,-5.815831944520955,0.95,0.0,11.1532028874974,12.0272162456032,0.8740133581048131,12.7680117380139,13.633006085070301,0.864994347053769,2.35642155437225,3.10756959887935,0.751148044518146,2.3021030329430903,2.3021030329407903,2.31111593326468e-18,2.3027560440365797,2.72016801584771,0.417411971810972,2.80878973971404,3.42049163501136,0.611701895297467,1.19752775282918,2.8168617628288297,1.61933401,0.287905219999258,0.918346676003137,0.630441456003062,0.0,0.0,0.0,34.80510340132561,40.94576305218468,1
w_r2full_ideal_40_1,41,40,0.95,-36.0,-1,NEAR,-1,1,760,1,-1,1,1,1,0.939256888808686,-71.72859409482801,0.9392568895221549,1.9386106508459955,0.95,-44.0,11.721996175328101,12.5875374907608,0.865541315427455,14.2295882633133,15.0945805377159,0.864992274402369,17.1297341346412,18.115151424477098,0.9854172898468989,2.30210202405368,2.3028794207894103,0.000777396739414105,2.38045123158803,2.87551099382368,0.495059762235535,2.7273794422197497,3.2375730849704802,0.510193642751426,1.19730933990462,2.81718082409864,1.6198714841941702,0.34332211762646403,1.06010726823652,0.71678515061006,0.0,0.0,0.0,51.97743696607837,58.09052104487253,1
w_r2full_ideal_40_1,42,40,0.95,36.0,-1,NEAR,-1,1,760,1,-1,1,1,1,0.9392568894177855,-1.9386106498670008,0.939256889252877,71.72859409671406,0.95,-36.0,14.288822864914101,15.1541894847144,0.8653666198090061,11.5168466666778,12.3818132220834,0.86496655540908,17.3044106248516,18.141412562203,0.837001937351907,2.30210204871923,2.30287942900729,0.000777380289240693,2.78882967726117,3.2991933924258303,0.510363715164478,2.31988211082755,2.85252515484305,0.53264304401615,1.19730557603265,2.81728736034128,1.61998178430844,0.343323437678764,1.05830383597838,0.714980398299813,0.0,0.0,0.0,51.85588589432775,58.00760444159663,1
w_r2full_ideal_40_1,43,40,0.95,44.0,1,FAR,1,1,760,1,1,1,1,1,0.9392568894114846,5.815831953306927,0.9392568893586045,79.48303669526102,0.95,36.0,12.775763365575699,13.6408782354482,0.86511486987231,11.3540886044765,12.2216234492418,0.86753484476861,2.11544498828917,2.89114765796134,0.775702669665324,2.30210191826678,2.3021019182668496,7.318533788671501e-18,2.78093924703508,3.39270277845635,0.611763531422284,2.32981846885026,2.72888049942817,0.399062030578362,1.19757083674607,2.81691436622835,1.61934352948222,0.28794573542012897,0.918373021303549,0.630427285883474,0.0,0.0,0.0,34.79103864845009,40.91262192633461,1
w_r2full_ideal_40_1,44,40,1.0,0.0,-1,NEAR,-1,1,760,1,-1,1,1,1,0.9877221556346809,-36.833602435977994,0.9877221556793929,36.83360247765399,0.95,44.0,12.0881190309363,12.9960032935737,0.9078842626409409,11.954040408866,12.8613581663302,0.907317757476525,17.2749806665751,18.0873235581054,0.812342891544872,1.84761337424812,1.85095649281061,0.00334311856607708,3.11402376920077,3.63112917905604,0.517105409854953,3.18223082671733,3.6998970761298104,0.5176662494120771,1.1901569931062301,2.81043899552098,1.62028200241384,0.34129798288610097,1.0578846620391802,0.716586679152768,0.0,0.0,0.0,49.663965168380074,56.99499142356592,1
w_r2full_ideal_40_1,45,40,1.0,-44.0,1,FAR,1,1,760,1,-1,-1,1,1,0.987722155729487,-79.48303681302593,0.987722155236493,-5.8158319491480315,1.0,0.0,11.143633747736,12.0178159609427,0.8741822131914571,12.7694714344599,13.634492373853,0.8650209394057641,2.35648008921598,3.10877876251268,0.75229867330069,1.84168326611313,1.8427017813252302,0.00101851521279383,2.80213679824227,3.22276887705437,0.420632078812265,3.34538002612132,3.9834113553938097,0.638031329273352,1.1907574631359399,2.8075039781865,1.61674651505078,0.287905590897564,0.918352375826882,0.6304467849290091,0.0,0.0,0.0,34.32964523264699,41.53582546509517,1
w_r2full_ideal_40_1,46,40,1.0,-36.0,-1,NEAR,-1,1,760,1,-1,1,1,1,0.9877221556875925,-71.72859419181488,0.987722155740002,1.9386106391339197,1.0,-44.0,11.7129938777069,12.578579639784001,0.865585762077702,14.232441050849001,15.0974476932795,0.865006642433052,17.133039669536103,18.1157243792024,0.982684709652204,1.84168264384546,1.84503268737409,0.00335004352812446,2.88494303977506,3.39499160993804,0.510048570162425,3.25887066445081,3.78363255041408,0.52476188596433,1.19049706692271,2.8073925490103604,1.61689548208904,0.341292242742982,1.0580441367909,0.7167518940481681,0.0,0.0,0.0,51.502221085441256,58.68084524579338,1
w_r2full_ideal_40_1,47,40,1.0,36.0,-1,NEAR,-1,1,760,1,-1,1,1,1,0.987722155660516,-1.938610652228001,0.9877221557900826,71.72859420983502,1.0,-36.0,14.2908940562986,15.156249325212299,0.865355268929199,11.5077174739478,12.3727870336988,0.865069559759957,17.3057413250574,18.142106582507,0.836365257458789,1.8416820201157298,1.8450320505331101,0.0033500304202980303,3.32343908830688,3.8483411506329697,0.5249020623263521,2.82122601143874,3.36880009256964,0.547574081130866,1.19049601418052,2.80751182349295,1.61701580931213,0.34146152165818,1.05640092656445,0.714939404906019,0.0,0.0,0.0,51.38008774200861,58.597228985211224,1
w_r2full_ideal_40_1,48,40,1.0,44.0,1,FAR,1,1,760,1,1,1,1,1,0.9877221557081065,5.815831951450967,0.9877221557077785,79.483036813343,1.0,36.0,12.7769893825062,13.6421944634818,0.865205080974993,11.344622214273,12.2123154837179,0.867693269450322,2.11546473711098,2.89170866172654,0.776243924618274,1.84168325901262,1.8427026862755902,0.00101942726491985,3.3161514565281403,3.95423007460473,0.638078618076094,2.8306304859211,3.23344928076836,0.402818794846959,1.19075852074375,2.80752294011908,1.61676441937486,0.287945738171214,0.918378832493439,0.630433094322247,0.0,0.0,0.0,34.31482306781435,41.502502423187444,1
w_r2full_ideal_40_1,49,40,1.05,0.0,-1,NEAR,-1,1,760,1,-1,1,1,1,1.03618742198165,-36.833602478600014,1.03618742164581,36.83360324128016,1.0,44.0,12.1021886618586,13.0102409384177,0.9080522765650939,11.9681590069814,12.875549910953,0.907390903967824,17.2729727684411,18.0871929133259,0.8142201448869291,1.38719560719511,1.39417661289384,0.006981005697343561,3.67258374686528,4.20341565895049,0.530831912083788,3.74423778930708,4.27565806044401,0.531420271137522,1.18326140509393,2.80036342274924,1.61710201765441,0.341430268361739,1.05805702720926,0.7166267588481781,0.0,0.0,0.0,49.22558082554894,57.70465454494344,1
w_r2full_ideal_40_1,50,40,1.05,-44.0,1,FAR,1,1,760,1,-1,-1,1,1,1.036187422187068,-79.48303701742398,1.03618742210986,-5.815831972080021,1.05,0.0,11.1476654894782,12.0218153305607,0.874149841082372,12.8072667833011,13.672330219555501,0.865063436261808,2.35653285517217,3.11079021550725,0.754257360335506,1.38126282836191,1.38511375685504,0.0038509284930465,3.3398498763961397,3.76199929159279,0.422149415195904,3.9203381119552403,4.58425964752157,0.66392153556606,1.1838650546693,2.7983261116608302,1.6144610569907,0.287905655250928,0.918354904833073,0.63044924958225,0.0,0.0,0.0,33.9067305389724,42.252989478086754,1
w_r2full_ideal_40_1,51,40,1.05,-36.0,-1,NEAR,-1,1,760,1,-1,1,1,1,1.0361874221363498,-71.72859428472012,1.036187421973985,1.9386106661700708,1.05,-44.0,11.7185247008811,12.5841408914372,0.8656161905458439,14.272712958499298,15.1377207047443,0.865007746235895,17.1336893072848,18.1153882978882,0.981698990611207,1.38126263879026,1.3882520020381799,0.00698936324848025,3.4277924882660997,3.9518436092796203,0.524051121014242,3.82871154169118,4.36702784746963,0.538316305777905,1.1836009242541001,2.7977440639946396,1.61414313974064,0.341289472665086,1.0579884993358901,0.716699026670539,0.0,0.0,0.0,51.081234459438406,59.400105916187655,1
w_r2full_ideal_40_1,52,40,1.05,36.0,-1,NEAR,-1,1,760,1,-1,1,1,1,1.036187422049835,-1.9386106582299778,1.03618742207094,71.7285942771999,1.05,-36.0,14.3323176485841,15.197733913333499,0.865416264753205,11.5133770279266,12.378395508062601,0.865018480128667,17.308903255327,18.1427042293045,0.833800973987222,1.3812627297020499,1.38825207567281,0.00698934597150647,3.89646726724805,4.43488949568083,0.538422228431844,3.36092601948453,3.9223998087080503,0.561473789223471,1.18359798072893,2.79784537270538,1.6142473919768001,0.341293451200401,1.05619372307457,0.714900271874277,0.0,0.0,0.0,50.96112482215336,59.31841412654224,1
w_r2full_ideal_40_1,53,40,1.05,44.0,1,FAR,1,1,760,1,1,1,1,1,1.03618742205847,5.815831972999952,1.036187422162792,79.48303690921598,1.05,36.0,12.815006767809301,13.680207454628901,0.8652006868262719,11.348819228517401,12.2165204128723,0.867701184348568,2.11564042067205,2.89361610351446,0.777975682833951,1.38126313784893,1.38511486945024,0.0038517315991520597,3.889689521667,4.5536534758139,0.6639639541461,3.36977829099047,3.7747891143725196,0.40501082338184397,1.18386187963254,2.79830583524196,1.61444395560979,0.28794617399017497,0.918386581271373,0.630440407280955,0.0,0.0,0.0,33.89215125697923,42.22059384716565,1
w_r2full_ideal_40_1,54,40,1.1,0.0,-1,NEAR,-1,1,760,1,-1,1,1,1,1.084652688203825,-36.83360208653008,1.0846526881696201,36.83360311189987,1.05,44.0,12.148893414671601,13.0569801576459,0.908086742967827,12.0148248700405,12.9223132844395,0.9074884144005391,17.2726432058122,18.086753811902398,0.814110606077558,0.9267783126085011,0.938413732511847,0.0116354199044579,4.269523531753641,4.8131054728872495,0.543581941132415,4.344665066284749,4.88886007992194,0.5441950136377159,1.1763357388157598,2.7908667232286,1.61453098441341,0.3414670063589,1.0580026066182802,0.716535600259151,0.0,0.0,0.0,48.85333031634652,58.555295869155714,1
w_r2full_ideal_40_1,55,40,1.1,-44.0,1,FAR,1,1,760,1,-1,-1,1,1,1.084652688436,-79.48303695725988,1.0846526884938852,-5.81583197740998,1.1,0.0,11.171482920341399,12.04564745824,0.874164537893494,12.9102622229234,13.7752699462701,0.8650077233377109,2.35655770609004,3.1144963559054397,0.757938649816308,0.920843273783773,0.9286406170830169,0.00779734329746218,3.91594522620497,4.33800498788013,0.422059761675535,4.53369861781602,5.223074688343321,0.689376070526743,1.17694291992067,2.78913930360378,1.6121963836830502,0.287905492273183,0.9183569941789099,0.630451501905109,0.0,0.0,0.0,33.571550675281244,43.1326303515047,1
w_r2full_ideal_40_1,56,40,1.1,-36.0,-1,NEAR,-1,1,760,1,-1,1,1,1,1.08465268820147,-71.72859486904004,1.0846526884755852,1.9386106638499268,1.1,-44.0,11.7453086981367,12.610927518496899,0.865618820363712,14.3819514548797,15.246947516893401,0.8649960620195429,17.133335310565002,18.1143935457033,0.981058235143726,0.920842649694757,0.932487494037321,0.0116448443449733,4.00901154189704,4.54611554136643,0.537103999467182,4.43691987834224,4.98780871120756,0.5508888328657341,1.17668245427996,2.78817797666175,1.61149552238193,0.34129231287946,1.0578887310299,0.7165964181504679,0.0,0.0,0.0,50.750822782822574,60.28474703539656,1
w_r2full_ideal_40_1,57,40,1.1,36.0,-1,NEAR,-1,1,760,1,-1,1,1,1,1.084652688449345,-1.9386106467900177,1.0846526885294598,71.72859433159995,1.1,-36.0,14.440911003517,15.3063114060891,0.8654004025655601,11.540148981781801,12.405160825647501,0.8650118438683491,17.311468597459303,18.1441938930865,0.832725295628909,0.9208427286283309,0.932487545483523,0.011644816855084401,4.50785674170886,5.05881314074888,0.550956399039107,3.9389656839792297,4.51333909173098,0.574373407752483,1.17667936584322,2.78830471807015,1.61162535222702,0.341293447792588,1.05609125175879,0.714797803966126,0.0,0.0,0.0,50.632549640135565,60.20470187261543,1
w_r2full_ideal_40_1,58,40,1.1,44.0,1,FAR,1,1,760,1,1,1,1,1,1.0846526885334251,5.815831975849894,1.084652688414425,79.48303696046999,1.1,36.0,12.9185053804422,13.7836524466817,0.865147066249211,11.3724870241257,12.240358425706,0.867871401573574,2.1152731162118696,2.89789080212561,0.782617685905627,0.9208431156079729,0.928641995662862,0.00779888005375258,4.50160326990518,5.19104180825942,0.689438538353198,3.94729247657812,4.35306498454461,0.405772507965661,1.1769437655911001,2.78912517264488,1.61218140705441,0.28988384889435603,0.920328665172313,0.6304448162784679,0.0,0.0,0.0,33.559997507993366,43.104104300797395,1
w_r2full_ideal_40_1,59,40,1.15,0.0,-1,NEAR,-1,1,760,1,-1,1,1,1,1.1331179547523802,-36.83360216109999,1.1331179548169001,36.833602500199845,1.1,44.0,12.2291198231955,13.1372429385612,0.908123115364088,12.095074738490998,13.0026366605668,0.9075619220682261,17.2738457016005,18.0861739555749,0.81232825396965,0.46636077492441697,0.483984077995678,0.0176233030705804,4.90483170347429,5.46020546796321,0.555373764488934,4.98347456741076,5.53944344074184,0.5559688733304461,1.16940609243721,2.78130922754048,1.61190313510295,0.341297565290775,1.05778517299129,0.716487607700283,0.0,0.0,0.0,48.54913203323035,59.5487809419354,1
w_r2full_ideal_40_1,60,40,1.15,-44.0,1,FAR,1,1,760,1,-1,-1,1,1,1.1331179549209849,-79.4830369860502,1.13311795490466,-5.815831978380093,1.15,0.0,11.2177950771151,12.0920019120796,0.8742068349679261,13.0654531838171,13.9304549842474,0.865001800436553,2.35609544466615,3.11883226803186,0.762736823372264,0.460423181257503,0.47350158096499895,0.0130783997074108,4.530396964679699,4.9507890896834095,0.420392125003033,5.18540921985146,5.899829138643891,0.714419918792775,1.1700230419341402,2.77978922467228,1.6097661827379,0.289844022125448,0.92029701240718,0.6304529902825969,0.0,0.0,0.0,33.31487698240332,44.16549521073062,1
w_r2full_ideal_40_1,61,40,1.15,-36.0,-1,NEAR,-1,1,760,1,-1,1,1,1,1.1331179547894,-71.72859471443994,1.133117955027265,1.9386106522700786,1.15,-44.0,11.796420660212,12.662019526071399,0.865598865857116,14.5407300979269,15.405719580950699,0.864989483022498,17.1308844122374,18.1131569122124,0.98227249996797,0.46042270378607303,0.478056630198976,0.017633926407891798,4.62859962988456,5.17778277422587,0.5491831443404139,5.08349765417701,5.64595760297526,0.5624599487978771,1.16976332996928,2.77861914445108,1.60885581448233,0.34146248506578997,1.05791809130563,0.716455606239356,0.0,0.0,0.0,50.49548988519018,61.31923026239131,1
w_r2full_ideal_40_1,62,40,1.15,36.0,-1,NEAR,-1,1,760,1,-1,1,1,1,1.1331179549865649,-1.9386106542900183,1.133117954979445,71.72859436759005,1.15,-36.0,14.5990819382722,15.4644812870154,0.865399348741423,11.5912468812297,12.4562706701417,0.8650237889213509,17.3132691913386,18.1465329780567,0.83326378672686,0.46042275465858995,0.478056629505762,0.0176338748481389,5.15761162886238,5.7200965654842095,0.5624849366222839,4.555377245963831,5.14162891750337,0.586251671540628,1.16976078330748,2.77870783270779,1.60894704939978,0.341461934188418,1.05604009732027,0.7145781631320111,0.0,0.0,0.0,50.38008949474762,61.2418149777352,1
w_r2full_ideal_40_1,63,40,1.15,44.0,1,FAR,1,1,760,1,1,1,1,1,1.133117954900195,5.815831967010077,1.1331179549022,79.48303698746018,1.15,36.0,13.0746302900274,13.9397596895376,0.865129399501894,11.4187949222154,12.2865117183647,0.867716796136596,2.11565491326897,2.90464754171744,0.7889926284411559,0.46042308308367497,0.473503740013178,0.0130806569306442,5.15188506770425,5.86637131758508,0.714486249879749,4.563174478740501,4.9682717788816895,0.40509730013873,1.17002330374656,2.77975690609998,1.60973360235442,0.28988508478625596,0.9203369502480381,0.630451865461187,0.0,0.0,0.0,33.30451654598094,44.13915964244771,1
w_r2full_ideal_40_1,64,40,1.16,0.0,-1,NEAR,-1,1,760,1,-1,1,1,1,1.14281100791232,-36.833602506499915,1.1428110081738798,36.833602506040066,1.15,44.0,12.282344659208801,13.1560841899407,0.873739530734916,12.1482673209577,13.0214366817835,0.8731693608166521,17.273736800363498,18.0860408139879,0.81230401361425,0.369526500227352,0.38870365377765,0.0191771535504842,4.962537102246269,5.52066950361346,0.558132401369622,5.0437927233007,5.6014004541659,0.557607730864149,1.16801488249968,2.77939803591143,1.61138315341207,0.34129724445743204,1.05779730983113,0.716500065373927,0.0,0.0,0.0,48.48946068523231,59.61153064301167,1
w_r2full_ideal_40_1,65,40,1.16,-44.0,1,FAR,1,1,760,1,-1,-1,1,1,1.142811008257985,-79.48303699288984,1.1428110082451801,-5.81583197582014,1.16,0.0,11.229784854404901,12.1039372817312,0.874152427320472,13.098221040390301,13.9632311167443,0.865010076362451,2.35603438457734,3.1197683905337397,0.7637340059491889,0.368339175549779,0.382827871789923,0.0144886962394249,4.65789241996751,5.0777581768587,0.41986575689135003,5.32035506169674,6.03973660444612,0.719381542751866,1.1686389554485999,2.77798438777716,1.60934543232796,0.289843919810728,0.9202966113955451,0.630452691584688,0.0,0.0,0.0,33.26804565997187,44.38554044127669,1
w_r2full_ideal_40_1,66,40,1.16,-36.0,-1,NEAR,-1,1,760,1,-1,1,1,1,1.142811007827445,-71.72859468864989,1.1428110081246752,1.9386106654699642,1.16,-44.0,11.8093819340988,12.6750302873429,0.865648353245793,14.573440596510702,15.4384347767847,0.8649941802850649,17.1306614448416,18.1128557302814,0.982194285439848,0.368338728196756,0.38752667349532705,0.019187945302203302,4.75712154517536,5.30859772064188,0.551476175466464,5.21741796091539,5.782077909831,0.564659948913898,1.16837958922028,2.77678373908766,1.60840414986906,0.341460498084321,1.05788225237627,0.716421754292127,0.0,0.0,0.0,50.44851345936826,61.53918908984114,1
w_r2full_ideal_40_1,67,40,1.16,36.0,-1,NEAR,-1,1,760,1,-1,1,1,1,1.14281100828249,-1.9386106548000548,1.14281100827608,71.7285943708199,1.16,-36.0,14.631528696928399,15.496924851012901,0.865396154087137,11.6042199967239,12.4693007213795,0.8650807246687969,17.314003238601998,18.147024944294,0.8330217056899619,0.368338782889782,0.38752668202984203,0.019187899139889598,5.29216595191906,5.85684201511676,0.5646760631958969,4.683265692934101,5.271764090541461,0.588498397605277,1.16837661715822,2.7768801851508003,1.60850356799306,0.341461614772588,1.05601623764837,0.714554622874857,0.0,0.0,0.0,50.333673621515416,61.46227972717364,1
w_r2full_ideal_40_1,68,40,1.16,44.0,1,FAR,1,1,760,1,1,1,1,1,1.142811008156795,5.815831978349895,1.1428110082049798,79.483036991,1.16,36.0,13.107701209851301,13.9728369657174,0.865135755874755,11.4307466475118,12.2984697902903,0.867723142785894,2.11574263182212,2.90598442451415,0.790241792684536,0.36833908175659,0.382830141906335,0.014491060151807301,5.28654591702344,6.00599377246936,0.719447855445664,4.69095515495502,5.09574299264478,0.40478783768960896,1.1686385783459998,2.7779644788025704,1.60932590045671,0.28988513631074003,0.920336525328806,0.6304513890189181,0.0,0.0,0.0,33.25842232655956,44.3601590916737,1
w_r2full_ideal_40_1,69,40,1.17,0.0,-1,NEAR,-1,1,760,1,-1,1,1,1,1.15250406152033,-36.83360250416001,1.1525040615427349,36.833602508450134,1.16,44.0,12.3015415525225,13.1753005796848,0.873759027149335,12.1674246511601,13.0405965148046,0.873171863649908,17.2719871284254,18.0859090239517,0.813921895538394,0.27744259896372697,0.298350527338763,0.020907928376395,5.09510313798076,5.65531971532755,0.5602165773478011,5.17705584514033,5.73686752671117,0.559811681571602,1.16662933534865,2.777622200643,1.6109928652938799,0.341463585314654,1.05794580940967,0.716482224095755,0.0,0.0,0.0,48.43572465583253,59.82791189787125,1
w_r2full_ideal_40_1,70,40,1.17,-44.0,1,FAR,1,1,760,1,-1,-1,1,1,1.15250406160637,-79.4830369911601,1.1525040615241648,-5.81583197798996,1.17,0.0,11.2424554351417,12.1166675655513,0.8742121304092461,13.1306755860758,13.9956724426,0.864996856511892,2.35606570577345,3.12070895467421,0.764643248895049,0.276255160174684,0.292329632698248,0.0160744725240687,4.78692280047123,5.2061975522019805,0.419274751731934,5.4568351541948195,6.18116167188567,0.72432651769118,1.16725528792228,2.77637062086228,1.60911533294034,0.289843263711835,0.920297172327549,0.630453908613948,0.0,0.0,0.0,33.222046388713586,44.60940561280123,1
w_r2full_ideal_40_1,71,40,1.17,-36.0,-1,NEAR,-1,1,760,1,-1,1,1,1,1.152504061167915,-71.72859466203008,1.1525040615242852,1.9386106648699997,1.17,-44.0,11.8230802964908,12.6886862462431,0.865605949750339,14.604794658383401,15.469831282699701,0.865036624328739,17.1303675357058,18.112400783206798,0.982033247503209,0.276254738237952,0.297173697618205,0.0209189593798328,4.887177851485441,5.440907976461871,0.553730124975723,5.352872614492339,5.919699141533711,0.5668265270411911,1.16699575146756,2.7751697719978603,1.60817402053034,0.341447111605478,1.05785951351042,0.716412401904693,0.0,0.0,0.0,50.401121295276084,61.76172841327167,1
w_r2full_ideal_40_1,72,40,1.17,36.0,-1,NEAR,-1,1,760,1,-1,1,1,1,1.1525040616122602,-1.938610653940076,1.15250406145693,71.72859435846001,1.17,-36.0,14.6631915786735,15.5286060171479,0.865414438480502,11.617927008383,12.482940296613899,0.8650132882289949,17.314777419595398,18.147520195334298,0.8327427757345309,0.27625478231561196,0.297173708427669,0.0209189261150381,5.428253501731859,5.99508759280053,0.5668340910664941,4.81268879756506,5.40339483953121,0.590706041966914,1.16699355374438,2.7752066638281,1.60821311008373,0.341461051551755,1.0559846237922201,0.714523572240796,0.0,0.0,0.0,50.287431505144085,61.685913937475824,1
w_r2full_ideal_40_1,73,40,1.17,44.0,1,FAR,1,1,760,1,1,1,1,1,1.15250406146406,5.815831976079933,1.152504061572305,79.48303699122982,1.17,36.0,13.1403141992891,14.0054580640338,0.865143864739502,11.4434472174672,12.3111244392467,0.8676772217752511,2.1158470928754802,2.90727311601182,0.791426023145379,0.276255080628652,0.292331995998671,0.0160769153694515,5.4227414605060895,6.14713603921155,0.72439457870364,4.82027060248219,5.2246911930822,0.404420590599785,1.16725523435683,2.7763566526021197,1.6091014182453,0.289885155728747,0.920337426741053,0.630452271012735,0.0,0.0,0.0,33.21288169463416,44.58470892692792,1
w_r2full_ideal_40_1,74,40,1.175,0.0,-1,NEAR,-1,1,760,1,-1,1,1,1,1.15735058812398,-36.83360251143996,1.1573505882095398,36.833602499940056,1.17,44.0,12.315405381863101,13.184872022688701,0.869466640812345,12.1812739926493,13.0502149783865,0.868940985725021,17.271820737121,18.0857307929872,0.813910055860555,0.23080666137829098,0.252651292943896,0.0218446315621825,5.15247641649712,5.71971767848272,0.567241261986559,5.23501524002978,5.795916176892391,0.560900936863399,1.1659358351808602,2.7768861804987504,1.61095034531812,0.341458312320516,1.05795136586283,0.7164930535410969,0.0,0.0,0.0,48.40830663336788,59.923940488742986,1
w_r2full_ideal_40_1,75,40,1.175,-44.0,1,FAR,1,1,760,1,-1,-1,1,1,1.157350588206005,-79.48303697935,1.1573505881794302,-5.815831981380137,1.175,0.0,11.248989024819,12.1231399729868,0.8741509481663521,13.1465978464838,14.0116105321155,0.865012685652771,2.35606715296723,3.1211498869975,0.765082734023607,0.230213093763296,0.247151392194039,0.0169382984279712,4.85201235573943,5.27096811211684,0.418955756380477,5.5256488188243695,6.25244619960592,0.726797380782764,1.16654813032869,2.77564625852454,1.60909812819631,0.28984296385860703,0.920295844032336,0.630452880173632,0.0,0.0,0.0,33.198993886850715,44.722408198573476,1
w_r2full_ideal_40_1,76,40,1.175,-36.0,-1,NEAR,-1,1,760,1,-1,1,1,1,1.15735058810289,-71.72859465740001,1.157350588183435,1.9386106637100387,1.175,-44.0,11.8301401484013,12.695763836144,0.865623687747882,14.6202395573064,15.485232663241101,0.864993105913739,17.1303685120294,18.1123596012877,0.981991089259132,0.23021274758841198,0.252068516198497,0.0218557686102803,4.95278146264975,5.50762145211387,0.554839989466322,5.42117570683299,5.98907048314831,0.5678947763159701,1.1663025734542,2.77443271630116,1.60813014284827,0.341337836667369,1.05785230868455,0.716514472017616,0.0,0.0,0.0,50.37770964185701,61.87440157711919,1
w_r2full_ideal_40_1,77,40,1.175,36.0,-1,NEAR,-1,1,760,1,-1,1,1,1,1.15735058795847,-1.9386106535801417,1.15735058813396,71.72859435842005,1.175,-36.0,14.678671533147499,15.5440476423808,0.8653761092444621,11.6249885214699,12.4900121832032,0.8650236617503531,17.3151174185735,18.1477434481394,0.832626029556613,0.230212782204436,0.252068518796159,0.0218557365892006,5.49687255055469,6.06477048004204,0.567897929493017,4.87797602118526,5.46976645286869,0.5917904316793601,1.16630111517223,2.7745255836804703,1.60822446850777,0.34145897613562404,1.05596817196623,0.71450919583029,0.0,0.0,0.0,50.26436554816626,61.79890248107699,1
w_r2full_ideal_40_1,78,40,1.175,44.0,1,FAR,1,1,760,1,1,1,1,1,1.15735058821096,5.81583197342006,1.15735058830996,79.48303700180004,1.175,36.0,13.1563294088721,14.0214661005857,0.865136691699816,11.4500398912535,12.317701212606,0.867661321366962,2.116924471812,2.90892348631564,0.791999014497978,0.23021307555058,0.24715381019294103,0.0169407346422498,5.49141450808791,6.2182804866253,0.726865978536265,4.88550376855853,5.28971930939317,0.40421554083237904,1.1665637455784599,2.77564539213638,1.60908164655685,0.286379198708022,0.9168376379734149,0.630458439264856,0.0,0.0,0.0,33.18772763981008,44.69572743582855,1
w_r2full_ideal_40_1,79,40,1.178,0.0,-1,NEAR,-1,1,760,1,-1,1,1,1,1.1602585041185098,-36.83360251440004,1.16025850417758,36.833602495299985,1.175,44.0,12.3197207836651,13.1884818070369,0.868761023361948,12.185565175337201,13.0537684459053,0.868203270550553,17.2718962150954,18.0857780198819,0.81388180477608,0.202943654865366,0.225377213896803,0.0224335590323939,5.1889340682165,5.759913186388929,0.5709791181699551,5.27177662535399,5.83332771100311,0.561551085650798,1.17824405996957,2.78918369751925,1.6109396375499598,0.341463079108035,1.05795038405409,0.7164873049467769,0.0,0.0,0.0,48.40053956829424,59.99378046568628,1
w_r2full_ideal_40_1,80,40,1.178,-44.0,1,FAR,1,1,760,1,-1,-1,1,1,1.160258504193705,-79.48303697929005,1.16025850424554,-5.815831981999864,1.178,0.0,11.2499056682912,12.1249945184256,0.875088850119507,13.1529034791001,14.0188552220319,0.865951742938917,2.35707872549701,3.1223910455227504,0.765312320023241,0.202587686593088,0.2200705948586,0.017482908263888,4.891244453204551,5.31000050626539,0.418756053058579,5.5671154343892395,6.2953948944088705,0.7282794600180029,1.17887084878632,2.78795811013953,1.6090872613501501,0.286337584796594,0.91678844140247,0.630450856603118,0.0,0.0,0.0,33.19105793238085,44.79645333305511,1
w_r2full_ideal_40_2,1,40,1.178,-36.0,-1,NEAR,-1,1,760,1,-1,1,1,1,1.16025850382913,-71.72859435413991,1.16025850393881,1.9386104381999836,0.6,0,11.2440307621166,12.6182919597361,1.37426119761972,14.0482569904018,15.421821464461301,1.37356447405941,17.3294942333071,18.1426083151167,0.813114081809064,0.271613974903233,0.294059024127196,0.0224450492239146,5.87128743042861,6.4268016065482,0.555514176119524,6.4349526802998405,7.0034977627882204,0.568545082488404,1.1842979957495101,2.7822677890254703,1.59796979327595,0.34100025050579597,1.05819003110924,0.717189780603439,0.0,0.0,0.0,50.31723858357601,63.74753795291243,1
w_r2full_ideal_40_2,2,40,1.178,36.0,-1,NEAR,-1,1,760,1,-1,1,1,1,1.160258504210445,-1.9386106638701328,1.16025850416043,71.72859436472012,1.178,-36.0,14.6854348164585,15.548051439612601,0.862616623153526,11.6269672541056,12.489207713071501,0.862240458966437,17.3150458015612,18.144387667622198,0.82934186606103,0.20258765818490898,0.22503236112257002,0.0224447029376242,5.5382689359143304,6.10680349917339,0.56853456325903,4.9172919059792894,5.50821844203934,0.5909265360599639,1.1844650333213,2.7829466170076,1.5984815836863,0.340844421467293,1.0568872917988499,0.716042870331528,0.0,0.0,0.0,50.24651309023532,61.86153503144804,1
w_r2full_ideal_40_2,3,40,1.178,44.0,1,FAR,1,1,760,1,1,1,1,1,1.16025850416873,5.815831974200103,1.1602585041223201,79.4830369914401,1.178,36.0,13.164306949974,14.0263334728754,0.8620265229005519,11.452337225018999,12.3171952870999,0.8648580620806611,2.1204643773662903,2.9093529912099303,0.788888613843945,0.202587880910237,0.220073212882046,0.0174853319717599,5.532802799264861,6.26115129666899,0.728348497404175,4.92482810320344,5.32891315854443,0.40408505534127104,1.18312230863642,2.78314987764279,1.6000275690064,0.286089764108382,0.9181054770147481,0.632015712906414,0.0,0.0,0.0,33.17421031872481,44.76427477393823,1
w_r2full_ideal_40_2,4,40,1.18,0.0,-1,NEAR,-1,1,760,1,-1,1,1,1,1.162197114982515,-36.833602526869846,1.162197114827625,36.83360248789014,1.178,44.0,12.3257635152424,13.1896417149472,0.863878199705075,12.1916753968718,13.054957313869199,0.8632819169978221,17.2754393219256,18.0858193984783,0.810380076552592,0.18440831719255302,0.207244666873672,0.0228363496812283,5.2145526035846,5.78690105311913,0.572348449534315,5.29628672473601,5.85826946221202,0.561982737475619,1.18296655492496,2.78411586099826,1.60114930607326,0.341074046736003,1.05893500316136,0.7178609564254079,0.0,0.0,0.0,48.38071395832799,60.02588447365914,1
w_r2full_ideal_40_2,5,40,1.18,-36.0,-1,NEAR,-1,1,760,1,-1,1,1,1,1.162197114824905,-71.72859435854994,1.162197114536285,1.938610655050077,1.18,0.0,11.7635525149574,12.6268510403309,0.8632985253712541,14.571180117813899,15.433843634220501,0.862663516407178,17.3295459689203,18.1420166289631,0.8124706600431011,0.184171148628705,0.207018747289444,0.0228475986608063,4.977674806158761,5.5418733231067,0.5641985169481469,5.53189258293774,6.10085602564594,0.56896344270825,1.1833597130018298,2.78264970309278,1.59928999009083,0.340888771821847,1.05834160389006,0.71745283206821,0.0,0.0,0.0,50.25072135778678,61.89345070653942,1
w_r2full_ideal_40_2,6,40,1.18,36.0,-1,NEAR,-1,1,760,1,-1,1,1,1,1.162197114867945,-1.9386106650900459,1.162197114821925,71.72859436433,1.18,-36.0,14.6913887932203,15.554429194120202,0.8630404009006211,11.629830158325799,12.4925084254394,0.862678267114231,17.3191512743785,18.1481554053867,0.829004131008606,0.184171082453397,0.207018571802258,0.022847489348862802,5.56373004256687,6.1326900309706405,0.568959988403357,4.945804009295641,5.53653025086799,0.590726241571999,1.18303859350814,2.7827342945177502,1.59969570100962,0.341021614938775,1.05691540922685,0.715893794288098,0.0,0.0,0.0,50.24176130049316,61.91098158233179,1
w_r2full_ideal_40_2,7,40,1.185,0.0,-1,NEAR,-1,1,760,1,-1,1,1,1,1.1670436414895349,-36.83360251121015,1.1670436414418002,36.83360250399992,1.18,36.0,12.3308016516614,13.1979469524133,0.86714530075201,12.1968173504866,13.0634010625759,0.866583712088291,17.3190898135214,18.125321585512502,0.806231771993419,0.138722965075856,0.162610244338534,0.0238872792625935,5.29492623339394,5.85884699418534,0.563920760791895,5.363027212872329,5.92607991718658,0.5630527043142369,1.1817874314946402,2.78419763943253,1.60241020793775,0.340958818393144,1.05910956122201,0.718150742828979,0.0,0.0,0.0,48.39258704549478,60.1775139568667,1
w_r2full_ideal_40_2,8,40,1.188,0.0,-1,NEAR,-1,1,760,1,-1,1,1,1,1.16995155749533,-36.83360251362,1.169951557472055,36.833602518069995,1.185,0.0,12.338815738441001,13.204269248207499,0.865453509765991,12.2048102440004,13.0697168170596,0.864906573057968,17.3189109909325,18.1251054921307,0.806194501197578,0.110860232905915,0.135412974900661,0.024552741994851003,5.366196376531049,5.92988779261241,0.563691416080766,5.36619635334378,5.92988572240494,0.563689369061501,1.17956270336578,2.78377284178742,1.6042101384215899,0.34095284039469803,1.05911062787774,0.71815778748279,0.0,0.0,0.0,48.377388001963624,60.237161516980976,1
w_r2full_ideal_40_2,9,40,1.19,0.0,-1,NEAR,-1,1,760,1,-1,1,1,1,1.17189016813344,-36.83360251039991,1.171890168066425,36.833602505650155,1.188,0.0,12.3444028831496,13.2081470598503,0.863744176699804,12.2103897477508,13.0735560389756,0.863166291222536,17.3189168231928,18.125101173089,0.806184349896782,0.09232451317950931,0.11733756845838901,0.0250130552788973,5.3915876780105,5.9557012912417795,0.564113613230952,5.39158769087304,5.95569942615741,0.5641117352843921,1.1791507944785,2.7833625356672798,1.6042117411888202,0.341106806885218,1.05926032471077,0.718153517825726,0.0,0.0,0.0,48.36676470075134,60.27816541815053,1
w_r2full_ideal_40_2,10,40,1.195,0.0,-1,NEAR,-1,1,760,1,-1,1,1,1,1.176736694881535,-36.83360251586998,1.1767366947975102,36.83360250664003,1.19,0.0,12.3506439484271,13.2181868762318,0.867542927804426,12.216608390668501,13.0835649759414,0.866956585274145,17.3185114331338,18.1246981769405,0.806186743808297,0.0466388013205679,0.07288546047279859,0.026246659152173397,5.465814619983091,6.03098051199508,0.565165892012878,5.46581462859779,6.030978585023591,0.565163956425383,1.17659578062471,2.7807977636989403,1.60420198307441,0.34161898802796703,1.0597808023147,0.7181618142867771,0.0,0.0,0.0,48.33991405560013,60.401873152618805,1
w_r2full_ideal_40_2,11,40,1.2,0.0,-1,NEAR,-1,1,760,1,-1,1,1,1,1.181583221230225,-36.833602517230005,1.18158322153108,36.833602516719964,1.195,0.0,12.360233605276001,13.2277452848684,0.867511679593578,12.2261938500969,13.0931493640498,0.866955513952516,17.318397349238797,18.1245684174994,0.806171068261635,0.000596799586198115,0.0288171677326474,0.028220368146407097,5.5347255711591705,6.10094073681523,0.5662151656553169,5.53472530369825,6.100938517072559,0.566213213374119,1.1759030603390899,2.78009913436462,1.60419607402541,0.341855043846224,1.0597761552629799,0.717921111416789,0.0,0.0,0.0,48.31415552377785,60.51603477766564,1
w_r2full_held_20_0,1,20,0,0.0,-1,NEAR,-1,1,760,1,-1,1,1,1,0.01639000450517261,-18.703921831450778,0.01639000450368908,18.70392288769584,0.6,0,13.9602945530778,14.823172023688098,0.8628774706104081,13.8255223500272,14.6871207254931,0.861598375465346,17.3159538275025,18.1170382689016,0.8010844413996661,5.51487071650351,5.51487071650351,0.0,-8.91538992733283,3.73148926725027e-19,8.91538992733283,-8.915389871532241,4.45371299639548e-19,8.915389871532211,1.12279641710437,2.8658531472843,1.74305673017985,0.341017146610286,1.05830529733881,0.717288150728508,0.0,0.0,0.0,57.06636017920942,57.06636017920942,1
w_r2full_held_20_0,2,20,0.005,0.0,-1,NEAR,-1,1,760,1,-1,1,1,1,0.017671753183229742,-18.703922182562522,0.017671753177670786,18.70392218381743,0,0.0,13.316052805254001,14.1854102652455,0.86935745999148,13.181301871989099,14.0494598306192,0.868157958629841,17.3125766053282,18.1132221238766,0.800645518548778,5.54278529895663,5.54278529895663,0.0,-0.0110540780943149,0.000779418902417905,0.011833496997362901,-0.0110540782008884,0.000779418903364759,0.0118334971047268,1.12342253588972,2.86667986059649,1.74325732470673,0.34082768404359,1.0584165054177301,0.717588821374114,0.0,0.0,0.0,55.81597388471215,55.81753272251793,1
w_r2full_held_20_0,3,20,0.01,0.0,-1,NEAR,-1,1,760,1,-1,1,1,1,0.022565042855927548,-18.7039217688559,0.02256504285022515,18.7039217701969,0.005,0.0,13.270014030948701,14.138996505866999,0.86898247491848,13.135257990526101,14.003020137491399,0.867762146965569,17.3169433799828,18.1176839541719,0.8007405741896421,5.519873327688829,5.519873327688829,0.0,-0.0215388041342009,0.00215211492049662,0.023690919054457898,-0.0215387334990069,0.00215211403280143,0.023690847531598298,1.1217461592531102,2.86628729868389,1.74454113943071,0.340285374189758,1.05812991402352,0.717844539833793,0.0,0.0,0.0,55.703991137926536,55.70829536687984,1
w_r2full_held_20_0,4,20,0.01,-16.0,-1,NEAR,-1,1,760,1,-1,1,1,1,0.022595426440717308,-34.272497753920184,0.0225954264683108,3.135346777821398,0.01,0.0,12.7845359641287,13.6479435962913,0.86340763216172,14.511584665153698,15.3733976914912,0.8618130263374,17.3222363548289,18.1426746038964,0.820438249066607,5.51957051063873,5.51957051063873,0.0,-0.00719155055509671,2.8753636584507e-05,0.0072203041915635995,-0.0342273418838427,0.005957251801893331,0.0401845936858806,1.1223678974215898,2.86480246765385,1.7424345702322699,0.341018026133474,1.0581349401495,0.717116914016011,0.0,0.0,0.0,56.606523810120976,56.612509815559456,1
w_r2full_held_20_0,5,20,0.01,16.0,-1,NEAR,-1,1,760,1,-1,1,1,1,0.022595431819028303,-3.225279816870399,0.022595431190897082,34.182563603141844,0.01,-16.0,14.6204363651868,15.4842457891897,0.863809424004706,12.6516877457525,13.5147082092275,0.86302046347559,17.319299103187,18.1408293200172,0.821530216830919,5.51956746507791,5.51956746507791,0.0,-0.0316248026616248,0.008482678985615279,0.0401074816471386,-0.0129104445138806,4.4180545615751995e-05,0.0129546250595277,1.12202266390937,2.86576451226514,1.7437418483557299,0.340828994821456,1.05675909278714,0.715930097965699,0.0,0.0,0.0,56.58187438856459,56.59040124809582,1
w_r2full_held_20_0,6,20,0.012,0.0,-1,NEAR,-1,1,760,1,-1,1,1,1,0.0245405760376455,-18.6139880254996,0.0245405760566229,18.7938549595088,0.01,16.0,13.2579234906975,14.1240853605472,0.866161869849822,13.1154670284795,13.9804181524227,0.864951123943203,17.3166103121191,18.117232215145,0.800621903026445,5.51045469117438,5.51045469117438,0.0,-0.03331094232346,0.000148812125366749,0.033459754448681295,-0.0245646308969787,0.00383453109055988,0.028399161987644302,1.1220282230635001,2.86733011380596,1.74530189074249,0.34079140617055104,1.05846958383211,0.717678177661649,0.0,0.0,0.0,55.65799011692735,55.66197346014328,1
w_r2full_held_20_0,7,20,0.012,-24.0,1,FAR,1,1,760,1,-1,-1,1,1,0.02455276642190433,-42.05680838375154,0.024552767662272552,-4.648965678540302,0.012,0.0,12.1782865086695,13.059937283015099,0.881650774344731,13.7054424242978,14.5676220075956,0.8621795832976691,2.35936454084341,3.09626695844011,0.736902417596418,5.51038178863464,5.51038178863464,0.0,-0.0038308771108061497,-1.69481835106077e-17,0.00383087711081246,-0.0407914958364254,0.011218695452735501,0.0520101912890411,1.12183863568148,2.8646224893050203,1.74278385362361,0.285818099276691,0.917849011795921,0.6320309125192,0.0,0.0,0.0,40.01667953878639,40.027898234239125,1
w_r2full_held_20_0,8,20,0.012,-16.0,-1,NEAR,-1,1,760,1,-1,1,1,1,0.02455272638683081,-34.407383715071575,0.02455272668517095,3.0004586909599014,0.012,-24.0,12.8368892300101,13.701022760759699,0.864133530748815,14.583486323827701,15.4460322724562,0.862545948630985,17.1486536116186,18.1183628484564,0.969709236837999,5.51040894468539,5.51040894468539,0.0,-0.00864077236048003,0.00045174318816680294,0.00909251554879619,-0.049248184331670004,0.000206776359626187,0.0494549606912969,1.12183564421226,2.86581025851244,1.74397461430012,0.340921892738285,1.0586375694073,0.717715676668943,0.0,0.0,0.0,56.70027465427743,56.70093317382522,1
w_r2full_held_20_0,9,20,0.012,16.0,-1,NEAR,-1,1,760,1,-1,1,1,1,0.024552739952520698,-3.225265358242,0.024552739336000995,34.18257777923461,0.012,-16.0,14.595427020593002,15.459204943682698,0.863777923090158,12.6365538350368,13.499529367717301,0.862975532682408,17.3192700831099,18.1404087284861,0.821138645375183,5.510402177013369,5.510402177013369,0.0,-0.034322315163833494,0.0101203583471552,0.0444426735110376,-0.0191032863239019,8.83249470726424e-05,0.0191916112711136,1.12002794012978,2.86580428980911,1.74577634967918,0.340920664994212,1.05692822897084,0.7160075639765571,0.0,0.0,0.0,56.53227773567942,56.54248641897365,1
w_r2full_held_20_0,10,20,0.012,24.0,1,FAR,1,1,760,1,1,1,1,1,0.0245527420929329,4.738874331902197,0.024552741239272362,42.146717752248684,0.012,16.0,13.6919161990429,14.5571524717938,0.865236272749819,12.374413771403999,13.2429965975317,0.868582826127865,2.12067798435063,2.88274937101404,0.762071386662608,5.510379833383469,5.510379833383469,0.0,-0.0474583144394588,0.00459806032768086,0.0520563747671237,-0.00048716384051631793,5.39363612560138e-07,0.000487703204107419,1.11848894379831,2.86303996699406,1.7445510231957602,0.285859468383474,0.9178757793455089,0.632016310962067,0.0,0.0,0.0,39.974194020062576,39.97879261975387,1
w_r2full_held_20_0,11,20,0.015,0.0,-1,NEAR,-1,1,760,1,-1,1,1,1,0.0274704634299898,-18.569026407470798,0.02747046338137145,18.838816421958903,0.012,24.0,13.2310516726195,14.1006413257757,0.86958965315598,13.0846561655241,13.9530429034964,0.868386737971554,17.273565163876,18.077897357333402,0.804332193453899,5.49679188545299,5.49679188545299,0.0,-0.0429358934869914,0.000229184044712079,0.043165077531694004,-0.027274307398,0.006264796781251659,0.0335391041791763,1.1184837981381401,2.86587582555906,1.7473920274210901,0.341852696689935,1.05883969324684,0.716986996557007,0.0,0.0,0.0,55.55308899086439,55.559582971690354,1
w_r2full_held_20_0,12,20,0.015,-24.0,1,FAR,1,1,760,1,-1,-1,1,1,0.027488739651432798,-42.056828073164596,0.02748874087187635,-4.648986119296899,0.015,0.0,12.1547453038538,13.0386782161666,0.88393291231127,13.6645075627143,14.529068130567401,0.864560567852006,2.35889637372627,3.09497828904668,0.736081915317674,5.49663403436786,5.49663403436786,0.0,-0.0124334709366732,3.38200883744017e-05,0.0124672910250274,-0.0453646233269092,0.0128803449422034,0.0582449682690252,1.11849646594972,2.86347315524086,1.74497668929122,0.286235086837084,0.917850860569758,0.631615773732587,0.0,0.0,0.0,39.94068268595916,39.95359685098974,1
w_r2full_held_20_0,13,20,0.015,-16.0,-1,NEAR,-1,1,760,1,-1,1,1,1,0.02748869064067185,-34.4073869037965,0.0274886912043258,3.0004556666254,0.015,-24.0,12.811865297392801,13.6783508920517,0.86648559465794,14.543522215121499,15.4084425697183,0.864920354596763,17.148538051918,18.1181003807721,0.969562328852508,5.49666112505947,5.49666112505947,0.0,-0.0148135181735528,0.00107375311888838,0.015887271292351398,-0.0562929173222024,0.000237469308239877,0.05653038663039969,1.11849415367109,2.8645782326851,1.74608407901373,0.341857950147,1.0593148175562899,0.7174568674093189,0.0,0.0,0.0,56.625448017842956,56.62675924027008,1
w_r2full_held_20_0,14,20,0.015,16.0,-1,NEAR,-1,1,760,1,-1,1,1,1,0.02748870936445435,-3.225240483173502,0.0274887082628972,34.1826004855812,0.015,-16.0,14.555399700624802,15.421568750571998,0.866169049947107,12.6109951510682,13.4763378971897,0.865342746121346,17.3183336029874,18.139842738660903,0.821509135675284,5.49665445671194,5.49665445671194,0.0,-0.0383100316104584,0.012577027690683,0.050887059301022,-0.028333942081533597,0.000154473834018995,0.028488415915545,1.11849267497546,2.86460132290374,1.7461086479286,0.34185682683926505,1.05748878137407,0.715631954534792,0.0,0.0,0.0,56.45649394741235,56.469225448937046,1
w_r2full_held_20_0,15,20,0.015,24.0,1,FAR,1,1,760,1,1,1,1,1,0.02748871133947875,4.738884713170702,0.02748871048076894,42.14672751923152,0.015,16.0,13.652919168303601,14.5181263272905,0.865207158987496,12.3529173332639,13.2211493186436,0.868231985382302,2.1200569581467,2.88105178040737,0.7609948222576,5.49663197539269,5.49663197539269,0.0,-0.0532366193382087,0.005040880821041121,0.058277500159369895,-0.007884468569816111,1.06923301158498e-05,0.0078951608998332,1.11849441816805,2.86340381288149,1.7449093947135,0.286436858260389,0.9180348095516361,0.6315979512912601,0.0,0.0,0.0,39.898398024167285,39.90344959731844,1
w_r2full_held_20_0,16,20,0.02,0.0,-1,NEAR,-1,1,760,1,-1,1,1,1,0.0323516039445826,-18.569051210949997,0.0323516038237697,18.8387911132722,0.015,24.0,13.1849455320877,14.0565536178465,0.871608085757061,13.0387806916842,13.909213022313699,0.8704323306254209,17.2738184377764,18.078470309546002,0.8046518717701301,5.474049175416839,5.474049175416839,0.0,-0.053068516293022894,0.000266515284316035,0.053335031577319,-0.034070916248177506,0.0103369119841142,0.0444078282321634,1.11850332306816,2.86636066538952,1.7478573423211199,0.341854120485278,1.0588769449261402,0.7170228244408879,0.0,0.0,0.0,55.4435237354387,55.45412716270713,1
w_r2full_held_20_0,17,20,0.02,-24.0,1,FAR,1,1,760,1,-1,-1,1,1,0.0323820033923785,-42.0568410419408,0.03238200415010585,-4.6489990035357005,0.02,0.0,12.1196376445417,13.003604188411899,0.8839665438678299,13.6016641422535,14.4661666429857,0.864502500732583,2.35700671384192,3.09358079922351,0.7365740853816011,5.47372105665809,5.47372105665809,0.0,-0.0266163805203779,9.02064702614573e-05,0.0267065869906004,-0.0525417357223626,0.0159169743932562,0.0684587101157383,1.11850619661791,2.86399751428995,1.74549131767197,0.286563409744588,0.9181779281861491,0.6316145184416849,0.0,0.0,0.0,39.819248129755294,39.83525531061881,1
w_r2full_held_20_0,18,20,0.02,-16.0,-1,NEAR,-1,1,760,1,-1,1,1,1,0.03238197749807995,-34.4073826399851,0.03238197902712235,3.000461241650102,0.02,-24.0,12.7744990387114,13.640910073911,0.866411035200235,14.4822801145265,15.3471447142302,0.864864599702417,17.146959478708702,18.1185603314037,0.9716008526963251,5.47374810639871,5.47374810639871,0.0,-0.0244972556776962,0.00202802015226146,0.0265252758299836,-0.0668597445390604,0.000100136218111978,0.0669598807569908,1.11850417050313,2.8651620731441,1.7466579026407099,0.342019129408053,1.05954583515906,0.717526705751004,0.0,0.0,0.0,56.50507113424677,56.50719929061714,1
w_r2full_held_20_0,19,20,0.02,16.0,-1,NEAR,-1,1,760,1,-1,1,1,1,0.03238198881304625,-3.2252064091367014,0.0323819892891628,34.1826378745728,0.02,-16.0,14.4947986221455,15.3609085933275,0.86610997118477,12.5735770036016,13.4388550279726,0.8652780243736861,17.313233419827903,18.1394019125445,0.8261684927176619,5.47374146910575,5.47374146910575,0.0,-0.043786667853112395,0.0164846030854684,0.060271270938669005,-0.0431132284126591,0.000181588781140822,0.0432948171938378,1.11850306906078,2.865129228099,1.74662615903801,0.34214204961115796,1.05782559308054,0.7156835434694451,0.0,0.0,0.0,56.33586182412989,56.3525280159965,1
w_r2full_held_20_0,20,20,0.02,24.0,1,FAR,1,1,760,1,1,1,1,1,0.03238199195184835,4.738893190856699,0.03238199123542255,42.1467354919993,0.02,16.0,13.5899908869002,14.455136387610802,0.865145500710988,12.3178849287736,13.186051519224701,0.868166590450365,2.11597314107823,2.8792452176651397,0.76327207659141,5.47371901020888,5.47371901020888,0.0,-0.0624216791458195,0.00604669383036788,0.068468372976244,-0.020058580085575702,2.8532334200163702e-05,0.0200871124196695,1.11850498400067,2.8639712404468103,1.7454662564461199,0.286729087621868,0.9183265234000649,0.631597435778274,0.0,0.0,0.0,39.7764498985564,39.78252512472097,1
w_r2full_held_20_0,21,20,0.022,0.0,-1,NEAR,-1,1,760,1,-1,1,1,1,0.0343271360616584,-18.5690785490016,0.03432713504759175,18.8387652053357,0.02,24.0,13.1692034019675,14.0376230548265,0.868419652856648,13.0231280204901,13.8903463075956,0.8672182871051369,17.2697768343745,18.0786886471418,0.8089118127713071,5.4646305939182,5.4646305939182,0.0,-0.0627436785227602,0.000356674258026709,0.0631003527809561,-0.0377589746566446,0.0109759650060322,0.0487349396626888,1.12110483499685,2.86655485179024,1.74545001679374,0.342139159989805,1.05916831701501,0.717029157025263,0.0,0.0,0.0,55.39701177228735,55.40834441155141,1
w_r2full_held_20_0,22,20,0.022,-24.0,1,FAR,1,1,760,1,-1,-1,1,1,0.03433931636271685,-42.056852653619096,0.034339317103923045,-4.649010877572503,0.022,0.0,12.104704043209901,12.9885529685946,0.883848925382991,13.5761156398984,14.440585346461202,0.86446970655803,2.35500973686425,3.09308712187249,0.738077385007021,5.46455605080882,5.46455605080882,0.0,-0.0325111907197551,0.00011276786122271,0.0326239585807795,-0.0550751012895511,0.0174103073601962,0.0724854086497768,1.12010104644124,2.86694923872812,1.7468481922871901,0.28668775668709295,0.9183034952770169,0.63161573858967,0.0,0.0,0.0,39.772034221742246,39.789557296963665,1
w_r2full_held_20_0,23,20,0.022,-16.0,-1,NEAR,-1,1,760,1,-1,1,1,1,0.0343392901617957,-34.4073698921568,0.0343392909020311,3.000471272140405,0.022,-24.0,12.7587934523399,13.6251868292748,0.866393376937919,14.4573034611189,15.322137034637802,0.8648335735144179,17.1450868629897,18.1188102739941,0.9737234110058149,5.46458305238167,5.46458305238167,0.0,-0.0284217057119378,0.00242933679015789,0.0308510425020924,-0.0713688424836241,0.000107318022775613,0.0714761605063817,1.12008817008869,2.86804279424769,1.74795462415852,0.342142651542367,1.05967646142639,0.717533809884056,0.0,0.0,0.0,56.45843644596245,56.460973100775384,1
w_r2full_held_20_0,24,20,0.022,16.0,-1,NEAR,-1,1,760,1,-1,1,1,1,0.0343393032427027,-3.2251870583013957,0.034339301736335,34.1826528987966,0.022,-16.0,14.4711733306435,15.337249248756299,0.8660759181141551,12.5588612932875,13.4241016576794,0.865240364393538,17.3128217377196,18.1392247037579,0.826402966038022,5.46457645597427,5.46457645597427,0.0,-0.046258116520172504,0.0181096204848682,0.0643677370048761,-0.0490761067396279,0.00021186728111570498,0.049287974020615,1.11624701849792,2.86422307872447,1.7479760602263,0.342142763239332,1.05783855432472,0.715695791085734,0.0,0.0,0.0,56.287213699217055,56.30553518698304,1
w_r2full_held_20_0,25,20,0.022,24.0,1,FAR,1,1,760,1,1,1,1,1,0.03433930571563745,4.738898480183301,0.03433930721930675,42.1467444455453,0.022,16.0,13.5653987512634,14.4305210988091,0.865122347543506,12.3041010891853,13.1722212775509,0.868120188366616,2.1159577518767403,2.87855764898649,0.7625998971115701,5.46455400334296,5.46455400334296,0.0,-0.0660416602312462,0.0064492336558384595,0.0724908938871842,-0.0248740743418392,3.56751560013104e-05,0.0249097494978355,1.1162494316584899,2.86303607569553,1.7467866440367898,0.28672904349297396,0.9183303007847949,0.6316012572916561,0.0,0.0,0.0,39.727220405169774,39.73370531398161,1
w_r2full_held_20_0,26,20,0.025,0.0,-1,NEAR,-1,1,760,1,-1,1,1,1,0.03725703366730135,-18.5690890606681,0.03725705302027155,18.8387256649591,0.022,24.0,13.1443759394407,14.0138000156487,0.8694240762126499,12.9984081965431,13.8666311505319,0.8682229539896921,17.2698707386317,18.0789411126893,0.809070374057866,5.45096818502014,5.45096818502014,0.0,-0.067770723785539,0.000380839832884639,0.0681515636183833,-0.0403207234209234,0.013695595675476801,0.0540163190965412,1.1162538909624,2.86569140353556,1.74943751257325,0.342139575158666,1.05917347832475,0.717033903165986,0.0,0.0,0.0,55.33520534575035,55.34928178125872,1
w_r2full_held_20_0,27,20,0.025,-24.0,1,FAR,1,1,760,1,-1,-1,1,1,0.037275285468681654,-42.0568698261391,0.0372752861831376,-4.649028449703399,0.025,0.0,12.0856212031166,12.9693428743085,0.8837216711936591,13.5411980682548,14.405628292969599,0.8644302247139639,2.35504641199966,3.0923401360968596,0.737293724102837,5.45080837773949,5.45080837773949,0.0,-0.0402591154914846,0.000146617345380593,0.0404057328366067,-0.058378245555974505,0.019000165905285898,0.0773784114610855,1.11625691571463,2.8634188129816502,1.74716189726773,0.286687823347062,0.918307231553322,0.631619408206244,0.0,0.0,0.0,39.69984572564942,39.71899250890008,1
w_r2full_held_20_0,28,20,0.025,-16.0,-1,NEAR,-1,1,760,1,-1,1,1,1,0.03727525656832325,-34.40736326518171,0.0372752571065367,3.000478080203796,0.025,-24.0,12.7383440575985,13.6046832645647,0.866339206970277,14.4233498398137,15.2881381892636,0.8647883494545631,17.1486624211358,18.1190765709065,0.970414149772916,5.45083536183568,5.45083536183568,0.0,-0.0342503945464776,0.00303154196782014,0.0372819365141855,-0.0780745455389214,0.00011809807910373901,0.0781926436180523,1.1162539682586101,2.86450186068006,1.7482478924213498,0.342082014306585,1.0596440458538898,0.717562031547276,0.0,0.0,0.0,56.38687929310443,56.390028933151356,1
w_r2full_held_20_0,29,20,0.025,16.0,-1,NEAR,-1,1,760,1,-1,1,1,1,0.0372752721091757,-3.225163476824597,0.037275271554795694,34.1826780344962,0.025,-16.0,14.436573008495998,15.3025997966576,0.866026788159409,12.537382308822,13.402580804557799,0.86519849574024,17.3156298935912,18.1389722613476,0.8233423677530021,5.450828811873071,5.450828811873071,0.0,-0.0496125298310946,0.0208383560024168,0.0704508858333322,-0.0585149223299048,0.000257292411376282,0.05877221474155771,1.1162531684914399,2.86454048849895,1.7482873200076001,0.342082190917135,1.05781402640035,0.715731835483662,0.0,0.0,0.0,56.21733618933537,56.23843183774916,1
w_r2full_held_20_0,30,20,0.025,24.0,1,FAR,1,1,760,1,1,1,1,1,0.0372752760036834,4.738906962302399,0.03727527521737875,42.14674848370429,0.025,16.0,13.529360977779701,14.3944363643237,0.8650753865437281,12.2839578566638,13.1520444943512,0.868086637679538,2.11592172921221,2.87753358721354,0.761611858000182,5.4508063372426205,5.4508063372426205,0.0,-0.0703184786738075,0.007053272790164821,0.0773717514641097,-0.0316375345410647,4.6396707625807696e-05,0.031683931248745405,1.1162436660038502,2.8633742303169,1.74713056431356,0.286728886415842,0.9183300587551441,0.631601172339664,0.0,0.0,0.0,39.6565250722031,39.66362474170089,1
w_r2full_held_20_0,31,20,0.03,0.0,-1,NEAR,-1,1,760,1,-1,1,1,1,0.042138180842105646,-18.569105759689695,0.042138180865153904,18.8387350285868,0.025,24.0,13.1014326111247,13.972878827463902,0.87144621634289,12.955625020292299,13.8258769530736,0.870251932780767,17.2734648037369,18.0794952846967,0.8060304809566009,5.42822569311479,5.42822569311479,0.0,-0.0766459600889245,0.00019389412579844402,0.0768398542147441,-0.0454741184307454,0.0188363412092817,0.0643104596398333,1.11626468708466,2.86618470224796,1.7499200151629701,0.341970290993115,1.0591659118458898,0.7171956208532659,0.0,0.0,0.0,55.231827372442844,55.250857607777924,1
w_r2full_held_20_0,32,20,0.03,-24.0,1,FAR,1,1,760,1,-1,-1,1,1,0.0421685677962441,-42.0568999973486,0.0421685683610782,-4.649059028322002,0.03,0.0,12.0529482188951,12.9365077130418,0.883559494149254,13.4832285792479,14.347584059497802,0.864355480250969,2.3550926040104803,3.0911250806917403,0.7360324766747619,5.42789572295761,5.42789572295761,0.0,-0.0539235589561927,0.000203052461573107,0.0541266114181137,-0.0650390317237669,0.022048053391451,0.0870870851151415,1.11626735679263,2.8639657173256,1.74769836053313,0.286687766245028,0.918309328018347,0.6316215617730321,0.0,0.0,0.0,39.5853876215329,39.607638727385925,1
w_r2full_held_20_0,33,20,0.03,-16.0,-1,NEAR,-1,1,760,1,-1,1,1,1,0.0421685384375656,-34.4073538746496,0.0421685388921699,3.0004869700944043,0.03,-24.0,12.7036179056866,13.5698847053452,0.866266799660844,14.366999004873898,15.231711947083399,0.8647129422056641,17.149241463552,18.11969343497,0.97045197141895,5.4279226837267895,5.4279226837267895,0.0,-0.043160427799121895,0.00403582658540825,0.0471962543843678,-0.0880031798477728,0.000136084080314134,0.0881392639278205,1.116264690726,2.86498668578021,1.7487219950535902,0.34208250802740503,1.0596935054534802,0.717610997425827,0.0,0.0,0.0,56.27389296235908,56.2780648730248,1
w_r2full_held_20_0,34,20,0.03,16.0,-1,NEAR,-1,1,760,1,-1,1,1,1,0.04216855202027215,-3.2251247919029002,0.0421685516566667,34.1827160319028,0.03,-16.0,14.380743114701101,15.246689751607798,0.8659466369111279,12.5025959085677,13.3677132339495,0.865117325389399,17.314741646946302,18.1385790438415,0.823837396894267,5.42791617317964,5.42791617317964,0.0,-0.0541459754373218,0.0246873062586072,0.07883328169595309,-0.0723858597923556,4.6302620153495896e-05,0.07243216241262129,1.1162638813305699,2.86498161459403,1.74871773326367,0.342082386587664,1.05789019473686,0.715807808149147,0.0,0.0,0.0,56.103770011909326,56.12850362078809,1
w_r2full_held_20_0,35,20,0.03,24.0,1,FAR,1,1,760,1,1,1,1,1,0.0421685587583193,4.7389209553938,0.042168558090205754,42.1467617996921,0.03,16.0,13.4740470177036,14.3390419882357,0.864994970536265,12.2539161717144,13.1219613348115,0.868045163091122,2.11584403922722,2.87588156392194,0.760037524689476,5.42789359889755,5.42789359889755,0.0,-0.0789981494242028,0.00806061497495819,0.0870587643989824,-0.0432829312855274,6.42855232373253e-05,0.0433472168085203,1.11064155142616,2.86387147689053,1.7532299254647399,0.286728919346522,0.9183277808157569,0.6315988614693819,0.0,0.0,0.0,39.546977743572974,39.55510264407117,1
w_r2full_held_20_0,36,20,0.04,0.0,-1,NEAR,-1,1,760,1,-1,1,1,1,0.05189441284426575,-18.569148426616902,0.05189441287242465,18.838691253355098,0.03,24.0,13.0233886690532,13.8999573960877,0.876568727041591,12.8778880976097,13.7532609056073,0.875372807999995,17.2737223115316,18.080015929991102,0.8062936184699631,5.38282535463328,5.38282535463328,0.0,-0.088831034264456,6.57802255626369e-05,0.0888968144900915,-0.051323104698954604,0.0330075427810122,0.0843306474795731,1.10487142083987,2.8611931439845497,1.7563217231439499,0.343271008628666,1.05919661717341,0.7159256085448911,0.0,0.0,0.0,55.036449347477344,55.06952267048392,1
w_r2full_held_20_0,37,20,0.04,-24.0,1,FAR,1,1,760,1,-1,-1,1,1,0.051955129267143296,-42.0569579879412,0.05195512985523636,-4.6491181026257005,0.04,0.0,11.995175252943001,12.8784296123993,0.883254359457907,13.3782415737518,14.242459358762101,0.864217785006708,2.3541663960505397,3.08787874542204,0.7337123493769101,5.3820706326598495,5.3820706326598495,0.0,-0.0822725557318468,4.38220038791385e-05,0.0823163777355566,-0.07952791052785631,0.0281667624807401,0.10769467300858099,1.10487355538842,2.85901687835007,1.75414332296112,0.287898710483367,0.9183052268835089,0.630406516399979,0.0,0.0,0.0,39.36816045447687,39.39637103896149,1
w_r2full_held_20_0,38,20,0.04,-16.0,-1,NEAR,-1,1,760,1,-1,1,1,1,0.05195509868911885,-34.4073311213559,0.051955099178249656,3.0005084974642977,0.04,-24.0,12.641994750743,13.508088785427601,0.866094034687688,14.265087772579,15.129648411577,0.864560638996331,17.1498406286318,18.1203336653385,0.970493036701338,5.38209751857822,5.38209751857822,0.0,-0.0637783245651585,0.00604669646459006,0.06982502102990361,-0.112645363632731,0.000172129920932148,0.112817493553268,1.10487137313143,2.86007488530359,1.7552035121726102,0.343272123742819,1.0597871606106501,0.716515036867703,0.0,0.0,0.0,56.06003042683556,56.06624925322108,1
w_r2full_held_20_0,39,20,0.04,16.0,-1,NEAR,-1,1,760,1,-1,1,1,1,0.05195511563118115,-3.225044027329899,0.0519551153036136,34.1827960266222,0.04,-16.0,14.284388107760302,15.1457197759041,0.861331668128958,12.445350203596599,13.3058667927812,0.8605165891911519,17.313062264812,18.137514005850303,0.824451741033673,5.38209160521106,5.38209160521106,0.0,-0.06840942551385609,0.0328494602425266,0.10125888575657299,-0.10336498054274,6.73804752524054e-05,0.103432361018127,1.10473191016605,2.8599641762856702,1.7552322661195199,0.343314031620749,1.05798666121137,0.714672629590459,0.0,0.0,0.0,55.889143017243704,55.92205985796148,1
w_r2full_held_20_0,40,20,0.04,24.0,1,FAR,1,1,760,1,1,1,1,1,0.05195511893584295,4.738935091534495,0.0519551183553964,42.14677481114099,0.04,16.0,13.3709198213147,14.2313004452907,0.860380623975853,12.1981011695589,13.061479824124302,0.8633786545772469,2.11490091214432,2.8718995539465397,0.756998641799997,5.38206907382771,5.38206907382771,0.0,-0.0980795579022148,0.0100775988009895,0.10815715670329899,-0.0672981829102488,0.00010013618947703,0.0673983191001067,1.10473371390592,2.85883826034212,1.7541045464362,0.28794125887934696,0.9183269303104711,0.630385671430307,0.0,0.0,0.0,39.32391408784184,39.334091822832306,1
w_r2full_held_20_0,41,20,0.05,0.0,-1,NEAR,-1,1,760,1,-1,1,1,1,0.06168100519296241,-18.569219292244206,0.06168100270154435,18.838619598609302,0.04,24.0,12.9561088966674,13.828055415256701,0.8719465185937231,12.8108911710137,13.6816313542976,0.8707401832877729,17.2740341108851,18.080773968147998,0.806739857253194,5.33700307816253,5.33700307816253,0.0,-0.111383539505344,8.24669539935905e-05,0.11146600645937901,-0.0616455116645349,0.0442557732688475,0.10590128493335199,1.10475381132745,2.86173893395732,1.7569851226303699,0.34326332417351196,1.05925775158288,0.715994427409459,0.0,0.0,0.0,54.84846050140503,54.892798741627864,1
w_r2full_held_20_0,42,20,0.05,-24.0,1,FAR,1,1,760,1,-1,-1,1,1,0.0617416926213363,-42.05701938807319,0.0617416930517061,-4.6491806572432,0.05,0.0,11.9417967115689,12.8203729166774,0.878576205110729,13.2819161117466,14.1415259968615,0.859609885127643,2.35426793491713,3.08578642217249,0.731518487268784,5.33624679591725,5.33624679591725,0.0,-0.10885794682436,5.95097827023319e-05,0.108917456607007,-0.0918714581901639,0.0342722134697429,0.126143671659737,1.1047565728154,2.85971121012711,1.7549546373119,0.287899019047973,0.9183082092857819,0.630409190238012,0.0,0.0,0.0,39.16195155104153,39.196283274293975,1
w_r2full_held_20_0,43,20,0.05,-16.0,-1,NEAR,-1,1,760,1,-1,1,1,1,0.06174166247017995,-34.4073001663987,0.0617416626853413,3.0005382523889956,0.05,-24.0,12.5851420880167,13.4466169755764,0.861474887559309,14.1717080542732,15.031655001773201,0.8599469474979039,17.150699490430902,18.1211686700507,0.970469179626852,5.33627363853783,5.33627363853783,0.0,-0.080914296551295,0.00806061590766337,0.0889749124590304,-0.132322871591352,0.00020827303149377601,0.132531144622424,1.1047540821011,2.8607095028891303,1.75595542078917,0.343268518629234,1.05987764454917,0.716609125919632,0.0,0.0,0.0,55.85630143337643,55.86457032231559,1
w_r2full_held_20_0,44,20,0.05,16.0,-1,NEAR,-1,1,760,1,-1,1,1,1,0.061741678968469604,-3.2249577929779965,0.0617416785664602,34.18288108719379,0.05,-16.0,14.1875206865523,15.048700426761298,0.861179740211769,12.3839463414683,13.2442823305313,0.860335989053411,17.312304334020098,18.137535609057,0.825231275030916,5.336267341834279,5.336267341834279,0.0,-0.07773150418315851,0.0410148203893448,0.11874632457255099,-0.13085789749909799,8.84781704439056e-05,0.13094637566946501,1.1047530247111,2.86067412532659,1.75592110061547,0.341401350639015,1.0561944313273999,0.714793080688202,0.0,0.0,0.0,55.68365426483787,55.72475756339766,1
w_r2full_held_20_0,45,20,0.05,24.0,1,FAR,1,1,760,1,1,1,1,1,0.06174168181318045,4.7389510553517,0.06174168129150905,42.146789918813504,0.05,16.0,13.270056106266,14.130284236307299,0.860228130041239,12.140364147871399,13.0035821752997,0.863218027434143,2.1148087575308,2.8691186905562502,0.754309933025447,5.33624480219995,5.33624480219995,0.0,-0.11456777086183999,0.012097635424244699,0.126665406286,-0.0897400467744004,0.00013608430780350002,0.0898761310823879,1.1047558156039101,2.85966125628685,1.75490544068262,0.287939568593286,0.9183246617700009,0.630385093176741,0.0,0.0,0.0,39.11721582242005,39.1294495421521,1
w_r2full_held_20_0,46,20,0.1,0.0,-1,NEAR,-1,1,760,1,-1,1,1,1,0.1103710483279855,-18.569338599362993,0.110371048268391,18.838498255970006,0.05,24.0,12.6260521250714,13.5394036518935,0.9133515268227209,12.4818763393578,13.394044989004799,0.9121686496413821,17.277422532843197,18.084675443241302,0.8072529103931011,5.11127974737295,5.11127974737295,0.0,-0.029346317777507697,0.159108466444058,0.188454784221809,0.0359677026642397,0.223628035616215,0.187660332951717,1.10487129416996,2.86421148521494,1.75934019104525,0.341237111771256,1.05740073808137,0.7161636263102961,0.0,0.0,0.0,54.05101605480886,54.43375255686914,1
w_r2full_held_20_0,47,20,0.1,-24.0,1,FAR,1,1,760,1,-1,-1,1,1,0.11067449150642314,-42.0573401196777,0.110674491340778,-4.649502823016002,0.1,0.0,11.7056854371152,12.5830641967752,0.877378759655031,12.883322631835899,13.742192050488399,0.858869418644826,2.3545397698573898,3.07775613921489,0.7232163693665851,5.10713337430278,5.10713337430278,0.0,-0.23055424860673698,0.000138239456320525,0.23069248806292897,-0.142353155044392,0.0648475906900367,0.20720074573444,1.1048749693036601,2.86244391334363,1.7575689440395401,0.287898739138792,0.9183147283636971,0.630415989225189,0.0,0.0,0.0,38.2909044024886,38.355890232634955,1
w_r2full_held_20_0,48,20,0.1,-16.0,-1,NEAR,-1,1,760,1,-1,1,1,1,0.11067445326544455,-34.407184263030885,0.1106744534169315,3.0006526836510035,0.1,-24.0,12.3354280838218,13.1961357615761,0.860707677755894,13.7877459142183,14.646964748033598,0.859218833816685,17.1562779699981,18.1253534007161,0.9690754307162279,5.107160159874329,5.107160159874329,0.0,-0.159679558872996,0.017831704276131,0.177511263149253,-0.22577038851331802,5.3188125713710796e-05,0.22582357663896102,1.1048722915111702,2.8632067340055,1.75833444249421,0.341237773582774,1.05815359645854,0.7169158228761671,0.0,0.0,0.0,54.996974400664165,55.01485929306601,1
w_r2full_held_20_0,49,20,0.1,16.0,-1,NEAR,-1,1,760,1,-1,1,1,1,0.110674470323743,-3.224526602284006,0.11067447042173605,34.1833103493939,0.1,-16.0,13.8071003792278,14.6675446680451,0.860444288810886,12.1339617621071,12.993522753442301,0.859560991338994,17.309067772175197,18.1362870481652,0.827219275994281,5.107154218029151,5.107154218029151,0.0,-0.119370458104049,0.08189036753548841,0.201260825639554,-0.261414978701505,0.000194255616155126,0.261609234317255,1.1048701116153998,2.86325996353087,1.7583898519156198,0.341236060354978,1.05644010752825,0.715204047173057,0.0,0.0,0.0,54.82420875874087,54.90629338189252,1
w_r2full_held_20_0,50,20,0.1,24.0,1,FAR,1,1,760,1,1,1,1,1,0.110674473254019,4.7390516095179995,0.11067447377175896,42.14688718479211,0.1,16.0,12.8714300671699,13.7309113873461,0.859481320171234,11.9046875289191,12.7671100356302,0.862422506719812,2.1144709149477796,2.8588667833980903,0.744395868445708,5.10713144326403,5.10713144326403,0.0,-0.186168959549843,0.0218253080005052,0.207994267550363,-0.190412135090447,0.000317286896201592,0.190729421986664,1.10487365682547,2.86237400387727,1.7575003470516,0.28794043529059205,0.918329167771689,0.630388732481476,0.0,0.0,0.0,38.24472282128738,38.26686541618409,1
w_r2full_held_20_0,51,20,0.15,0.0,-1,NEAR,-1,1,760,1,-1,1,1,1,0.159304672787773,-18.569762498710006,0.15930467241416052,18.838076194547,0.1,24.0,12.4271081962808,13.339726524586899,0.9126183283080951,12.2835158933652,13.1949595478115,0.911443654442047,17.2787438265149,18.0868373650862,0.808093538568436,4.88217791102828,4.88217791102828,0.0,0.0017848970443090802,0.25688575565934096,0.25510085861493903,0.129501954583242,0.38346037508507697,0.253958420501619,1.10499844041458,2.86532504919611,1.76032660878165,0.341238504899053,1.05753311159525,0.716294606695637,0.0,0.0,0.0,53.42655950930424,54.06690564004866,1
w_r2full_held_20_0,52,20,0.15,-24.0,1,FAR,1,1,760,1,-1,-1,1,1,0.159607260152899,-42.057684777976,0.15960725739111598,-4.649850660044002,0.15,0.0,11.5367070170646,12.4130603188078,0.876353301740683,12.6197425734433,13.4781868789815,0.8584443055387959,2.35488225991369,3.07296230095118,0.7180800410414361,4.87803053784061,4.87803053784061,0.0,-0.33389757308201096,0.00021745523438674298,0.334115028316529,-0.17452123391573401,0.09550314718492489,0.270024381100786,1.10500070375074,2.86374441444201,1.7587437106911399,0.287899295832379,0.918330647258235,0.630431351424998,0.0,0.0,0.0,37.624315098281336,37.72003570070065,1
w_r2full_held_20_0,53,20,0.15,-16.0,-1,NEAR,-1,1,760,1,-1,1,1,1,0.1596072189452335,-34.407063325543,0.159607218677454,3.000775755770013,0.15,-24.0,12.1593234059279,13.019346640356801,0.860023234428103,13.5400428134019,14.398631187441001,0.8585883740401941,17.1582419464238,18.1274685906904,0.969226644270573,4.878058574243441,4.878058574243441,0.0,-0.220061275523829,0.027843434255051102,0.247904709778869,-0.30084780063300903,7.857888710723289e-05,0.300926379520267,1.1049986131483,2.86442319161756,1.75942457846886,0.34123543266311396,1.0583752301748601,0.71713979751086,0.0,0.0,0.0,54.34630341452406,54.37422542766622,1
w_r2full_held_20_0,54,20,0.15,16.0,-1,NEAR,-1,1,760,1,-1,1,1,1,0.15960724102614848,-3.223972728888996,0.15960724087134748,34.183864948201,0.15,-16.0,13.5610995540488,14.4209040334088,0.8598044793630351,11.9576956720203,12.8165940477038,0.858898375680502,17.3068245226936,18.135856429618098,0.829031906918464,4.87805287668801,4.87805287668801,0.0,-0.142600400029914,0.122628892205972,0.265229292236062,-0.373549926248489,8.89266945195343e-05,0.373638852943083,1.10498729185507,2.86444547321017,1.75945818135519,0.341236211741888,1.05662821815285,0.715392006411532,0.0,0.0,0.0,54.17248107878173,54.29519889768222,1
w_r2full_held_20_0,55,20,0.15,24.0,1,FAR,1,1,760,1,1,1,1,1,0.1596072436579335,4.739161116347007,0.159607244195778,42.14700001673802,0.15,16.0,12.6080297641195,13.4670488508026,0.85901908667499,11.735946767997701,12.5977087197277,0.861761951732561,2.1142922169227503,2.85314552909155,0.738853312168236,4.87802873843843,4.87802873843843,0.0,-0.23865898391424,0.031870607577444,0.270529591491839,-0.27334103767810297,6.83642689508823e-05,0.273409401946877,1.10500025283249,2.86368891327961,1.75868866044693,0.287939543688925,0.918324243773238,0.6303847000846571,0.0,0.0,0.0,37.57794499511313,37.60988396695952,1
w_r2full_held_20_0,56,20,0.2,0.0,-1,NEAR,-1,1,760,1,-1,1,1,1,0.208238169331846,-18.570100113318,0.20823816892399,18.83774614702799,0.15,24.0,12.2876166375164,13.2041628419097,0.9165462043910031,12.1443770704683,13.0597286763177,0.9153516058473671,17.2787554508446,18.088269095968002,0.809513645123725,4.65308548432665,4.65308548432665,0.0,0.0520748523929993,0.35462475508805097,0.30254990269487403,0.241914967276159,0.5431205579079,0.30120559063192703,1.1052645442633,2.86588434544595,1.7606198011835001,0.341406495252245,1.05781775205173,0.716411256799637,0.0,0.0,0.0,52.92894819601973,53.82669350901568,1
w_r2full_held_20_0,57,20,0.2,-24.0,1,FAR,1,1,760,1,-1,-1,1,1,0.20854001453236098,-42.05814454109799,0.2085400133690895,-4.650298833214994,0.2,0.0,11.4139460893433,12.294011299362099,0.880065210021707,12.4431840679166,13.305483785526,0.862299717609851,2.35501872658434,3.0701608863447,0.715142159768428,4.6489380320054,4.6489380320054,0.0,-0.417630145210214,0.000287581832870679,0.417917727043117,-0.18698715042308,0.126163457621858,0.31315060804496897,1.1052698663556,2.86443977142472,1.75916990506885,0.28789902260658295,0.9183323705957539,0.630433347988486,0.0,0.0,0.0,37.10136614525867,37.2278171847134,1
w_r2full_held_20_0,58,20,0.2,-16.0,-1,NEAR,-1,1,760,1,-1,1,1,1,0.20853996856197948,-34.406896676449,0.2085399678535855,3.000949303863021,0.2,-24.0,12.0320415612172,12.8960161821429,0.863974620925204,13.3802032995485,14.2427880014265,0.862584701881958,17.157687803895,18.128439013268302,0.9707512093809111,4.64896738281877,4.64896738281877,0.0,-0.260729512499302,0.0382984935550941,0.299028006054363,-0.35644933980975796,0.000355846703644155,0.356805186513235,1.10526673515492,2.86508811647673,1.75982138132153,0.341387836200519,1.0586739640062302,0.717286127805436,0.0,0.0,0.0,53.83997266013943,53.87862700039817,1
w_r2full_held_20_0,59,20,0.2,16.0,-1,NEAR,-1,1,760,1,-1,1,1,1,0.2085399934509615,-3.223421769000978,0.20853999247489502,34.184420284416014,0.2,-16.0,13.4019453023731,14.265732401602401,0.863787099235933,11.8303605593746,12.6931813321587,0.862820772782846,17.3042362883576,18.1359293916016,0.831693103248229,4.64896179459168,4.64896179459168,0.0,-0.14624392115059498,0.163619344608849,0.309863265758966,-0.46616273241046197,0.00012094850936223798,0.4662836809195,1.1052653152937502,2.86509715115008,1.7598318358568399,0.341359835277544,1.0569793514483399,0.71561951616995,0.0,0.0,0.0,53.6658814225528,53.82962171567101,1
w_r2full_held_20_0,60,20,0.2,24.0,1,FAR,1,1,760,1,1,1,1,1,0.20853999825570602,4.739303309635984,0.208539999604003,42.14714933331401,0.2,16.0,12.4317139880894,13.2945802998499,0.8628663117630271,11.6133363102106,12.4790182407699,0.865681930552657,2.11372039857056,2.84956059263357,0.735840194069309,4.648936337484519,4.648936337484519,0.0,-0.27186825308143703,0.0422455871210709,0.314113840202758,-0.336380308670459,0.000321296830734092,0.336701605501117,1.10526881595969,2.8643866890835397,1.75911787312463,0.289877115156717,0.920257718738739,0.6303806035822179,0.0,0.0,0.0,37.056739878560165,37.09930676251197,1
w_r2full_held_20_0,61,20,0.25,0.0,-1,NEAR,-1,1,760,1,-1,1,1,1,0.257171874855383,-18.57052826658201,0.257171874742839,18.837329133163994,0.2,24.0,12.1973522181959,13.1132141846399,0.9158619664359419,12.0542937905802,12.968989595932,0.914695805338815,17.2804325745308,18.0890458367138,0.808613262172718,4.42400280086797,4.42400280086797,0.0,0.120019589098788,0.452199485279787,0.33217989618079197,0.371895986268698,0.7025257815748179,0.33062979530597797,1.10541396723776,2.86604446144205,1.76063049420439,0.341239430882702,1.0577386984491999,0.716499267566828,0.0,0.0,0.0,52.51903557804492,53.673760844899526,1
w_r2full_held_20_0,62,20,0.25,-24.0,1,FAR,1,1,760,1,-1,-1,1,1,0.257472763320416,-42.058652437648,0.25747276157266397,-4.650794122720015,0.25,0.0,11.331850238456699,12.210937163725001,0.879086925280956,12.331092920981199,13.1928566157624,0.8617636947894001,2.35461716948073,3.06805022865273,0.7134330591772701,4.41985767378596,4.41985767378596,0.0,-0.483456939683655,0.00036366555513640803,0.483820605238783,-0.181594358357531,0.156983057461822,0.338577415819409,1.10541896431877,2.86463851348096,1.75921954916248,0.28983774613804697,0.920279850273807,0.630442104135302,0.0,0.0,0.0,36.676620045680856,36.83396676869781,1
w_r2full_held_20_0,63,20,0.25,-16.0,-1,NEAR,-1,1,760,1,-1,1,1,1,0.2574727089065245,-34.406738604916995,0.2574727055273635,3.001115911185015,0.25,-24.0,11.9475989861949,12.8110183394467,0.863419353250871,13.2841267611188,14.1461848440611,0.862058082948987,17.1588102344207,18.1291278811559,0.9703176467327079,4.41988818420472,4.41988818420472,0.0,-0.283766633484403,0.0483897648398447,0.332156398323825,-0.393819950313631,0.00044252603851014,0.39426247635233996,1.10541525583174,2.86527952093566,1.75986426510462,0.341236111012028,1.05860068611318,0.717364575101483,0.0,0.0,0.0,53.43009945591726,53.47893174679562,1
w_r2full_held_20_0,64,20,0.25,16.0,-1,NEAR,-1,1,760,1,-1,1,1,1,0.25747273523049496,-3.2227690616680182,0.2574727364624495,34.18509055313101,0.25,-16.0,13.3059337463625,14.1692013929173,0.8632676465510359,11.7458938823595,12.6081748410451,0.862280958685684,17.3042877543235,18.135880314458,0.83159256013615,4.41988263680508,4.41988263680508,0.0,-0.13161341338562701,0.20507714235163899,0.336690555737533,-0.541199605422676,0.00014629818038236302,0.5413459036032211,1.10541410211661,2.86533197624756,1.75991787413062,0.341235652451134,1.05687945047841,0.715643798027555,0.0,0.0,0.0,53.25535061195145,53.46057405248347,1
w_r2full_held_20_0,65,20,0.25,24.0,1,FAR,1,1,760,1,1,1,1,1,0.2574727438946605,4.739466165515016,0.257472744682875,42.147323060586,0.25,16.0,12.319797963495601,13.182052686350199,0.862254722859072,11.5313072763676,12.396521565068701,0.865214288688959,2.1136459352652297,2.84782245434529,0.734176519089452,4.41985604348723,4.41985604348723,0.0,-0.287193930341697,0.052501374794504604,0.339695305135904,-0.38148688208562,0.000407800098368532,0.381894682184416,1.10542520435608,2.86462087208068,1.75919566772409,0.289877056459369,0.9202637686337609,0.630386712173338,0.0,0.0,0.0,36.63113738996586,36.684046564858726,1
w_r2full_held_20_0,66,20,0.3,0.0,-1,NEAR,-1,1,760,1,-1,1,1,1,0.3061058606022105,-18.57106648687501,0.30610586054885747,18.836809030184977,0.25,24.0,12.1389721215322,13.0542867822868,0.915314660757526,11.9960342632832,12.9101979931497,0.914163729861008,17.2794054806451,18.0894337939134,0.810028313267141,4.1949338011831605,4.1949338011831605,0.0,0.208819973356473,0.550185372669817,0.341365399313254,0.5229274131466289,0.862548993900003,0.339621580753249,1.10558577042953,2.86614738318557,1.76056161275623,0.34136422585307896,1.0579808574095402,0.716616631556739,0.0,0.0,0.0,52.17298061112817,53.58571497769799,1
w_r2full_held_20_0,67,20,0.3,-24.0,1,FAR,1,1,760,1,-1,-1,1,1,0.306405504872319,-42.059295287129984,0.306405500779629,-4.6514235974859925,0.3,0.0,11.2773542841633,12.1553495658073,0.877995281641184,12.2594853692223,13.120662768779,0.861177399564288,2.3547096830259,3.06707406242454,0.712364379408775,4.19079283139771,4.19079283139771,0.0,-0.528130989255539,0.000439578514420042,0.528570567770078,-0.155023007992195,0.187925556373018,0.34294856436515,1.10559136414327,2.86469239534961,1.75910103120632,0.289837717461621,0.920268847119596,0.630431129657252,0.0,0.0,0.0,36.31884047087776,36.50720560576519,1
w_r2full_held_20_0,68,20,0.3,-16.0,-1,NEAR,-1,1,760,1,-1,1,1,1,0.306405424462103,-34.40652856688398,0.30640542071296495,3.001341845493999,0.3,-24.0,11.8919640604548,12.754840071613701,0.862876011173598,13.2268992335318,14.0884327040879,0.861533470560002,17.157083085122,18.1292690276855,0.9721859425645379,4.19082468927203,4.19082468927203,0.0,-0.285513594484658,0.0586949603610751,0.344208554845701,-0.410159061436709,0.0005296509881887939,0.410688712424995,1.1055877277716801,2.86535646673726,1.7597687389659,0.341405015396575,1.05883648033579,0.717431464938964,0.0,0.0,0.0,53.08755943973218,53.14678405108145,1
w_r2full_held_20_0,69,20,0.3,16.0,-1,NEAR,-1,1,760,1,-1,1,1,1,0.306405464719793,-3.221904501434003,0.306405466510109,34.18597175980004,0.3,-16.0,13.248681905314701,14.1114246908304,0.862742785515258,11.6902172081165,12.5519310617632,0.8617138536340689,17.3021837490763,18.135765141906802,0.833581392828996,4.19081894830486,4.19081894830486,0.0,-0.0965220362882949,0.245977132055644,0.34249916834390803,-0.5943607183093049,0.000176192813813039,0.594536911123176,1.10558622106498,2.8653581200250797,1.7597718989605,0.34140258109632904,1.05712325513472,0.715720674039149,0.0,0.0,0.0,52.91242121796506,53.158574542834515,1
w_r2full_held_20_0,70,20,0.3,24.0,1,FAR,1,1,760,1,1,1,1,1,0.3064054730349085,4.7396612231670465,0.3064054753896245,42.14753741907501,0.3,16.0,12.2485616876268,13.1102865480087,0.861724860383012,11.4768888528398,12.3416303978085,0.8647415449533999,2.11358800498471,2.84685525864215,0.7332672536561531,4.19079131342127,4.19079131342127,0.0,-0.28133353146,0.06284019485261709,0.344173726312614,-0.40544717953445597,0.000494747933862126,0.40594192746819,1.10559004521725,2.86465699318898,1.75906694797222,0.289877101238475,0.920269251156392,0.630392149917769,0.0,0.0,0.0,36.27448976222599,36.33782470501247,1
w_r2full_held_20_0,71,20,0.35,0.0,-1,NEAR,-1,1,760,1,-1,1,1,1,0.3550401598005425,-18.57177350047301,0.3550401596177535,18.83612381119698,0.3,24.0,12.1059949021426,13.0205866726296,0.9145917704787989,11.9631591450884,12.8765030949868,0.9133439499036691,17.2798583330604,18.0894840777454,0.809625744689462,3.9658830763870503,3.9658830763870503,0.0,0.31537216737329904,0.648652078208123,0.33327991083480896,0.691692482124818,1.02302512269174,0.331332640567018,1.1057841636251702,2.86612891472588,1.76034475109948,0.341398091859788,1.0580247314896,0.716626639629593,0.0,0.0,0.0,51.87661056796433,53.54828776886419,1
w_r2full_held_20_0,72,20,0.35,-24.0,1,FAR,1,1,760,1,-1,-1,1,1,0.355338243413551,-42.06018397346401,0.355338249178527,-4.652303660875989,0.35,0.0,11.2450888929261,12.1218219933057,0.876733100385775,12.219454837109499,13.0801798631647,0.860725026053701,2.35475428436179,3.06662201912539,0.71186773476527,3.9617486033544695,3.9617486033544695,0.0,-0.556580585951388,0.000612801923553809,0.5571933878745361,-0.112216458202843,0.21910677101659598,0.33132322921907204,1.10579083703248,2.8647037933103,1.7589129562769301,0.289837748260392,0.9202825211014171,0.630444772839628,0.0,0.0,0.0,36.015358793361976,36.235078366302126,1
w_r2full_held_20_0,73,20,0.35,-16.0,-1,NEAR,-1,1,760,1,-1,1,1,1,0.3553381300922135,-34.406251179900984,0.3553381309957415,3.0016534925870197,0.35,-24.0,11.859378068668,12.7217116257236,0.862333557029944,13.1994693231444,14.0606100768455,0.861140753711452,17.1567015655034,18.1290452364281,0.972343670933668,3.96178079115294,3.96178079115294,0.0,-0.271000124260677,0.069182492361155,0.34018261662188,-0.410238524743774,0.000716800763310809,0.410955325506703,1.1057859762157,2.86538405543614,1.75959807922119,0.341407681775603,1.05888238880057,0.717474707024326,0.0,0.0,0.0,52.79741417438685,52.86731346751132,1
w_r2full_held_20_0,74,20,0.35,16.0,-1,NEAR,-1,1,760,1,-1,1,1,1,0.355338183091664,-3.2207737146520143,0.355338184462626,34.18712480500796,0.35,-16.0,13.2209611291608,14.0832913544623,0.862330225312261,11.6576566297305,12.5188510233878,0.861194393651672,17.3017979312266,18.1355639202308,0.833765989013072,3.96177497779899,3.96177497779899,0.0,-0.0448229862526709,0.287443847236582,0.332266833489338,-0.63165614932476,0.000306100808333257,0.631962250132754,1.10578561665334,2.8654012014491603,1.7596155847970099,0.34140106681885896,1.05715248286623,0.715751416048489,0.0,0.0,0.0,52.62203496019528,52.90978490824019,1
w_r2full_held_20_0,75,20,0.35,24.0,1,FAR,1,1,760,1,1,1,1,1,0.355338193026277,4.739931332908009,0.3553381957838905,42.147829154300986,0.35,16.0,12.2087074272398,13.069920630631701,0.861213203372947,11.4446917115673,12.3088306608837,0.864138949291013,2.11355909465101,2.84640312498584,0.7328440303379931,3.9617472108257,3.9617472108257,0.0,-0.25923772761436203,0.0733540123024858,0.332591739916823,-0.41317404733916197,0.000679895410982985,0.413853942750337,1.10578921505313,2.8646600607198702,1.75887084566714,0.289877035971345,0.920264485745861,0.630387449774749,0.0,0.0,0.0,35.97182617379267,36.04586008150614,1
w_r2full_held_20_0,76,20,0.4,0.0,-1,NEAR,-1,1,760,1,-1,1,1,1,0.40397513321023903,-18.57266723295198,0.40397513338767554,18.835253169799003,0.35,24.0,12.0962308446948,13.0102836834205,0.914052838714865,11.9533679628178,12.8662349248674,0.9128669620439389,17.2777413709562,18.0893613465023,0.8116199755438069,3.73685346925561,3.73685346925561,0.0,0.442454155713966,0.746891414372695,0.304437258658219,0.88090070192182,1.18321164391367,0.302310941991971,1.10601265422598,2.86597576000828,1.75996310578122,0.341298715779283,1.05792201492253,0.716623299142774,0.0,0.0,0.0,51.626631198976625,53.556734257262995,1
w_r2full_held_20_0,77,20,0.4,-24.0,1,FAR,1,1,760,1,-1,-1,1,1,0.4042709577086335,-42.061364256393006,0.404270955293936,-4.653441523688018,0.4,0.0,11.2329706180889,12.108454411708799,0.875483793618851,12.2099029902282,13.0703305660891,0.860427575857733,2.35476140161078,3.06678809598007,0.712026694364197,3.7327295122057005,3.7327295122057005,0.0,-0.5634498351446809,0.00072594217300439,0.564175777317364,-0.0479114028945462,0.25036945617996703,0.298280859074186,1.10602038494263,2.8645719714854,1.75855158654317,0.289837485634056,0.920279749703533,0.630442264067972,0.0,0.0,0.0,35.7631543071726,36.01424970552557,1
w_r2full_held_20_0,78,20,0.4,-16.0,-1,NEAR,-1,1,760,1,-1,1,1,1,0.40427080332049203,-34.40586253573802,0.4042708184689715,3.002096535025034,0.4,-24.0,11.8476530099388,12.7096482885801,0.861995278623888,13.200912615018801,14.0616856644355,0.86077304942547,17.1537356732398,18.1285398431549,0.974804169920526,3.7327614929290203,3.7327614929290203,0.0,-0.23498389621710403,0.0796861240270815,0.314670020244044,-0.388812437807757,0.0008391552408135811,0.38965159304849,1.10601640014199,2.865215110207,1.75919871006495,0.34130077482307,1.05877473133915,0.717473956515856,0.0,0.0,0.0,52.55662513064567,52.637150409913566,1
w_r2full_held_20_0,79,20,0.4,16.0,-1,NEAR,-1,1,760,1,-1,1,1,1,0.4042708892277535,-3.2192092274270223,0.4042708924468795,34.18871735630496,0.4,-16.0,13.2222252850761,14.084230091596899,0.862004806537197,11.6459549855582,12.506785027055601,0.860830041486079,17.2992902878906,18.1352540209676,0.835963733072372,3.73275599265605,3.73275599265605,0.0,0.028333138270218598,0.329508330587507,0.301175192316961,-0.647430190030689,0.0009328398656089451,0.648363029896421,1.10601513591033,2.8652336509801697,1.7592185150714301,0.34129490764861103,1.05707283004897,0.715777922401146,0.0,0.0,0.0,52.38133161330529,52.71177278375841,1
w_r2full_held_20_0,80,20,0.4,24.0,1,FAR,1,1,760,1,1,1,1,1,0.40427090053793147,4.74029844576701,0.40427090267473353,42.14822170592897,0.4,16.0,12.1994010606491,13.0603638892449,0.860962828600435,11.4325372346789,12.2964322150365,0.863894980372164,2.11457060328391,2.8475833618932302,0.7330127585971731,3.7327281120506997,3.7327281120506997,0.0,-0.215636020830334,0.0838840266700447,0.29952004750030997,-0.39933755525253,0.000805251023737312,0.400142806276108,1.10603749891785,2.8645394224992597,1.75850192358173,0.286371678559996,0.9167609290079021,0.630389250447944,0.0,0.0,0.0,35.71840792973249,35.80309720742627,1
w_r2full_held_20_1,1,20,0.45,0.0,-1,NEAR,-1,1,760,1,-1,1,1,1,0.454053106288913,-18.703969888485993,0.454053106620808,18.703971219595992,0.6,0,12.305778457115,13.164659964901201,0.858881507786009,12.171667953988699,13.0293018680765,0.857633914087398,17.3221103101916,18.128709428763703,0.80659911857177,3.4912970093548097,3.4912970093548097,0.0,-4.317206537275809,0.000665129514394475,4.31787166679016,-4.317206405309309,0.000665127289698313,4.31787153259897,1.12427847335469,2.87375527195033,1.7494767985956299,0.340827874345985,1.05918190697402,0.718354032628019,0.0,0.0,0.0,51.74690545002056,51.74823570682466,1
w_r2full_held_20_1,2,20,0.45,-24.0,1,FAR,1,1,760,1,-1,-1,1,1,0.45320363394151353,-42.06306236690699,0.4532036332715845,-4.655123226881052,0.45,0.0,11.2339341404658,12.1054569856284,0.8715228451627449,12.2270239764298,13.0847588641724,0.857734887742564,2.3565458368436296,3.06633634471831,0.709790507874738,3.50373946180015,3.50373946180015,0.0,-0.550909145163359,0.000181140157504709,0.551090285320879,0.035849684572865796,0.281174004823451,0.245324320250614,1.12436331272393,2.87252554974584,1.74816223702187,0.28590592320316,0.91791032763505,0.632004404431884,0.0,0.0,0.0,35.55072753370015,35.832082678681104,1
w_r2full_held_20_1,3,20,0.45,-16.0,-1,NEAR,-1,1,760,1,-1,1,1,1,0.453203419255775,-34.40525982473397,0.4532034183609015,3.0026798258150356,0.45,-24.0,11.8554240215765,12.7144863114089,0.859062289832629,13.2330155555542,14.0908246873805,0.8578091318271049,17.1550398623493,18.1280110123566,0.9729711500072659,3.50377131156812,3.50377131156812,0.0,-0.17922957488377,0.0894501045014961,0.268679679385157,-0.347703692551407,0.00012191792178197602,0.347825610473107,1.12329441186918,2.8727270061362398,1.7494325942670699,0.340285010103817,1.05952095077538,0.719235940671583,0.0,0.0,0.0,52.369341279625736,52.45891330204901,1
w_r2full_held_20_1,4,20,0.45,16.0,-1,NEAR,-1,1,760,1,-1,1,1,1,0.453203545176906,-3.216910813245988,0.453203534466595,34.191005939081975,0.45,-16.0,13.253766204099499,14.112777220019401,0.859011015919799,11.6535331113773,12.5113716452835,0.857838533905279,17.301182250740602,18.1349298986623,0.8337476479224001,3.50376567236503,3.50376567236503,0.0,0.120563408490548,0.370558703454243,0.249995294963671,-0.644462457254931,0.00023106556262251097,0.644693522817423,1.12404949558056,2.8727593852060402,1.74870988962552,0.341082692700203,1.05820857401455,0.717125881314357,0.0,0.0,0.0,52.19381239555082,52.56460216456769,1
w_r2full_held_20_1,5,20,0.45,24.0,1,FAR,1,1,760,1,1,1,1,1,0.453203553190137,4.740820819880032,0.453203549750053,42.14875369756399,0.45,16.0,12.2214956394622,13.0797422642832,0.858246624821357,11.4380978052222,12.2995792153735,0.861481410150723,2.11903573553779,2.84948152941231,0.7304457938743409,3.50373841933008,3.50373841933008,0.0,-0.153155085536514,0.093640951550859,0.246796037087366,-0.366576425824438,0.000109467506503777,0.36668589333089396,1.12362085394826,2.87303023953612,1.74940938558783,0.286623790620966,0.9182818857489381,0.631658095127957,0.0,0.0,0.0,35.52385355368415,35.61760397274151,1
w_r2full_held_20_1,6,20,0.5,0.0,-1,NEAR,-1,1,760,1,-1,1,1,1,0.5018479518155435,-18.575847545415026,0.5018479524425845,18.83208270960296,0.45,24.0,12.1505575705669,13.0612477869013,0.910690216334347,12.0075985831512,12.9169020782598,0.909303495108407,17.2789443310179,18.0886273609646,0.809683029946819,3.27887138154781,3.27887138154781,0.0,0.753526073998533,0.9430357471140871,0.189509673115583,1.31607311481116,1.50293477027767,0.186861655466501,1.12389573678456,2.87511803618058,1.75122229939592,0.340953510898512,1.05901082536355,0.718057314465095,0.0,0.0,0.0,51.27977746921764,53.7257479866094,1
w_r2full_held_20_1,7,20,0.5,-24.0,1,FAR,1,1,760,1,-1,-1,1,1,0.502136207280392,-42.06542999262397,0.5021362085635555,-4.657504953057002,0.5,0.0,11.2693779282103,12.139543887559,0.8701659593490171,12.293823039668599,13.1515454589547,0.857722419286611,2.36079293383521,3.0722431526982703,0.7114502188634431,3.27478569536419,3.27478569536419,0.0,-0.519930370404446,0.000306390686299776,0.52023676109077,0.13816719426823498,0.312863645550325,0.17469645128207698,1.1237162014500899,2.87252218191146,1.7488059804615002,0.285812298631418,0.9178847602331519,0.632072461601674,0.0,0.0,0.0,35.42852513672077,35.74169517295739,1
w_r2full_held_20_1,8,20,0.5,-16.0,-1,NEAR,-1,1,760,1,-1,1,1,1,0.5021358919520695,-34.40438911772703,0.502135897280692,3.0035385538760284,0.5,-24.0,11.8881580252564,12.747524497123699,0.859366471866548,13.3019672187108,14.1601142896573,0.8581470709456069,17.153964975090002,18.1272421288772,0.973277153786418,3.27481634170681,3.27481634170681,0.0,-0.105526655164184,0.100258798816428,0.205785453980638,-0.288758393795998,0.000316886243833811,0.289075280039779,1.12370477890613,2.8730129981774097,1.74930821927134,0.340950412051434,1.0598584718858601,0.718908059834387,0.0,0.0,0.0,52.24256872742828,52.34314441248854,1
w_r2full_held_20_1,9,20,0.5,16.0,-1,NEAR,-1,1,760,1,-1,1,1,1,0.5021360532720015,-3.213736759408947,0.5021360500770651,34.194192881258026,0.5,-16.0,13.3231592382106,14.1824111152801,0.859251877071491,11.6870377783048,12.545137092478699,0.858099314171729,17.301250627150402,18.1346321871715,0.833381560020977,3.27481066710455,3.27481066710455,0.0,0.23190055966162199,0.412247400040134,0.180346840378487,-0.621486873249541,0.0004223355595411,0.621909208809059,1.1218931461011699,2.87302468207767,1.75113153597658,0.341097906813199,1.05825926106429,0.717161354251233,0.0,0.0,0.0,52.06827500517681,52.480944740776486,1
w_r2full_held_20_1,10,20,0.5,24.0,1,FAR,1,1,760,1,1,1,1,1,0.5021360903900924,4.741568342890967,0.5021360872283195,42.149498093251026,0.5,16.0,12.2834978407675,13.143049867662501,0.859552026896045,11.4687079945185,12.3311609088262,0.8624529143062281,2.1197402948211197,2.8513853575629904,0.731645062742941,3.27478462223874,3.27478462223874,0.0,-0.0712017711997254,0.104470354636423,0.175672125836116,-0.314189196083343,0.000316475112365167,0.314505671195678,1.12006244524884,2.8706949477878,1.75063250253885,0.285875784148959,0.917872765218265,0.631996981069369,0.0,0.0,0.0,35.388948469296494,35.493735299045284,1
w_r2full_held_20_1,11,20,0.55,0.0,-1,NEAR,-1,1,760,1,-1,1,1,1,0.5507867636939985,-18.57852778647695,0.5507867632823055,18.82933875245896,0.5,24.0,12.2204178347784,13.1328915561621,0.9124737213841531,12.0774848128615,12.9888945568505,0.911409743990153,17.278722090357,18.0873353590197,0.808613268661853,3.04993622447672,3.04993622447672,0.0,0.9369550602621701,1.04114208118257,0.104187020920394,1.5614874806547199,1.662715154767,0.101227674112265,1.1205730379262702,2.8740428985413597,1.7534698606151,0.34184968610766797,1.05969073869872,0.717841052591064,0.0,0.0,0.0,51.1927913337491,53.89664856969867,1
w_r2full_held_20_1,12,20,0.55,-24.0,1,FAR,1,1,760,1,-1,-1,1,1,0.5510685407126005,-42.06873771622699,0.5510685536359875,-4.660873876753069,0.55,0.0,11.3237758582788,12.1949326389313,0.871156780651268,12.3908864655761,13.251191265593999,0.860304800017736,2.3601203471825603,3.07509725574511,0.714976908562097,3.0458842919074103,3.0458842919074103,0.0,-0.469760475266916,0.000388340017370614,0.470148815284288,0.258718227436814,0.344141925805164,0.0854236983683752,1.1205869930550199,2.86972492206534,1.7491379290100901,0.28623218623556,0.91787561384056,0.631643427604902,0.0,0.0,0.0,35.35470598808372,35.69923625390626,1
w_r2full_held_20_1,13,20,0.55,-16.0,-1,NEAR,-1,1,760,1,-1,1,1,1,0.5510681045938,-34.40307150787192,0.5510681128473525,3.004794097820951,0.55,-24.0,11.9462130870605,12.8081167826528,0.861903695594001,13.402255396606,14.2626973639296,0.860441967322966,17.1537765690738,18.125791734751,0.9720151656768569,3.04591245860948,3.04591245860948,0.0,-0.0129308900479373,0.111064932092632,0.123995822140625,-0.210598225388445,0.00037229688386534196,0.210970522272278,1.12057397845689,2.87020520389877,1.74963122544187,0.341850436961057,1.06041090455701,0.718560467595903,0.0,0.0,0.0,52.17313444839866,52.28457167737516,1
w_r2full_held_20_1,14,20,0.55,16.0,-1,NEAR,-1,1,760,1,-1,1,1,1,0.5510683432018735,-3.2091432954690635,0.5510683364525639,34.19872579384797,0.55,-16.0,13.423326133562801,14.2849045174882,0.8615783839241761,11.744442258833601,12.6051901282957,0.860747869463702,17.3017599391815,18.134704173004,0.832944233824284,3.0459067801423103,3.0459067801423103,0.0,0.362023075126565,0.45446113512426095,0.0924380599977178,-0.5808412849974091,0.00047469772231532897,0.581315982719729,1.12058418569866,2.8701833696087897,1.74959918391025,0.341855108886411,1.0587154086523198,0.7168602997657839,0.0,0.0,0.0,51.99960437719132,52.4545402100379,1
w_r2full_held_20_1,15,20,0.55,24.0,1,FAR,1,1,760,1,1,1,1,1,0.551068384012503,4.742591365751947,0.551068372693881,42.15045829168007,0.55,16.0,12.3814251437904,13.242094326588399,0.8606691827971601,11.5232906511781,12.387221849116301,0.863931197938491,2.11920057266128,2.85381956813743,0.734618995477901,3.04588367453976,3.04588367453976,0.0,0.0289604756129705,0.115407541743135,0.08644706613015621,-0.243614655969755,0.000395740310236654,0.24401039627996998,1.1205953094705101,2.8697685392127603,1.74917322974221,0.286435400889485,0.9180432269087649,0.631607826019309,0.0,0.0,0.0,35.316831184503414,35.432634466556785,1
w_r2full_held_20_1,16,20,0.6,0.0,-1,NEAR,-1,1,760,1,-1,1,1,1,0.599727808090402,-18.582235928286007,0.59972780796968,18.825475838536,0.55,24.0,12.321458310123099,13.2316655315706,0.9102072214444331,12.1783561255061,13.088570833244699,0.9102147077375521,17.2778712982361,18.0864396842743,0.808568386038868,2.82107856679428,2.82107856679428,0.0,1.1397408073812199,1.14074443765056,0.0010036302686504798,1.8262593628423802,1.82808077090797,0.00182140806563283,1.12096858495928,2.87420126174456,1.75323267678544,0.341851794057727,1.05963801525818,0.717786221200695,0.0,0.0,0.0,51.16159389288662,54.13041910144515,1
w_r2full_held_20_1,17,20,0.6,-24.0,1,FAR,1,1,760,1,-1,-1,1,1,0.6000004187121319,-42.073171344351955,0.600000443405607,-4.665464985579959,0.6,0.0,11.4065298243465,12.2734746390636,0.8669448147207109,12.5253941551734,13.385868807151,0.860474651977621,2.35803837748596,3.0798420021760102,0.721803624690177,2.81707598720599,2.81707598720599,0.0,-0.399823226096588,0.000769749207471144,0.400592975303981,0.39752394184268897,0.39812752604026,0.000603584197538537,1.12099896728273,2.86731494490233,1.74631597761914,0.286562995577717,0.9182129243838549,0.631649928805812,0.0,0.0,0.0,35.34178930488279,35.74068658013052,1
w_r2full_held_20_1,18,20,0.6,-16.0,-1,NEAR,-1,1,760,1,-1,1,1,1,0.5999998409408155,-34.40118973182504,0.5999998571471865,3.00651588831502,0.6,-24.0,12.0335966878735,12.8941495022293,0.860552814356966,13.532329083838299,14.3927643134462,0.860435229606612,17.1534300676943,18.124682397679102,0.971252329987641,2.8170989602511196,2.8170989602511196,0.0,0.0992317268294871,0.12231858246756001,0.0230868556380038,-0.11397677438140599,0.0122470356334394,0.126223810014854,1.12100212684334,2.86785593041036,1.74685380356685,0.341852296749671,1.06037580372098,0.71852350697153,0.0,0.0,0.0,52.15692690773706,52.29149252583805,1
w_r2full_held_20_1,19,20,0.6,16.0,-1,NEAR,-1,1,760,1,-1,1,1,1,0.600000173627524,-3.202854521692,0.6000001569364706,34.20485309725907,0.6,-16.0,13.5548537259997,14.415390315856401,0.860536589854495,11.8318605371243,12.6923664843835,0.860505947260593,17.2996961214606,18.1335165870849,0.833820465625858,2.81709332382851,2.81709332382851,0.0,0.509835728494646,0.510600913435243,0.000765184940608526,-0.51987902935369,0.0009441780310367149,0.520823207384704,1.12099165271718,2.8677503079152302,1.7467586551981,0.34213762145827,1.0589221482014501,0.716784526743128,0.0,0.0,0.0,51.985039167269996,52.49658425873627,1
w_r2full_held_20_1,20,20,0.6,24.0,1,FAR,1,1,760,1,1,1,1,1,0.6000002278597075,4.743996709333009,0.600000202568606,42.15170126549794,0.6,16.0,12.5149271784066,13.3754254668283,0.860498288421848,11.605043064152001,12.4664599522913,0.861416888137873,2.1152453312691097,2.85823277891617,0.742987447643952,2.81707574626183,2.81707574626183,0.0,0.14739567701574002,0.147754268417356,0.000358591401665537,-0.153299987564519,0.00053416800118194,0.153834155565583,1.12357563770087,2.8673749423373502,1.74379930463657,0.28672938579109997,0.918330930401041,0.631601544610004,0.0,0.0,0.0,35.30289981703599,35.45118825345453,1
w_r2full_held_20_1,21,20,0.65,0.0,-1,NEAR,-1,1,760,1,-1,1,1,1,0.648671103508921,-18.58726929577803,0.648671103597509,18.820182362071947,0.6,24.0,12.4385191180338,13.3504025673895,0.9118834493537961,12.2953780431226,13.207360471824499,0.9119824286987049,17.2729943279981,18.0854702528329,0.8124759248377,2.59238341385442,2.59238341385442,0.0,1.3605370876057,1.36068116945549,0.000144081849707732,2.1090004690503297,2.10945362489427,0.000453155844003526,1.12877892991538,2.87307864148024,1.7442997115643202,0.342137571574408,1.05987538383548,0.7177378122610659,0.0,0.0,0.0,51.16857073121704,54.6387055255668,1
w_r2full_held_20_1,22,20,0.65,-24.0,1,FAR,1,1,760,1,-1,-1,1,1,0.6489315473113345,-42.07874226455699,0.6489315873122055,-4.671287159107029,0.65,0.0,11.497487332634499,12.360623444169601,0.863136111534487,12.681949092102,13.545154532059001,0.863205439958117,2.35597553784799,3.08587232649645,0.729896788646518,2.58844575847735,2.58844575847735,0.0,-0.313356678435133,0.0847808290189304,0.398137507454112,0.5572933795888301,0.55741606349284,0.000122683904034755,1.12963407707381,2.86716258753912,1.73752851046522,0.286685251250139,0.9183288864608741,0.631643635210498,0.0,0.0,0.0,35.365587535202394,36.007784427714164,1
w_r2full_held_20_1,23,20,0.65,-16.0,-1,NEAR,-1,1,760,1,-1,1,1,1,0.648930853726198,-34.39874547652999,0.648930878251402,3.008702267422003,0.65,-24.0,12.131390710202801,12.994650293099701,0.8632595828960901,13.6766418599033,14.5397842226933,0.863142362792077,17.149377192037,18.123525715495198,0.9741485234616499,2.58846019162573,2.58846019162573,0.0,0.22910096172006597,0.22921704749981697,0.000116085779768894,0.00241578146644294,0.13773103215948,0.135315250693017,1.12936329176188,2.86721136149403,1.73784806973225,0.34213584084361304,1.06059073115557,0.718454890311992,0.0,0.0,0.0,52.17422251556353,52.54117059522282,1
w_r2full_held_20_1,24,20,0.65,16.0,-1,NEAR,-1,1,760,1,-1,1,1,1,0.648931257782289,-3.1948533508019406,0.6489312333762485,34.212593724450954,0.65,-16.0,13.7009294941509,14.564072749052,0.863143254901915,11.930836261608,12.7939956683619,0.8631594067495549,17.3016980658987,18.1334853618966,0.831787295999407,2.58845463846651,2.58845463846651,0.0,0.677698956286244,0.6779917784866529,0.00029282220033277997,-0.44151591786689703,0.0941390451639093,0.535654963030625,1.1254578908189001,2.8632992358189897,1.73784134500044,0.342213843849587,1.0588390864956199,0.716625242646017,0.0,0.0,0.0,52.00214674009162,52.774277563742174,1
w_r2full_held_20_1,25,20,0.65,24.0,1,FAR,1,1,760,1,1,1,1,1,0.6489313234912151,4.745739973614049,0.6489312914469401,42.153195448766056,0.65,16.0,12.6746103105817,13.5378408910836,0.863230580491954,11.697936112011499,12.5610606272494,0.8631245152408891,2.1154409771328,2.86425544383457,0.748814466703518,2.5884462881840897,2.5884462881840897,0.0,0.285935339599806,0.286053857160041,0.000118517560243296,-0.0455927520686287,0.08582096571765531,0.1314137177863,1.1257919490486201,2.86339443195785,1.73760248290945,0.28672690123248395,0.9183453746499379,0.6316184734174021,0.0,0.0,0.0,35.33334305695945,35.70521787983715,1
w_r2full_held_20_1,26,20,0.7,0.0,-1,NEAR,-1,1,760,1,-1,1,1,1,0.697615848638952,-18.593523514564005,0.6976158446788655,18.8136090813269,0.65,24.0,12.521267181513299,13.4351686437801,0.913901462265338,12.378505406955,13.292431529793099,0.913926122834645,17.272558038173198,18.0846772435569,0.812119205376111,2.36378579610017,2.36378579610017,0.0,1.60088489186239,1.6011650745488502,0.000280182686295462,2.41125173718977,2.41162731350347,0.00037557631342602,1.1632953619584698,2.86889390597211,1.70559854401351,0.342138308398909,1.0598459336494601,0.717707625250373,0.0,0.0,0.0,51.10480305285184,55.11759544090417,1
w_r2full_held_20_1,27,20,0.7,-24.0,1,FAR,1,1,760,1,-1,-1,1,1,0.6978618218838015,-42.08471713791495,0.6978616998092999,-4.677892170595999,0.7,0.0,11.5567394151681,12.4239668981107,0.86722748294646,12.8094662784008,13.6759609022654,0.866494623862254,2.35586746019625,3.0926456223996,0.736778162205795,2.35990066303571,2.35990066303571,0.0,-0.206226515413796,0.221978587504661,0.42820510291839203,0.734515960871216,0.734989656639555,0.00047369576856421503,1.16574104926361,2.86089658612993,1.69515553686631,0.28668552805479397,0.9183375180664991,0.631651990011505,0.0,0.0,0.0,35.33170819000784,36.28867643415205,1
w_r2full_held_20_1,28,20,0.7,-16.0,-1,NEAR,-1,1,760,1,-1,1,1,1,0.6978609173160425,-34.39594055582496,0.697860941023686,3.0111991019239337,0.7,-24.0,12.1961835613594,13.0626536994611,0.866470138107158,13.783760880717999,14.6502712154326,0.866510334714112,17.1496331704102,18.122498673416402,0.9728655030056981,2.35990721603631,2.35990721603631,0.0,0.378951861431633,0.379167789661718,0.000215928230367831,0.137851466807692,0.282734272927942,0.144882806120175,1.16560196025456,2.860424852277,1.6948228920223198,0.342138658972232,1.06053881587166,0.718400156899344,0.0,0.0,0.0,52.11629447249507,52.778196535084724,1
w_r2full_held_20_1,29,20,0.7,16.0,-1,NEAR,-1,1,760,1,-1,1,1,1,0.6978613596226635,-3.1857562697590325,0.6978613435485594,34.221398761732914,0.7,-16.0,13.809340328035,14.6758553885098,0.866515060481177,11.994482217623899,12.8609297533899,0.866447535772011,17.303468182238998,18.1333202471263,0.829852064895159,2.3599029305462,2.3599029305462,0.0,0.863662893535073,0.864262626285216,0.000599732750118308,-0.343096781237138,0.23272816028420298,0.575824941521433,1.16550902448524,2.86042187968252,1.69491285519756,0.342139729391859,1.0588009308347799,0.716661201443168,0.0,0.0,0.0,51.9492311300895,53.04622191665892,1
w_r2full_held_20_1,30,20,0.7,24.0,1,FAR,1,1,760,1,1,1,1,1,0.6978614151330815,4.7477565834029845,0.6978613872936661,42.154883869154006,0.7,16.0,12.8019084373713,13.6684579686777,0.866549531309448,11.7560486464309,12.6224918427291,0.866443196295329,2.11534094508202,2.87143996067551,0.756099015587999,2.35990162942295,2.35990162942295,0.0,0.44346157250963203,0.443658592296545,0.000197019786998905,0.0812707638565924,0.22272832474420098,0.141457560887582,1.16573271798286,2.86096870483532,1.6952359868523301,0.286728835959164,0.918353583632535,0.6316247476733889,0.0,0.0,0.0,35.30161368997312,35.96800060701386,1
w_r2full_held_20_1,31,20,0.75,0.0,-1,NEAR,-1,1,760,1,-1,1,1,1,0.746560376420357,-18.600452539839996,0.746560371780477,18.80642158830803,0.7,24.0,12.583844001207,13.4994097816644,0.915565780453141,12.4409881155172,13.3566575595461,0.9156694440340309,17.2732546109854,18.084005245756398,0.810750634769173,2.1350469388492903,2.1350469388492903,0.0,1.85910322655425,1.85966946082732,0.000566234273208066,2.73084040544664,2.73166815417751,0.000827748730769412,1.1982006972944301,2.8635216607339298,1.6653209634396,0.341968515229445,1.0596359387732601,0.71766742354354,0.0,0.0,0.0,50.998277125323376,55.58961474032821,1
w_r2full_held_20_1,32,20,0.75,-24.0,1,FAR,1,1,760,1,-1,-1,1,1,0.7467907457795311,-42.09131090304796,0.7467907425566116,-4.684390043056985,0.75,0.0,11.603854327310401,12.4773154797075,0.873461152392382,12.9123832907103,13.7821655726145,0.8697822819047819,2.35612849261689,3.09926889606522,0.743140403452369,2.13121548995899,2.13121548995899,0.0,-0.08015165149087769,0.377928959423047,0.458080610914185,0.931151845323745,0.931670226159563,0.00051838083562118,1.19974924281508,2.85646069692759,1.65671145411316,0.286709589352529,0.9183388314976261,0.631629242145193,0.0,0.0,0.0,35.26476496677142,36.57436415235403,1
w_r2full_held_20_1,33,20,0.75,-16.0,-1,NEAR,-1,1,760,1,-1,1,1,1,0.746790056275014,-34.39331843286808,0.7467900595682915,3.0136192187509847,0.75,-24.0,12.2469046267492,13.1172165949428,0.8703119681979821,13.8674699854424,14.7372193279831,0.8697493425431341,17.1505113470142,18.1218491423224,0.9713377953116039,2.1312170129846,2.1312170129846,0.0,0.547131365569975,0.5476357220129969,0.000504356443011103,0.291486735015822,0.446183780406759,0.154697045391223,1.1996329444491,2.8556368699341,1.6560039254849501,0.342136257538526,1.0604886724812301,0.718352414942899,0.0,0.0,0.0,52.02362762064823,53.01744712306798,1
w_r2full_held_20_1,34,20,0.75,16.0,-1,NEAR,-1,1,760,1,-1,1,1,1,0.746790440338656,-3.1768160836219694,0.7467904381232925,34.23009475665894,0.75,-16.0,13.8962329602591,14.765980613321,0.8697476530606161,12.0468461147623,12.9165654102481,0.8697192954851629,17.3068214062943,18.133094334851197,0.8262729285606589,2.13121366230658,2.13121366230658,0.0,1.06952722797242,1.07016477207951,0.000637544107509194,-0.226231423925652,0.39010541384849895,0.616336837773975,1.19402965477223,2.85570546805828,1.66167581328598,0.341973455675813,1.0585455870854201,0.716572131409492,0.0,0.0,0.0,51.861105075870576,53.321375261798586,1
w_r2full_held_20_1,35,20,0.75,24.0,1,FAR,1,1,760,1,1,1,1,1,0.7467904986924669,4.749700556739955,0.7467904719237406,42.156610637757,0.75,16.0,12.9073744680973,13.777156248812501,0.869781780714776,11.8046639632271,12.674412932846801,0.869748969621473,2.1155485461202703,2.87828732172219,0.7627387755954269,2.13121660687585,2.13121660687585,0.0,0.619078573657775,0.6196160585426821,0.0005374848850884699,0.228335396208893,0.379185664073311,0.150850267864162,1.19419808511398,2.85651631472213,1.6623182296080699,0.287935565613691,0.918355012530844,0.6304194469167009,0.0,0.0,0.0,35.23594443751031,36.234746160126306,1
w_r2full_held_20_1,36,20,0.8,0.0,-1,NEAR,-1,1,760,1,-1,1,1,1,0.7955024338087315,-18.607094500593057,0.795502433874101,18.799841933746066,0.75,24.0,12.619853681893,13.5371682874513,0.9173146055584479,12.477551720219399,13.3949572467378,0.917405526524199,17.2713646306685,18.083530180078302,0.812165549406753,1.90613144730299,1.90613144730299,0.0,2.138257038992,2.1388276880414203,0.000570649049690633,3.0721492145683698,3.07299602741737,0.0008468128490206469,1.20478829075883,2.8502750532415,1.6454867624825,0.34333529025184395,1.05979270494634,0.716457414694414,0.0,0.0,0.0,50.83185491975823,56.04367863521701,1
w_r2full_held_20_1,37,20,0.8,-24.0,1,FAR,1,1,760,1,-1,-1,1,1,0.795719101981089,-42.09660804291004,0.7957190843982125,-4.689662701995001,0.8,0.0,11.6303636125966,12.5101671218349,0.879803509228441,12.9769796823773,13.849836003973,0.8728563215977619,2.35486113418533,3.10254935929178,0.747688225106113,1.9023511411833998,1.9023511411833998,0.0,0.0652521850571281,0.553838015329472,0.488585830272028,1.1471248728710401,1.1484781698187498,0.00135329694746734,1.20547343792041,2.84395334885521,1.63847991093513,0.28789879473275404,0.918339432940477,0.630440638208061,0.0,0.0,0.0,35.12719640807877,36.829512593226994,1
w_r2full_held_20_1,38,20,0.8,-16.0,-1,NEAR,-1,1,760,1,-1,1,1,1,0.795718597189853,-34.391364798809995,0.795718586087838,3.0155739212239796,0.8,-24.0,12.2760492097431,13.1489279349175,0.872878725177792,13.9185586695132,14.7914145685587,0.872855899047549,17.151517529303902,18.1214126453466,0.96989511604262,1.9023497418378201,1.9023497418378201,0.0,0.735040723174888,0.736514246987264,0.00147352381228368,0.46494525589790403,0.630152673834194,0.16520741793653498,1.20545002497319,2.8430416117017296,1.63759158672757,0.34332858741438205,1.06044190922985,0.717113321815009,0.0,0.0,0.0,51.8675884115922,53.23425533241366,1
w_r2full_held_20_1,39,20,0.8,16.0,-1,NEAR,-1,1,760,1,-1,1,1,1,0.7957188616311599,-3.1696425374500015,0.7957188737505235,34.237298458573036,0.8,-16.0,13.9478193038809,14.820709042567401,0.872889738688119,12.073930359650099,12.9467744124267,0.872844052776927,17.3064906949296,18.1324037703347,0.825913075400567,1.9023480044215502,1.9023480044215502,0.0,1.2943858335420901,1.29498514622437,0.000599312682277924,-0.0896666820767816,0.566597793189771,0.656264475265851,1.20542308252147,2.84312359033202,1.63770050781054,0.343326052684761,1.05866727885356,0.715341226168686,0.0,0.0,0.0,51.704026098935934,53.565609038350075,1
w_r2full_held_20_1,40,20,0.8,24.0,1,FAR,1,1,760,1,1,1,1,1,0.795718892872801,4.751300223697963,0.7957189127682169,42.15824507313004,0.8,16.0,12.9708401456296,13.8437105873845,0.87287044175391,11.8297131573599,12.7035454019396,0.87383224457661,2.11485148466838,2.88233636505561,0.767484880389373,1.9023517280586302,1.9023517280586302,0.0,0.8145007835852021,0.816021814042153,0.0015210304567259,0.39428673049824303,0.555659373303876,0.1613726428064,1.20549996081514,2.84403448227276,1.63853452145716,0.28793889503700504,0.918368670288574,0.630429775251156,0.0,0.0,0.0,35.094347234999674,36.4660284223457,1
w_r2full_held_20_1,41,20,0.85,0.0,-1,NEAR,-1,1,760,1,-1,1,1,1,0.8444403912934465,-18.612233917256972,0.844440391853901,18.794958551190067,0.8,24.0,12.6249904566706,13.5443641540306,0.919373697369344,12.4830845716077,13.402324988594,0.9192404169899011,17.271140499658998,18.0833511452479,0.812210645588081,1.67710342039599,1.67710342039599,0.0,2.4352251257371402,2.43684798004147,0.00162285430386071,3.4297763666621504,3.43234527271755,0.00256890605492215,1.2075858003058,2.8414184442033097,1.63383264389755,0.343325175259239,1.05978020321873,0.716455027959278,0.0,0.0,0.0,50.60834235569053,56.47753560844955,1
w_r2full_held_20_1,42,20,0.85,-24.0,1,FAR,1,1,760,1,-1,-1,1,1,0.8446473336435589,-42.10024863237594,0.84464729567054,-4.693054090638027,0.85,0.0,11.6304694978969,12.5145644754392,0.884094977542569,12.9948092288512,13.8705420187215,0.8757327898720699,2.35494468409705,3.1053069872890298,0.750362303189217,1.67336206371327,1.67336206371327,0.0,0.23081281971922699,0.749170868819706,0.51835804910107,1.38343602767485,1.38489049800574,0.00145447033049331,1.2078740983126999,2.83571122800795,1.62783712969463,0.287898755240655,0.9183429479392501,0.630444192698425,0.0,0.0,0.0,34.9178297211102,37.051891087935644,1
w_r2full_held_20_1,43,20,0.85,-16.0,-1,NEAR,-1,1,760,1,-1,1,1,1,0.844647053461086,-34.39040475764599,0.8446470279263575,3.016788388281011,0.85,-24.0,12.277389516886501,13.1533999720623,0.8760104551846111,13.9307650584499,14.806495819449601,0.875730760993691,17.1544105729227,18.1216584879555,0.967247915024053,1.67335875794341,1.67335875794341,0.0,0.943114609267034,0.9446940842482501,0.00157947498043981,0.6586160053603419,0.833347916611992,0.174731911251106,1.2078822121780102,2.8348311655329,1.6269489533555002,0.343120192959456,1.06028512881708,0.717164935857911,0.0,0.0,0.0,51.65002933176079,53.42807133262103,1
w_r2full_held_20_1,44,20,0.85,16.0,-1,NEAR,-1,1,760,1,-1,1,1,1,0.844647175728747,-3.1651603982180143,0.8446472028398595,34.24203543169302,0.85,-16.0,13.960960438039601,14.836810177174701,0.8758497391384801,12.0751649152076,12.9508847657027,0.87571985049746,17.3113776303222,18.1325477015492,0.821170071233169,1.67335825773188,1.67335825773188,0.0,1.54294263845921,1.54321403903392,0.000271400574344428,0.0668783278299213,0.764299562084067,0.6974212342543921,1.20784817454174,2.8349205285621997,1.6270723540201701,0.341399865243903,1.05670212427839,0.715302259033992,0.0,0.0,0.0,51.485223554999074,53.79273715611706,1
w_r2full_held_20_1,45,20,0.85,24.0,1,FAR,1,1,760,1,1,1,1,1,0.8446471945261704,4.752409134418989,0.844647232902754,42.159603666787945,0.85,16.0,12.988933846786,13.8646961098427,0.875762263050551,11.829850631134699,12.7077409292609,0.877890298129241,2.11492065042887,2.8849099849371402,0.769989334506232,1.6733622952113598,1.6733622952113598,0.0,1.03198625270782,1.0336137911857601,0.00162753847834454,0.581982820738297,0.752911408217352,0.170928587478896,1.20789773134898,2.83574805525719,1.6278503239089899,0.28793975728897797,0.918369786373293,0.630430029083905,0.0,0.0,0.0,34.88482716088259,36.671352360285695,1
w_r2full_held_20_1,46,20,0.9,0.0,-1,NEAR,-1,1,760,1,-1,1,1,1,0.8933741193143665,-18.615271487189,0.8933741194752141,18.792228798535927,0.85,24.0,12.6125317615626,13.5341833480727,0.921651586509851,12.4708927023682,13.3922003830948,0.9213076807180991,17.275087838389602,18.084002168497598,0.8089143301138391,1.4480392488019,1.4480392488019,0.0,2.75564576379163,2.75770222410558,0.00205646031430637,3.8126556047715,3.8157168383218902,0.00306123355168478,1.20364206207994,2.83180069594375,1.62815863386382,0.341407569318672,1.057836343957,0.7164287746377069,0.0,0.0,0.0,50.34806218836775,56.92148125079522,1
w_r2full_held_20_1,47,20,0.9,-24.0,1,FAR,1,1,760,1,-1,-1,1,1,0.8935759210681765,-42.102113671371065,0.8935758877448525,-4.6946121178329525,0.9,0.0,11.615938244566001,12.5031980738458,0.887259829287412,12.9845121212507,13.8629775278445,0.878465406594079,2.3550466564920103,3.1068317487669503,0.751785092280555,1.44431794651797,1.44431794651797,0.0,0.416796151108293,0.9652557593599279,0.548459608252546,1.64036268029735,1.6422504259472,0.00188774564993947,1.20381070339236,2.8267326188778696,1.62292191548509,0.28789881694034697,0.9183482617426579,0.630449444802649,0.0,0.0,0.0,34.66240617759575,37.26991236290287,1
w_r2full_held_20_1,48,20,0.9,-16.0,-1,NEAR,-1,1,760,1,-1,1,1,1,0.893575818327988,-34.390191067929955,0.8935757964015509,3.0173152257640945,0.9,-24.0,12.2635350815448,13.142388051032901,0.878852969486409,13.9189004402982,14.797370431731,0.878469991440666,17.1593795428654,18.1224378439521,0.963058301094893,1.4443131424497702,1.4443131424497702,0.0,1.1717105946550301,1.17371140311244,0.00200080845745141,0.87284424773515,1.0573630942001,0.184518846463594,1.20383610251869,2.82586417441082,1.62202807189233,0.341405534175295,1.05848226089309,0.71707672671773,0.0,0.0,0.0,51.39085590446968,53.62193040178222,1
w_r2full_held_20_1,49,20,0.9,16.0,-1,NEAR,-1,1,760,1,-1,1,1,1,0.8935758495988255,-3.1631814289350135,0.8935758706101811,34.24431891718205,0.9,-16.0,13.9495982624413,14.8283321351561,0.8787338727145969,12.061082515928401,12.939481149612,0.87839863368105,17.312006944402498,18.132020144019798,0.82001319962391,1.44431296059201,1.44431296059201,0.0,1.80711873102727,1.80776663464697,0.000647903619936069,0.242254038674971,0.9799508583577039,0.73769681968243,1.20382634508548,2.82602428876011,1.62219794367479,0.341399252532443,1.05668329752435,0.715284044991097,0.0,0.0,0.0,51.22685397566437,54.01457146866904,1
w_r2full_held_20_1,50,20,0.9,24.0,1,FAR,1,1,760,1,1,1,1,1,0.893575852751347,4.752965420788069,0.8935758869620269,42.16045991323403,0.9,16.0,12.9785049658635,13.8570357555981,0.878530789742743,11.815427381811899,12.6962629175906,0.880835535784008,2.1149514993584697,2.8858634089294597,0.7709119095626,1.44431796064721,1.44431796064721,0.0,1.26651475539566,1.2685810127708,0.00206625737532599,0.787024397145893,0.967731915378776,0.180707518232473,1.20383431515238,2.82672470218416,1.62289038703253,0.28793973740406403,0.9183747269747039,0.630434989571092,0.0,0.0,0.0,34.62857947192423,36.86489240007381,1
w_r2full_held_20_1,51,20,0.95,0.0,-1,NEAR,-1,1,760,1,-1,1,1,1,0.9423048930217139,-18.616491697930005,0.9423048932797485,18.79121830247299,0.9,24.0,12.5960954718654,13.5201630373518,0.9240675654855091,12.454393675659501,13.378011416509501,0.923617740853982,17.2747269287821,18.0839481070259,0.809221178241897,1.2189702082446499,1.21903299126138,6.2783017643327e-05,3.09021867606711,3.0922178100474498,0.00199913397994821,4.20917672037646,4.212121081087,0.00294436070997167,1.1975697824554001,2.82182807605215,1.6242582935958898,0.341402479386624,1.05782645520954,0.7164239758232019,0.0,0.0,0.0,50.08081008341027,57.38514897454472,1
w_r2full_held_20_1,52,20,0.95,-24.0,1,FAR,1,1,760,1,-1,-1,1,1,0.9425049589522675,-42.10270609725497,0.9425049407856976,-4.694998403299011,0.95,0.0,11.5983082652165,12.488241968358201,0.889933703136333,12.9680186410763,13.8490301043669,0.8810114632882899,2.35515328864053,3.10788813881402,0.75273485017292,1.21525362210413,1.21525362210327,1.20370621524202e-20,0.6179628076449291,1.19624303869222,0.578280231046782,1.91207315907497,1.91406311143389,0.00198995235925249,1.19770958472149,2.81740244582681,1.61969286110585,0.287898818791182,0.9183517267225879,0.630452907931514,0.0,0.0,0.0,34.396168006191786,37.50647415631789,1
w_r2full_held_20_1,53,20,0.95,-16.0,-1,NEAR,-1,1,760,1,-1,1,1,1,0.9425049509193235,-34.390294294945,0.9425049368515359,3.017411445851992,0.95,-24.0,12.2462100891078,13.127684372630101,0.881474283521271,13.900837185919501,14.781783563988599,0.8809463780681,17.1612957163482,18.1226387764434,0.9613430600875239,1.2152478089428,1.2153137002932102,6.58913473209826e-05,1.41555325026462,1.41766462642962,0.00211137616438798,1.1020062835876299,1.29591369152991,0.19390740794193698,1.19775951666862,2.8166351037970903,1.6188755871285299,0.341396912994353,1.05849385374288,0.717096940748501,0.0,0.0,0.0,51.12254937089528,53.83612768885481,1
w_r2full_held_20_1,54,20,0.95,16.0,-1,NEAR,-1,1,760,1,-1,1,1,1,0.942504936035623,-3.1627455900820056,0.9425049481690224,34.24496351240902,0.95,-16.0,13.933263136930199,14.8145888853088,0.881325748365696,12.043877607704399,12.9248423730907,0.880964765387455,17.3123832700115,18.1315321383229,0.81914886831351,1.21524797994015,1.21531383754498,6.58576035342821e-05,2.09116609960881,2.09186117897397,0.0006950793649380689,0.437346450258139,1.21501861964914,0.7776721693902571,1.19775211269288,2.81675689629698,1.6190047836036199,0.341399165556577,1.05669605241445,0.715296886858379,0.0,0.0,0.0,50.95973018297881,54.266609981601924,1
w_r2full_held_20_1,55,20,0.95,24.0,1,FAR,1,1,760,1,1,1,1,1,0.942504940567098,4.753132175405961,0.942504958782626,42.16083972783402,0.95,16.0,12.961870591736199,13.842984667159401,0.881114075427308,11.797884171725,12.681360252909,0.883476081184734,2.11496892256573,2.88622725361959,0.771258331052194,1.2152535209815,1.21525352098251,-7.22223729145213e-20,1.5208578346655601,1.52303055426569,0.00217271960030005,1.01182367527792,1.20194578934782,0.190122114069912,1.19774447803333,2.8174175570954,1.61967307906149,0.287938931959261,0.918377353687781,0.630438421728318,0.0,0.0,0.0,34.36162060545368,37.086596949067186,1
w_r2full_held_20_1,56,20,1.0,0.0,-1,NEAR,-1,1,760,1,-1,1,1,1,0.9912342800753866,-18.616687989467028,0.9912342802355194,18.791131436381004,0.95,24.0,12.5886508959321,13.515113282236499,0.926462386304922,12.447127599635401,13.3731708450167,0.926043245379061,17.2747834581989,18.0839537451813,0.8091702869809859,0.989902904577696,0.990961152970304,0.00105824839359487,3.44599756880539,3.44808615789518,0.0020885890905106798,4.6269008867657995,4.62998435355956,0.0030834667936829496,1.19090703996414,2.8116550752875202,1.62074803532329,0.341367846993812,1.05783635414755,0.7164685071538359,0.0,0.0,0.0,49.83269045483988,57.91076096629462,1
w_r2full_held_20_1,57,20,1.0,-24.0,1,FAR,1,1,760,1,-1,-1,1,1,0.991434310177306,-42.10266120136807,0.991434301646412,-4.694843971285945,1.0,0.0,11.5880853892255,12.4805112958644,0.892425906628494,12.9649154433194,13.8483026416989,0.8833871983909329,2.35524017462589,3.10906856560389,0.7538283909639529,0.9861827512514979,0.986287555656302,0.000104804404022321,0.8402105359805611,1.44829203611013,0.6080815001284661,2.20511035825319,2.20719352889155,0.00208317063872376,1.19102915577163,2.8081569654638603,1.61712780969298,0.287898796846507,0.918355117563761,0.630456320716942,0.0,0.0,0.0,34.150682141851114,37.8061677068528,1
w_r2full_held_20_1,58,20,1.0,-16.0,-1,NEAR,-1,1,760,1,-1,1,1,1,0.9914343389224676,-34.390480892625085,0.9914343333633435,3.0173379805730205,1.0,-24.0,12.236842163157599,13.1207340378421,0.883891874683839,13.8993928426262,14.7828326800412,0.883439837430154,17.1631695091721,18.1227680681239,0.959598558955043,0.9861764768483791,0.9872422002931299,0.00106572344311378,1.68048168146493,1.68269207228923,0.00221039082372345,1.35237767355991,1.55558999715999,0.20321232360051,1.19106385370392,2.80761939181779,1.61655553811365,0.341396405457888,1.05848757160186,0.7170911661442,0.0,0.0,0.0,50.87968394971998,54.1179660191692,1
w_r2full_held_20_1,59,20,1.0,16.0,-1,NEAR,-1,1,760,1,-1,1,1,1,0.9914343160951891,-3.163013330259923,0.9914343199743945,34.244801186750884,1.0,-16.0,13.9300741607023,14.813891864703,0.883817704001704,12.0344358010603,12.9178146005566,0.883378799504282,17.3131475343513,18.131155035202703,0.8180075008477591,0.9861765592662189,0.9872422127831839,0.00106565351525476,2.39008262886568,2.39081653445017,0.000733905584750641,0.647518952822888,1.46514324917102,0.817624296347342,1.19107681544044,2.8077103873582603,1.61663357191774,0.341399333602387,1.05666102581177,0.715261692208888,0.0,0.0,0.0,50.714475126415515,54.5704349100367,1
w_r2full_held_20_1,60,20,1.0,24.0,1,FAR,1,1,760,1,1,1,1,1,0.9914343127491905,4.753116673735014,0.9914343211097245,42.160932781710954,1.0,16.0,12.9583982693014,13.841895656253499,0.883497386950057,11.7876088635717,12.6737003439648,0.886091480399025,2.11451683204196,2.88633378905462,0.771816957006469,0.986183005719573,0.9862880713204889,0.000105065602129008,1.78996026627742,1.7922291643897799,0.00226889811216448,1.25175388809907,1.45121522217032,0.19946133407167999,1.19103211175083,2.80814588832414,1.61711377657284,0.289877028567469,0.920316096705175,0.6304390681374851,0.0,0.0,0.0,34.11667984562272,37.36012423218282,1
w_r2full_held_20_1,61,20,1.05,0.0,-1,NEAR,-1,1,760,1,-1,1,1,1,1.040163079585935,-18.616428528569926,1.040163080865315,18.791441385469952,1.0,24.0,12.6043923324845,13.533621951757299,0.9292296192759381,12.4628882475271,13.391856627326801,0.928968379806213,17.2724899621791,18.083604263881398,0.811114301718262,0.760837986567909,0.7634995416774331,0.0026615551082646103,3.820949867056,3.82300018894551,0.00205032188849045,5.06399395063923,5.06698047818683,0.0029865275473591802,1.18406265897777,2.80157615710958,1.6175134981305601,0.341301000136644,1.05769664524586,0.716395645108866,0.0,0.0,0.0,49.63185518699837,58.52183585413071,1
w_r2full_held_20_1,62,20,1.05,-24.0,1,FAR,1,1,760,1,-1,-1,1,1,1.0403638379567,-42.10235029399989,1.040363817957995,-4.6944686625298715,1.05,0.0,11.5961663899973,12.4909884134587,0.894822023464402,12.9966789769342,13.8824688343721,0.885789857434922,2.35481747258892,3.11055679462663,0.755739322043836,0.757110828504502,0.758329635461493,0.00121880695777385,1.08151450533473,1.71934597413866,0.637831468804155,2.5171962236239,2.51937714085406,0.00218091723055411,1.18416560152684,2.79929371927829,1.6151281177527201,0.28983728564723,0.9202979626109029,0.6304606769626819,0.0,0.0,0.0,33.961935359808116,38.20065847480084,1
w_r2full_held_20_1,63,20,1.05,-16.0,-1,NEAR,-1,1,760,1,-1,1,1,1,1.04036387694218,-34.390666896879864,1.040363876318755,3.017198301469959,1.05,-24.0,12.2471014837369,13.1333858651568,0.886284381424721,13.930081875874,14.8158485266544,0.8857666507748511,17.1626422693987,18.122530366935,0.959888097544946,0.75710406537388,0.759775605783389,0.00267154040717706,1.9644655863408902,1.9667786736421802,0.00231308730012046,1.62179108940478,1.83423597257442,0.21244488316899798,1.18421848636468,2.79898170851099,1.61476322214687,0.34128887343923603,1.0583400850255,0.7170512115865899,0.0,0.0,0.0,50.68886215806608,54.48987680428268,1
w_r2full_held_20_1,64,20,1.05,16.0,-1,NEAR,-1,1,760,1,-1,1,1,1,1.0403638534743398,-3.16351357543998,1.04036385271583,34.24435893063982,1.05,-16.0,13.960102346589,14.846274379687602,0.886172033088289,12.044819132462,12.9305904418233,0.885771309370334,17.3122842409469,18.1309276846029,0.818643443647909,0.757104618603119,0.7597760709252129,0.0026714523202718303,2.71126561311402,2.71204482119589,0.0007792080827084071,0.879727761479023,1.73728900883872,0.857561247359444,1.18420959822491,2.79907323610726,1.6148636378807,0.341294221230032,1.0565027262437,0.715208505013032,0.0,0.0,0.0,50.523144539389975,54.972478369424586,1
w_r2full_held_20_1,65,20,1.05,24.0,1,FAR,1,1,760,1,1,1,1,1,1.04036384893901,4.75302802507982,1.04036384689027,42.160880045780004,1.05,16.0,12.9900497520156,13.8759380407586,0.885888288746737,11.795797025979601,12.6843501449705,0.888553118996763,2.11459728491758,2.88810079637118,0.7735035114505651,0.75711101894022,0.758330108272105,0.00121908932969064,2.08219911368038,2.084568448372,0.00236933468919847,1.51291708471872,1.72237594242335,0.20945885770352402,1.1841668121189202,2.79925528077931,1.61508846866002,0.289877395368056,0.9203231782661779,0.630445782898753,0.0,0.0,0.0,33.926297549417875,37.733241940213226,1
w_r2full_held_20_1,66,20,1.1,0.0,-1,NEAR,-1,1,760,1,-1,1,1,1,1.0890919208889351,-18.61605369150987,1.0890919139363748,18.79181267771002,1.05,24.0,12.6630440818544,13.5944111880383,0.9313671061767419,12.521185403341,13.4520597577629,0.930874354416912,17.272084179114703,18.0830482070238,0.810964027911421,0.5317740457369641,0.536546674038749,0.00477262830200324,4.2149203260198105,4.21651728311141,0.00159695709142056,5.52003530386994,5.52261120416629,0.00257590029760259,1.1771778029201099,2.79202033288173,1.61484252996215,0.341298629104567,1.05768246447761,0.7163838353723999,0.0,0.0,0.0,49.51576862422309,59.25489711150079,1
w_r2full_held_20_1,67,20,1.1,-24.0,1,FAR,1,1,760,1,-1,-1,1,1,1.08929345234683,-42.10196768536001,1.08929345489882,-4.694111318059857,1.1,0.0,11.634045525891601,12.5312577361386,0.897212210239709,13.0953799979622,13.9836217996121,0.8882418016408091,2.3548631785693797,3.11439899843482,0.759535819875934,0.528040773748752,0.53099507352555,0.00295429977612731,1.3418930110368998,2.0088710254698903,0.666978014431997,2.84834570973194,2.85006411785886,0.0017184081254691202,1.17726516982829,2.79032261517914,1.61305744535003,0.289837225255592,0.9202999487535071,0.6304627234958831,0.0,0.0,0.0,33.87089617164372,38.72983131497247,1
w_r2full_held_20_1,68,20,1.1,-16.0,-1,NEAR,-1,1,760,1,-1,1,1,1,1.0892934872666,-34.390826692179964,1.0892934911578,3.017054199839997,1.1,-24.0,12.2904424435918,13.1791222001694,0.888679756580958,14.0233640399312,14.911528333497598,0.888164293580593,17.1626319085482,18.1217563410233,0.959124432477514,0.528033816872049,0.532818821680178,0.00478500480448109,2.2593350133608796,2.26121774167909,0.0018827283170664703,1.9016983996760601,2.1227412099306298,0.221042810254563,1.17733551493163,2.7900792374812102,1.61274372254872,0.34129170274680404,1.05825508652442,0.716963383777391,0.0,0.0,0.0,50.59356002037611,54.97751897198583,1
w_r2full_held_20_1,69,20,1.1,16.0,-1,NEAR,-1,1,760,1,-1,1,1,1,1.08929346782771,-3.1640390675400365,1.08929346860135,34.24383163575983,1.1,-16.0,14.0528387101468,14.941400613524399,0.8885619033751069,12.088157959121201,12.9764014330068,0.888243473885688,17.3158258440132,18.1311763265103,0.815350482499989,0.528034447487204,0.532819354867705,0.00478490738082202,3.0428037592585397,3.0430737071609597,0.000269947901868535,1.1227244868044899,2.01967197759248,0.896947490786091,1.17732635121368,2.7901889193783798,1.61286256816394,0.34139835296158,1.0565301689161,0.71513181595359,0.0,0.0,0.0,50.42851681620368,55.49126250095712,1
w_r2full_held_20_1,70,20,1.1,24.0,1,FAR,1,1,760,1,1,1,1,1,1.089293468724005,4.752904602649988,1.08929345516164,42.16076390544021,1.1,16.0,13.0888302511127,13.977169876644899,0.888339625519176,11.8336350230665,12.724565917991299,0.890930894923878,2.11484266166805,2.89271404683466,0.77787138516175,0.528040990916656,0.530995951655444,0.00295496073691105,2.38389359421036,2.3858026399537,0.0019090457446178802,1.7856902017470702,2.00383956346087,0.218149361712794,1.1772668758145202,2.7903071071924,1.61304023137809,0.28987812083993003,0.9203275731623611,0.63044945232233,0.0,0.0,0.0,33.83608047348106,38.225722676895636,1
w_r2full_held_20_1,71,20,1.15,0.0,-1,NEAR,-1,1,760,1,-1,1,1,1,1.13802073052763,-18.615620233819907,1.13802072955357,18.792216679540008,1.1,24.0,12.7643647683021,13.6981925784669,0.933827810152451,12.6220946976941,13.5554336639477,0.933338966249565,17.271483994819302,18.0821157922446,0.8106317974139671,0.302714581412461,0.310171545351359,0.00745696393888078,4.6334402254397,4.63383076346285,0.000390538022629317,6.00368535958759,6.004209068144069,0.000523708556096194,1.1702887930200099,2.78206802765511,1.61177923463565,0.341295920849217,1.05762128479217,0.7163253639423239,0.0,0.0,0.0,49.48560289245784,60.12364272406476,1
w_r2full_held_20_1,72,20,1.15,-24.0,1,FAR,1,1,760,1,-1,-1,1,1,1.138223061966245,-42.101621503829904,1.138223071843485,-4.693772949470043,1.15,0.0,11.7052246324959,12.6048358670499,0.899611234558439,13.2558032103869,14.1464511792545,0.890647968867554,2.35490073773705,3.1197590534204602,0.7648583156716,0.298975898125509,0.30425271768346296,0.00527681955793492,1.6216343987156498,2.31816118517949,0.696526786462737,3.1988618873738,3.2006411513786,0.0017792640056573299,1.17036516050419,2.78061804615265,1.6102528856474598,0.28983730551833303,0.9203021835302629,0.63046487801169,0.0,0.0,0.0,33.87621904709123,39.39502138364932,1
w_r2full_held_20_1,73,20,1.15,-16.0,-1,NEAR,-1,1,760,1,-1,1,1,1,1.13822310576866,-34.39090604313999,1.13822310213201,3.016934198859955,1.15,-24.0,12.369738383946,13.2608428987946,0.8911045148588169,14.1725909522639,15.063160012272599,0.890569060005167,17.161515035950202,18.1203860523242,0.9588710163690759,0.298969342260152,0.306442261239301,0.00747291897845276,2.58990813123087,2.5918471019000497,0.0019389706680637898,2.2180778305776,2.44815365305498,0.23007582247775998,1.1704529112624,2.78034849232777,1.60989558106493,0.341292731959976,1.05816258613231,0.716869854171726,0.0,0.0,0.0,50.58934230309078,55.62934305804581,1
w_r2full_held_20_1,74,20,1.15,16.0,-1,NEAR,-1,1,760,1,-1,1,1,1,1.13822309282857,-3.164490714520074,1.13822304800046,34.24343370706006,1.15,-16.0,14.2009923865025,15.0919330234991,0.890940636983274,12.1676773266135,13.058253954141,0.8905766275279509,17.315780590585497,18.1320092356378,0.8162286450554119,0.298969998204684,0.30644280836376603,0.00747281016037794,3.4111275221125803,3.4114062496764697,0.00027872756470938097,1.40164219252769,2.33841703634947,0.936774843821539,1.17044417903017,2.78047262123521,1.61002844220589,0.341293518039582,1.05631603218299,0.71502251414336,0.0,0.0,0.0,50.425427675059865,56.1752509610858,1
w_r2full_held_20_1,75,20,1.15,24.0,1,FAR,1,1,760,1,1,1,1,1,1.13822308151238,4.752795860200054,1.138223085389455,42.160630920430094,1.15,16.0,13.249139337894999,14.1399007349049,0.890761397028208,11.9047087552,12.7978507932412,0.893142038019914,2.1153794968877797,2.8997334755950397,0.784353978708741,0.29897616355499,0.30425402836992504,0.0052778648155063,2.7222887565619,2.7225023846698098,0.000213628109085614,2.09459856833628,2.31964977429976,0.22505120596331898,1.17036520938661,2.7806489200566302,1.61028371067001,0.289877451681999,0.920338790480784,0.630461338799179,0.0,0.0,0.0,33.84272674264848,38.88487890161805,1
w_r2full_held_20_1,76,20,1.16,0.0,-1,NEAR,-1,1,760,1,-1,1,1,1,1.1479685314019101,-18.615366752839925,1.14796852961857,18.79247294913999,1.15,24.0,12.8229399436802,13.7225215281773,0.899581584484987,12.6806200580883,13.5796992544413,0.8990791963278241,17.271368122322098,18.0819376457853,0.8105695234464609,0.253919195211526,0.262069444810963,0.00815024959777861,2.33885808695634,2.44906979897169,0.110211712016663,3.77492597441396,3.7781670093021296,0.00324103488758204,1.16888349571559,2.77999650241475,1.61111300669961,0.341293383613367,1.05760056564601,0.716307182032189,0.0,0.0,0.0,49.48382494127562,55.711061749549444,1
w_r2full_held_20_1,77,20,1.16,-24.0,1,FAR,1,1,760,1,-1,-1,1,1,1.14800900140529,-42.101506716039964,1.14800899910815,-4.693703281880124,1.16,0.0,11.7226000185901,12.6227030806152,0.900103062026532,13.290450734186699,14.181527762067699,0.891077027903851,2.35491187604368,3.1208228392820203,0.765910963232181,0.253163962774232,0.25904991015899,0.0058859473843170295,1.67988157087825,2.3823117832594,0.702430212385606,3.2712616986809797,3.27305667092602,0.00179497224573896,1.1689853994428,2.7786168032793,1.6096314038362,0.289837349456049,0.920301887780958,0.630464538325306,0.0,0.0,0.0,33.88302228318417,39.53839073736959,1
w_r2full_held_20_1,78,20,1.16,-16.0,-1,NEAR,-1,1,760,1,-1,1,1,1,1.14800901943283,-34.39090151407997,1.148009016024465,3.016914627270051,1.16,-24.0,12.388713576371,13.2803261382521,0.891612561876981,14.204615110917,15.095666178658899,0.891051067774262,17.1634725358358,18.1204317772886,0.9569592414546739,0.253157548753486,0.26131367309472203,0.008156124340834351,2.64628667388679,2.64824161269191,0.0019549388040536,2.26925964749687,2.5019347064948,0.23267505899555999,1.16907661307772,2.7783631360634002,1.60928652298615,0.341368656699511,1.05825246516143,0.716883808461911,0.0,0.0,0.0,50.59435336851915,55.744529687705864,1
w_r2full_held_20_1,79,20,1.16,16.0,-1,NEAR,-1,1,760,1,-1,1,1,1,1.148009010286955,-3.1645690433899087,1.148009009508085,34.24326796762989,1.16,-16.0,14.232711392886202,15.1241358823942,0.8914244895026741,12.1866373761526,13.0776958175418,0.8910584414014231,17.3162289701107,18.1320562619069,0.815827291799614,0.25315818878180896,0.26131420167939096,0.00815601290021422,3.47108740385873,3.47346503059065,0.00237762673382504,1.44891019064385,2.39364584322642,0.944735652581085,1.16906740426041,2.77844769921826,1.60938029495811,0.341293657973715,1.0562580431623398,0.7149643851875019,0.0,0.0,0.0,50.42990790590289,56.29701877971996,1
w_r2full_held_20_1,80,20,1.16,24.0,1,FAR,1,1,760,1,1,1,1,1,1.148009008781155,4.752769376029864,1.148008999681155,42.1606058396502,1.16,16.0,13.280636298882701,14.1727545332405,0.892118234368726,11.9188751335165,12.813449512397598,0.894574378883967,2.11652035422572,2.9021674933777097,0.7856471391606771,0.253164101429675,0.25905117497388397,0.00588707354383725,2.77846869365627,2.77868759858712,0.000218904931783284,2.14561269944341,2.37245686047999,0.226844161036601,1.1817099565918798,2.79133918760574,1.60962923101416,0.286371805835486,0.9168339268867429,0.63046212105095,0.0,0.0,0.0,33.85559582848217,39.006740287549285,1
w_r2full_held_20_2,1,20,1.17,0.0,-1,NEAR,-1,1,760,1,-1,1,1,1,1.1554280243096051,-18.703862090969857,1.15542802434413,18.703863228380023,0.6,0,12.3242826680268,13.7248241582018,1.4005414901748299,12.1899443419481,13.5899623057658,1.4000179638178198,17.316006261755298,18.1217774228427,0.8057711610873339,0.250292871805249,0.259016160739589,0.008723288934310909,28.9814677982761,28.981467844159102,4.5882951093675804e-08,28.9814680368951,28.9814680809807,4.40852557895914e-08,1.1862965383945199,2.7866953395312297,1.60039880113673,0.34080696482461303,1.05883962639235,0.718032661567757,0.0,0.0,0.0,49.54111501347347,107.50405093861328,1
w_r2full_held_20_2,2,20,1.17,-24.0,1,FAR,1,1,760,1,-1,-1,1,1,1.15779490595072,-42.10148004439995,1.157794912083585,-4.69366178096986,1.17,0.0,11.7340096708231,12.631863957604399,0.897854286781715,13.3177900169662,14.2065834148779,0.888793397911894,2.35877744118275,3.12237208267172,0.763594641489603,0.20735236230089,0.213924839697654,0.0065724773967258,1.73761644348514,2.44465959221872,0.7070431487318639,3.3429866256080802,3.34313190075484,0.00014527514744319298,1.18566190238015,2.78494765674842,1.59928575436821,0.285906044553689,0.917935616814525,0.6320295722608199,0.0,0.0,0.0,33.87762756841462,39.66541906138818,1
w_r2full_held_20_2,3,20,1.17,-16.0,-1,NEAR,-1,1,760,1,-1,1,1,1,1.15779493162691,-34.390913593779885,1.157794935318305,3.016907613610176,1.17,-24.0,12.4065496122595,13.2955476772448,0.8889980649853759,14.2348029731579,15.123256046825402,0.8884530736680609,17.1633550421613,18.120017700374397,0.9566626582133431,0.207346236590562,0.21626329366417,0.008917057073624111,2.71943836433704,2.71965199597028,0.000213631633948359,2.3414757980525,2.5732793950034702,0.231803596950828,1.18470418573985,2.78428873373123,1.59958454799137,0.34067131263212697,1.0588803827733,0.718209070141127,0.0,0.0,0.0,50.5982538346133,55.89118522558705,1
w_r2full_held_20_2,4,20,1.17,16.0,-1,NEAR,-1,1,760,1,-1,1,1,1,1.15779492156682,-3.1645931208199585,1.15779492616607,34.24321219910009,1.17,-16.0,14.262148738376501,15.150961634440602,0.8888128960644449,12.2043120884754,13.092783056576799,0.8884709681010571,17.3188260502649,18.1323582160156,0.813532165751818,0.207346893456183,0.216263836897762,0.00891694344156318,3.55268755213796,3.5531343049175397,0.000446752780210227,1.51290444174964,2.46375180014508,0.9508473583953809,1.18544427049872,2.7843999617757897,1.59895569127701,0.34106390399167,1.0573783860855501,0.7163144820938571,0.0,0.0,0.0,50.434145091792104,56.45103119685473,1
w_r2full_held_20_2,5,20,1.17,24.0,1,FAR,1,1,760,1,1,1,1,1,1.157794922143525,4.752754457689967,1.157794913669975,42.1605760538899,1.17,16.0,13.3156071402778,14.2049203041123,0.889313163833057,11.9375159239017,12.8292968880136,0.89178096411131,2.12116372859044,2.90457878759424,0.783415059004565,0.207352878798871,0.213926449000884,0.00657357020202249,2.85407101427219,2.85429525301618,0.00022423874382722004,2.21568497357626,2.4441290158372904,0.22844404226059997,1.18538503649566,2.78556988747812,1.60018485098257,0.286623972032241,0.918359028655746,0.631735056623559,0.0,0.0,0.0,33.85665134485489,39.15507561370836,1
w_r2full_held_20_2,6,20,1.175,0.0,-1,NEAR,-1,1,760,1,-1,1,1,1,1.162667628531,-18.615279259980078,1.16266763061251,18.792533079200034,1.17,24.0,12.860163881973099,13.7538491701228,0.893685288150066,12.717612274953499,13.6108300697894,0.893217794835763,17.2733612861281,18.0817761195687,0.808414833442853,0.18482945506745999,0.19415187725432,0.009322422186903401,2.13929230349778,2.55229954873525,0.413007245237229,3.59042406192833,3.59079216688267,0.000368104953506106,1.1842460670050199,2.7859665603311403,1.60172049332616,0.341015863907101,1.05872824493965,0.717712381032607,0.0,0.0,0.0,49.48530204200601,55.62839375762393,1
w_r2full_held_20_2,7,20,1.175,-24.0,1,FAR,1,1,760,1,-1,-1,1,1,1.16268786628547,-42.10146197986009,1.1626878742683249,-4.693651846790159,1.175,0.0,11.7472566809922,12.6457212059287,0.898464524936121,13.3394873020414,14.228945887848399,0.889458585807733,2.36078160378345,3.1243115791278098,0.763529975343998,0.184446984539996,0.19139181710644498,0.006944832566489731,1.76399730277505,2.4741369595971197,0.710139656822074,3.3758360972880896,3.3764004658626003,0.00056436857431235,1.18415567865059,2.7844754515585297,1.6003197729079102,0.28581802211815505,0.9179108239268631,0.632092801808695,0.0,0.0,0.0,33.89275676549675,39.74329419095647,1
w_r2full_held_20_2,8,20,1.175,-16.0,-1,NEAR,-1,1,760,1,-1,1,1,1,1.162687875268285,-34.390887160610006,1.16268789202555,3.0169040322800544,1.175,-24.0,12.4160861733292,13.306055331654699,0.889969158324949,14.249629731843601,15.1390839008084,0.8894541689630919,17.164101237757198,18.120112862484,0.956011624725309,0.184440858109972,0.193767981608935,0.0093271234989708,2.75357024728751,2.75378650770115,0.00021626041350325,2.37383683479051,2.60674158242976,0.23290474763910002,1.1824466828344,2.78413119757736,1.6016845147430299,0.34095618633610203,1.05916750453776,0.7182113182016691,0.0,0.0,0.0,50.602318778671155,55.96284686880207,1
w_r2full_held_20_2,9,20,1.175,16.0,-1,NEAR,-1,1,760,1,-1,1,1,1,1.162687854884945,-3.1645715148098663,1.162687874321725,34.24319235685003,1.175,-16.0,14.278506409908902,15.1674218278084,0.8889154179015031,12.2149537769723,13.103515577585,0.888561800614288,17.319529748739,18.132259145983,0.81272939724477,0.18444145623779898,0.19376846471384,0.00932700847599495,3.5909401238067904,3.5912944526375803,0.00035432883032369603,1.5411526821699701,2.49623632858092,0.9550836464110399,1.18230269811259,2.78411593416486,1.60181323605235,0.341101736675596,1.0574306502750301,0.716328913599542,0.0,0.0,0.0,50.43851160053013,56.526042381748624,1
w_r2full_held_20_2,10,20,1.175,24.0,1,FAR,1,1,760,1,1,1,1,1,1.1626878770524751,4.752747918429945,1.162687864982665,42.160553349749996,1.175,16.0,13.3335936887085,14.223517785847001,0.8899240971397159,11.9473778940472,12.8397608134295,0.8923829193811129,2.12183563608821,2.90517262346878,0.783336987377217,0.18444715168700201,0.191393213618688,0.00694606193164365,2.8942215512399203,2.8944484774390897,0.00022692619875753502,2.25215876203277,2.48162527678308,0.22946651475046598,1.1803529025141,2.78249312108733,1.6021402185731302,0.285858824797027,0.917946261494774,0.63208743669776,0.0,0.0,0.0,33.86028381894607,39.23635757316824,1
w_r2full_held_20_2,11,20,1.178,0.0,-1,NEAR,-1,1,760,1,-1,1,1,1,1.165611508852265,-18.615251555230028,1.1656115168212149,18.79253565859007,1.175,24.0,12.869543835215099,13.762110105887501,0.892566270672013,12.7270629744212,13.6191351593753,0.892072184953452,17.273660586114502,18.081406768207902,0.807746182093607,0.170936759290048,0.18051504195751,0.00957828266747823,2.0412332374122903,2.57689743080402,0.535664193392083,3.49722233388851,3.49794412146059,0.000721787571618526,1.17983585620437,2.78329631160412,1.60346045539976,0.341853708705566,1.05933123120092,0.717477522495437,0.0,0.0,0.0,49.48579461823326,55.560636170497865,1
w_r2full_held_20_2,12,20,1.178,-24.0,1,FAR,1,1,760,1,-1,-1,1,1,1.16562364116746,-42.10144539018002,1.165623650025245,-4.693639370830116,1.178,0.0,11.7534756019361,12.6524579858213,0.8989823838849319,13.3501018019175,14.2400755030826,0.889973701166014,2.36031150256281,3.1241280849629502,0.763816582399704,0.170703552203754,0.177881148418146,0.00717759621436307,1.78775224237162,2.49882645432432,0.711074211951775,3.4023977493200497,3.4029633565200603,0.000565607198743023,1.17993858715465,2.7819845194489,1.60204593229453,0.286235320569671,0.9179121102174931,0.631676789647751,0.0,0.0,0.0,33.89443935195139,39.796229162795775,1
w_r2full_held_20_2,13,20,1.178,-16.0,-1,NEAR,-1,1,760,1,-1,1,1,1,1.16562365365473,-34.39089509147997,1.165623662914925,3.0169011841101323,1.178,-24.0,12.4221482593701,13.312649648461399,0.8905013890885259,14.259362416582801,15.1493393161009,0.889976899516824,17.163468048217897,18.119467661029798,0.9559996128111979,0.170697502533719,0.18027983062924,0.00958232809552544,2.77882624928201,2.77904409674284,0.00021784746111923998,2.39883478180795,2.63197660885062,0.233141827043018,1.18003657451021,2.78163122892803,1.60159465441772,0.341852502787107,1.0598146270328,0.717962124245779,0.0,0.0,0.0,50.60318231218216,56.01420301777562,1
w_r2full_held_20_2,14,20,1.178,16.0,-1,NEAR,-1,1,760,1,-1,1,1,1,1.1656236298233948,-3.164591492150093,1.16562365003461,34.24316686355988,1.178,-16.0,14.286891517943001,15.177240269154002,0.8903487512117619,12.2201705080228,13.1101370413661,0.8899665333412909,17.3195047446635,18.1322597288722,0.812754984208389,0.170698149415667,0.180280359783577,0.00958221036781607,3.6180300995870702,3.61880881196989,0.0007787123825968089,1.56434734545437,2.52161777107138,0.9572704256179599,1.1800271240609,2.78175238683659,1.6017252627757501,0.341854078617393,1.05797907239857,0.7161249937813691,0.0,0.0,0.0,50.43964885841104,56.58007544145231,1
w_r2full_held_20_2,15,20,1.178,24.0,1,FAR,1,1,760,1,1,1,1,1,1.165623650992545,4.7527364509099,1.1656236484975802,42.16052299223993,1.178,16.0,13.3415809129175,14.233621257259898,0.892040344341234,11.950944951450401,12.8454362950555,0.894491343603577,2.1212988115355498,2.9049909167692998,0.783692105235179,0.170703972251914,0.177882811955551,0.00717883970363172,2.9147693131188,2.91501464140097,0.000245328282194643,2.27178201993014,2.5013456341966798,0.229563614266082,1.1801591737918602,2.78220531243704,1.6020461386451599,0.286436157332576,0.91811076415352,0.631674606820959,0.0,0.0,0.0,33.86224735763081,39.27860763322846,1
w_r2full_held_20_2,16,20,1.18,0.0,-1,NEAR,-1,1,760,1,-1,1,1,1,1.1675727350977798,-18.615255670080046,1.167572738749875,18.792534259369997,1.178,24.0,12.8730894323592,13.7668980096156,0.8938085772560131,12.730595599809199,13.6239131062283,0.893317506421065,17.273514712457402,18.0812682496041,0.807753537147977,0.161700089505481,0.17145329112076002,0.00975320161533433,1.9907675260608502,2.58979694359327,0.599029417533235,3.45419109219532,3.45482435355947,0.000633261363891179,1.1797808090772401,2.78319761291558,1.60341680383839,0.341851590838784,1.0593077756395402,0.7174561848009879,0.0,0.0,0.0,49.486038045123884,55.53065934227662,1
w_r2full_held_20_2,17,20,1.18,-24.0,1,FAR,1,1,760,1,-1,-1,1,1,1.16758081842246,-42.10143992638016,1.167580830603355,-4.693631661849995,1.18,0.0,11.7551807316893,12.6563060877196,0.9011253560328031,13.3549711425472,14.2470006847459,0.8920295421996409,2.3583759537054902,3.12424785347267,0.765871899769237,0.161541489329354,0.168878647961652,0.007337158632327029,1.79803322565925,2.5120224225626497,0.713989196902956,3.41899482747718,3.41956126763666,0.000566440159141424,1.1798829161437498,2.78193566635293,1.60205275020913,0.28656329548075,0.918241662668627,0.6316783671878721,0.0,0.0,0.0,33.89661060292138,39.82819429312069,1
w_r2full_held_20_2,18,20,1.18,-16.0,-1,NEAR,-1,1,760,1,-1,1,1,1,1.16758084865567,-34.39093291986018,1.167580850680805,3.0168847951701494,1.18,-24.0,12.424259101254199,13.3167841753078,0.8925250740520099,14.2633935389787,15.1554981866881,0.892104647711229,17.1613876747782,18.1193809952856,0.957993320506295,0.16153549063896902,0.171292381582874,0.009756890943876731,2.79254748365497,2.79278829614455,0.00024081249043469803,2.41197299189156,2.64544706431718,0.233474072424839,1.17998101942837,2.7816048385889798,1.6016238191605499,0.342013985066086,1.0599988281933999,0.717984843127239,0.0,0.0,0.0,50.604559405646754,56.042794766108486,1
w_r2full_held_20_2,19,20,1.18,16.0,-1,NEAR,-1,1,760,1,-1,1,1,1,1.167580815099825,-3.1646042771100724,1.167580839904855,34.243143724989935,1.18,-16.0,14.290222524372801,15.1826404927991,0.892417968428581,12.2214725128418,13.1135504885338,0.892077975692205,17.315463727690002,18.132186708742402,0.8167229810502921,0.161536159435361,0.171292944491874,0.00975678505646989,3.63458315777816,3.63536282356985,0.0007796657918665111,1.5746549629220699,2.53490631109017,0.960251348168656,1.18254442348944,2.7816848562517,1.59914043276205,0.34213942292237703,1.05822167717367,0.716082254251292,0.0,0.0,0.0,50.439577167992546,56.609846302652564,1
w_r2full_held_20_2,20,20,1.18,24.0,1,FAR,1,1,760,1,1,1,1,1,1.16758083656109,4.752728620879942,1.1675808341576501,42.160524195719915,1.18,16.0,13.347518550711701,14.239657571252,0.892139020543872,11.9539516297822,12.8485983374202,0.894646707639982,2.11717008695316,2.90524503760822,0.7880749506535559,0.161541821720552,0.168880233246544,0.00733841152602877,2.92860053607764,2.92884636830127,0.00024583222275909,2.2848125871165803,2.51454559268501,0.22973300556816903,1.1824559148732,2.78192175695659,1.5994658420835002,0.286728152232189,0.9184022872378691,0.631674135005997,0.0,0.0,0.0,33.86270522372142,39.3060971847077,1
w_r2full_held_20_2,21,20,1.185,0.0,-1,NEAR,-1,1,760,1,-1,1,1,1,1.172453532526085,-18.615236464150087,1.17245353269593,18.79256495339998,1.18,24.0,12.8814904885889,13.7780432300032,0.896552741418467,12.738939963387699,13.6349674804259,0.8960275170365309,17.269464416097403,18.0813016058082,0.8118371897061819,0.139018796303879,0.149221179359857,0.0102023830560214,2.20717098895553,2.6243707286179103,0.417199739663219,3.6732749904840505,3.67403800491467,0.000763014430651362,1.18065392722405,2.78520036125509,1.60454643403108,0.342139035191532,1.0596092374082,0.7174702022168951,0.0,0.0,0.0,49.48834309426045,55.78675182779303,1
w_r2full_held_20_2,22,20,1.185,-24.0,1,FAR,1,1,760,1,-1,-1,1,1,1.1724737737157,-42.101413084840054,1.172473785000395,-4.693611693510125,1.185,0.0,11.7639634074035,12.6653321499632,0.9013687425575101,13.371069088097201,14.2633415279971,0.8922724399014971,2.3563487265324903,3.12474125410231,0.768392527568437,0.13863624823477,0.146385905969084,0.007749657734336101,1.8282328711738798,2.5450246677848,0.716791796610658,3.45623709962328,3.45678488539086,0.000547785767610554,1.18075263991164,2.78393636085291,1.6031837209413402,0.286687641047732,0.918363557746327,0.6316759166982681,0.0,0.0,0.0,33.90210075663093,39.90391030980659,1
w_r2full_held_20_2,23,20,1.185,-16.0,-1,NEAR,-1,1,760,1,-1,1,1,1,1.17247378857781,-34.390904474300044,1.172473801297685,3.0168736624700543,1.185,-24.0,12.434618534512499,13.3274437387754,0.8928252042634739,14.278602300275502,15.170914327074,0.892312026800101,17.1591559962934,18.1194457326107,0.9602897363140049,0.138630356320903,0.148837636775726,0.0102072804548511,2.8269912928623397,2.82760714342382,0.0006158505609482971,2.4449597594876598,2.679639461423,0.23467970193494297,1.1770121988361801,2.77972009479286,1.60270789595657,0.341989670567129,1.06013440360782,0.7181447330407721,0.0,0.0,0.0,50.60649593363651,56.11374253848333,1
w_r2full_held_20_2,24,20,1.185,16.0,-1,NEAR,-1,1,760,1,-1,1,1,1,1.172473798848035,-3.164690171149953,1.17247379405975,34.24311230221999,1.185,-16.0,14.3065964402735,15.1992431760067,0.892646735726835,12.232590234948,13.1249078345037,0.8923175995569871,17.3157010134318,18.1323600812736,0.816659067844208,0.138630985984024,0.14883816262833,0.010207176644316399,3.6727356546701295,3.6734724894403503,0.0007368347716277911,1.60397413991787,2.56802014829492,0.964046008377073,1.17700378122958,2.77984455873909,1.60284077750971,0.34213922384373097,1.05826335360531,0.716124129761418,0.0,0.0,0.0,50.44345716675673,56.684949804492,1
w_r2full_held_20_2,25,20,1.185,24.0,1,FAR,1,1,760,1,1,1,1,1,1.17247379407029,4.752711214820016,1.1724737808432448,42.160522689570044,1.185,16.0,13.365546460268002,14.257926876406602,0.892380416138659,11.9643902708896,12.8592798823978,0.894889611506341,2.1172417134761,2.9059006818333,0.788658968359007,0.138636550127473,0.14638748699941,0.00775093687192236,2.96397608273415,2.9646031898889,0.000627107150942756,2.31687059963706,2.54799378696037,0.23112318732593898,1.17691258868695,2.78007380835603,1.6031612196684901,0.286728072461944,0.9184026728649811,0.631674600403077,0.0,0.0,0.0,33.867971408858125,39.38056838570739,1
w_r2full_held_20_2,26,20,1.188,0.0,-1,NEAR,-1,1,760,1,-1,1,1,1,1.1753974146331498,-18.61521793392007,1.175397415085955,18.79258480474988,1.185,24.0,12.891147855103,13.786183442340999,0.895035587237195,12.7485422522056,13.6430515394562,0.894509287250442,17.2727553693315,18.081213310597303,0.808457941271892,0.125126356576287,0.13561042221372,0.010484065637334,2.10262875222054,2.64384657616479,0.541217823945641,3.57482470898537,3.575501080897,0.000676371910594001,1.1763985655479299,2.7809503690798403,1.60455180353186,0.342078663302864,1.05953747915457,0.717458815851544,0.0,0.0,0.0,49.48654656284263,55.70589421990442,1
w_r2full_held_20_2,27,20,1.188,-24.0,1,FAR,1,1,760,1,-1,-1,1,1,1.175409541582565,-42.101390620810086,1.1754095552350199,-4.693595427039954,1.188,0.0,11.7704782375018,12.671939603935401,0.9014613664337919,13.3818357604065,14.2743194657475,0.8924837053404381,2.35636354948033,3.12501600393925,0.7686524544626999,0.124893092288283,0.132900964859401,0.00800787257113839,1.8470551245349,2.5649895136353,0.717934389098116,3.4780560010440498,3.4786052382964203,0.000549237250812367,1.1764981863291002,2.77964896768572,1.60315078135666,0.286687672807808,0.9183670135983921,0.63167934079036,0.0,0.0,0.0,33.902192019765664,39.94578677169738,1
w_r2full_held_20_2,28,20,1.188,-16.0,-1,NEAR,-1,1,760,1,-1,1,1,1,1.175409563566165,-34.39091549470996,1.1754095687843051,3.016874753109855,1.188,-24.0,12.4405048693805,13.333473176909,0.8929683075265301,14.2877865682409,15.1802376243566,0.892451056116788,17.1626072565304,18.1191928194393,0.9565855629059009,0.12488726428637,0.135375503561585,0.0104882392751842,2.8463040472454098,2.8469215880815897,0.000617540835409267,2.4663178027572203,2.7001782489106696,0.23386044615116197,1.17659967442722,2.77930868199223,1.60270900756514,0.34207747902110697,1.06003102771818,0.717953548697247,0.0,0.0,0.0,50.60761883397689,56.15471867096915,1
w_r2full_held_20_2,29,20,1.188,16.0,-1,NEAR,-1,1,760,1,-1,1,1,1,1.1754095706513499,-3.1647031984201046,1.175409555610035,34.243109892349906,1.188,-16.0,14.315400998893098,15.208190505180301,0.8927895062847689,12.2384851324218,13.1309487349501,0.8924636025335639,17.3191804578187,18.1324160041938,0.8132355463767701,0.12488788046988598,0.13537600473130898,0.0104881242615103,3.6821148369735597,3.6828532594544297,0.000738422480790425,1.60861335367454,2.57504405683303,0.9664307031582619,1.17659042498653,2.77942577438784,1.60283534940171,0.342079078037733,1.05819081643526,0.716111738397352,0.0,0.0,0.0,50.44454783987861,56.70244515616607,1
w_r2full_held_20_2,30,20,1.188,24.0,1,FAR,1,1,760,1,1,1,1,1,1.175409562278165,4.752719540469963,1.17540955180296,42.160513131839885,1.188,16.0,13.3753588951805,14.2679119452937,0.8925530501168261,11.969893966929,12.8649190699242,0.8950251029939239,2.11728145291592,2.90627588879012,0.788994435873062,0.12489339025026001,0.132902545748058,0.00800915549790431,2.9714237055161,2.9720525029628697,0.0006287974461207921,2.32335067531116,2.55511988721207,0.23176921189931798,1.17649857486303,2.77964304833374,1.60314447347035,0.28672807472978,0.918403361872037,0.631675287142676,0.0,0.0,0.0,33.87005585996186,39.3972282501368,1
w_r2full_held_20_2,31,20,1.19,0.0,-1,NEAR,-1,1,760,1,-1,1,1,1,1.17735864787592,-18.615217200919965,1.1773586494449,18.79258414549989,1.188,24.0,12.8966669610697,13.7909724606137,0.8943054995466049,12.7540488216091,13.647906967775,0.8938581461669161,17.272748101454898,18.0811788894854,0.808430788029427,0.11588962858907399,0.126565279691331,0.0106756511024399,2.04024765900407,2.6440233615571103,0.603775702553113,3.51607578745372,3.51670896007824,0.000633172623288698,1.17612188304866,2.7806559566527,1.60453407360417,0.342078192707785,1.05953816796811,0.717459975260482,0.0,0.0,0.0,49.486817722186245,55.647550043821596,1
w_r2full_held_20_2,32,20,1.19,-16.0,-1,NEAR,-1,1,760,1,-1,1,1,1,1.17736674087607,-34.302203815740114,1.17736674634614,3.105587153700018,1.19,0.0,12.375040612479,13.2681006472591,0.893060034782374,14.203618874363801,15.0961663597459,0.892547485378882,17.311671088811902,18.138479607150497,0.826808518339333,0.115725558618441,0.126404946993213,0.0106793883747835,2.11410988208389,2.59163453386116,0.477524651776967,3.20649015648146,3.2077219031888298,0.0012317467070318,1.17631788772089,2.77906603158308,1.6027481438623499,0.342078898913139,1.05942371423493,0.7173448153218379,0.0,0.0,0.0,50.46764130696672,56.266997744016706,1
w_r2full_held_20_2,33,20,1.19,16.0,-1,NEAR,-1,1,760,1,-1,1,1,1,1.177366740283555,-3.164686900630098,1.1773667418420302,34.243090338599956,1.19,-16.0,14.322937541410301,15.2158300365241,0.8928924951118421,12.2439753697033,13.1365321470098,0.89255677730551,17.3192728344803,18.1323464715597,0.813073637086709,0.115725748564421,0.12640508851774498,0.0106793399533821,3.69654560315719,3.6972850832553505,0.0007394801020779929,1.62116446633107,2.58834401757144,0.9671795512405861,1.17073445761895,2.7791316403044197,1.6083971826857502,0.342079626638804,1.0581316024321101,0.716051975793024,0.0,0.0,0.0,50.448376986347874,56.73400608717466,1
w_r2full_held_20_2,34,20,1.195,0.0,-1,NEAR,-1,1,760,1,-1,1,1,1,1.1822394376493701,-18.644742415759865,1.18223944003971,18.763032855320105,1.19,16.0,12.9041513332009,13.8011615108596,0.8970101776581499,12.7643312894894,13.6608951459489,0.896563856465352,17.315721835866903,18.1203993230339,0.8046774871719901,0.0932083331610076,0.10437793013463201,0.011169596973474201,2.5186232071451,2.69146138273312,0.172838175590609,3.49997278444022,3.5007143105254404,0.0007415260861492611,1.16985289259144,2.7799578465933497,1.6101049540026602,0.34207931687178,1.05980185893013,0.717722542058478,0.0,0.0,0.0,49.52659361550051,55.718769308759065,1
w_r2full_held_20_2,35,20,1.2,0.0,-1,NEAR,-1,1,760,1,-1,1,1,1,1.18713239307748,-18.703888394919986,1.1871323929792301,18.703888912640075,1.195,0.0,12.9143567559523,13.811617882146699,0.897261126194599,12.779912448232201,13.676719920264,0.8968074720250471,17.3153477535659,18.120126690717903,0.804778937146142,0.0703031560609199,0.08199393459301049,0.0116907785321223,3.0532032977346897,3.05344242810507,0.000239130368402321,3.0532033553229,3.05344248568406,0.000239130360108238,1.16336785546537,2.77347582139494,1.61010796592884,0.343270202239877,1.05982843315988,0.716558230920104,0.0,0.0,0.0,49.523762682276434,55.630647596065565,1
w_r2full_held_40_0,1,40,0,0.0,-1,NEAR,-1,1,760,1,-1,1,1,1,0.028463017625640998,-36.833854478713995,0.028463017625058498,36.8338554460156,0.6,0,13.2819222346379,14.1572293355877,0.875307100950055,13.1476887006958,14.0215894809875,0.873900780291902,17.317446417535102,18.1219241783037,0.8044777607683501,10.7549728983882,10.7549728983882,0.0,-8.915440398775639,1.2037062152420201e-18,8.915440398775639,-8.9154403403762,1.1074097180226598e-18,8.91544034037621,1.12276844378851,2.86341349057884,1.7406450467903198,0.341012783267656,1.05860143688724,0.717588653619588,0.0,0.0,0.0,60.97773082073318,60.97773082073318,1
w_r2full_held_40_0,2,40,0.005,0.0,-1,NEAR,-1,1,760,1,-1,1,1,1,0.02987134860925255,-36.83385590548589,0.02987134860604595,36.8338559062491,0,0.0,12.6503666195756,13.5332095365839,0.882842917007492,12.5160902484738,13.3975699792644,0.881479730790502,17.3141426584896,18.1181411953211,0.8039985368309409,10.808810557807,10.808810557807,0.0,-0.0209355167065829,0.0006675397112833881,0.0216030564179164,-0.0209355165991259,0.000667539734230458,0.0216030563334026,1.1233944845474,2.86421661584955,1.74082213130214,0.341022479078139,1.05873462851944,0.717712149441292,0.0,0.0,0.0,59.78068251334539,59.7820175927909,1
w_r2full_held_40_0,3,40,0.01,0.0,-1,NEAR,-1,1,760,1,-1,1,1,1,0.034662149504986,-36.833852313676005,0.0346621494678712,36.833852314441394,0.005,0.0,12.6175298967001,13.4997846030591,0.882254706358364,12.4832550407495,13.3641501804384,0.88089513968852,17.318190941426,18.122125444855698,0.803934503429538,10.7645774195372,10.7645774195372,0.0,-0.0433509674853765,0.00190985550122789,0.0452608229866212,-0.043350967616193295,0.00190985554632888,0.045260823162530904,1.12171625488035,2.86386227917309,1.74214602429275,0.34068814143244897,1.05839835134038,0.717710209907948,0.0,0.0,0.0,59.67289827840387,59.676717989451426,1
w_r2full_held_40_0,4,40,0.012,0.0,-1,NEAR,-1,1,760,1,-1,1,1,1,0.0365955476647354,-36.833854024482804,0.03659554762994295,36.8338540253409,0.01,0.0,12.6072249643082,13.4859030510495,0.878678086739845,12.4729716235609,13.350299332598,0.877327709036367,17.3184885045513,18.1225081524203,0.804019647869237,10.7463942015212,10.7463942015212,0.0,-0.0532441080294003,0.00101554855897572,0.0542596565882905,-0.053244108392117004,0.00101554861048875,0.0542596570024172,1.12234156431891,2.8639088225834497,1.7415672582645498,0.340825893977428,1.05876113332659,0.7179352393491569,0.0,0.0,0.0,59.627774693499035,59.6298057906685,1
w_r2full_held_40_0,5,40,0.015,0.0,-1,NEAR,-1,1,760,1,-1,1,1,1,0.03946434082497805,-36.8338533212897,0.03946434078968515,36.833853322142296,0.012,0.0,12.5857345145876,13.466045115975701,0.880310601388178,12.4514510743609,13.3304057686003,0.878954694240143,17.3182373500605,18.1223744792927,0.80413712923189,10.7200180750133,10.7200180750133,0.0,-0.06237275341807649,0.00196088809188694,0.0643336415098491,-0.0623727523272396,0.00196088814771193,0.0643336404749031,1.1220182792904798,2.8652343056718803,1.74321602638136,0.341026223758476,1.05877391564356,0.717747691885069,0.0,0.0,0.0,59.56285166019744,59.56677343643704,1
w_r2full_held_40_0,6,40,0.02,0.0,-1,NEAR,-1,1,760,1,-1,1,1,1,0.0442437679916709,-36.833852082694,0.04424376798827885,36.83385208342771,0.015,0.0,12.5515135833549,13.4336376547086,0.8821240713536309,12.4172986054681,13.298058373526201,0.880759768058294,17.318848068475297,18.122968534565903,0.804120466091096,10.676111879411401,10.676111879411401,0.0,-0.0806370488150207,0.00439759579684357,0.08503464461180911,-0.080637051076057,0.00439759584371554,0.08503464691984569,1.12203179519375,2.8656923200783,1.74366052488449,0.340975784389753,1.05878661657179,0.717810832182029,0.0,0.0,0.0,59.4552553788622,59.464050570502756,1
w_r2full_held_40_0,7,40,0.02,-36.0,-1,NEAR,-1,1,760,1,-1,1,1,1,0.04427224023014303,-71.13867289871193,0.044272244199274,2.529050960873004,0.02,0.0,12.0641826063219,12.940662506208799,0.876479899886916,14.352546244834599,15.2270409820023,0.8744947371681849,17.338846570780497,18.1462991949826,0.807452624201755,10.6756680425012,10.6756680425012,0.0,-0.019494838695743703,4.27375333513981e-05,0.0195375762290863,-0.12960329651432598,0.0267991301369275,0.156402426651223,1.1218400404357198,2.8629846334666302,1.7411445930309999,0.340913772395955,1.05836070012617,0.7174469277301649,0.0,0.0,0.0,60.911016059287704,60.93785792695798,1
w_r2full_held_40_0,8,40,0.02,36.0,-1,NEAR,-1,1,760,1,-1,1,1,1,0.044272247447812996,-2.7180235735598037,0.04427224733278798,70.94967995746043,0.02,-36.0,14.4290165058936,15.3049224827834,0.875905976890367,11.9320929307535,12.8074381414373,0.87534521068249,17.3089423365412,18.146063022527997,0.8371206859871899,10.6756543980949,10.6756543980949,0.0,-0.116831305726057,0.0381413168592755,0.15497262258541,-0.047486890064399497,1.86960384688885e-05,0.0475055861027272,1.12184006433355,2.86300951504834,1.74116945071467,0.34072878991653005,1.05686558010742,0.716136790191003,0.0,0.0,0.0,60.85395313999936,60.8921131528971,1
w_r2full_held_40_0,9,40,0.022,0.0,-1,NEAR,-1,1,760,1,-1,1,1,1,0.04617713322542526,-36.64485464749671,0.04617713199102435,37.02284977808169,0.02,36.0,12.546407344133101,13.425305023824,0.878897679693144,12.404497616830799,13.2820475161597,0.877549899325525,17.319536579824,18.122803578728,0.803266998902563,10.6579292888876,10.6579292888876,0.0,-0.11880699329205599,0.000141978731457783,0.118948972023482,-0.07991035328309881,0.012583178523667601,0.0924935318069539,1.12003745766791,2.86571271315205,1.7456752554841,0.341116860907207,1.05889995312826,0.717783092221176,0.0,0.0,0.0,59.41269807387961,59.42542323113474,1
w_r2full_held_40_0,10,40,0.022,-44.0,1,FAR,1,1,760,1,-1,-1,1,1,0.04618859692084209,-78.76195921385383,0.04618860092816005,-5.094254213198298,0.022,0.0,11.5518917232116,12.4498662808164,0.8979745576054169,13.3354068755983,14.2120445568834,0.876637681285078,2.35991030793677,3.09500469542062,0.735094387485602,10.6578980737448,10.6578980737448,0.0,-0.0130227818155648,-8.0118685686509e-17,0.0130227818155506,-0.142073473544655,0.0372077212214134,0.179281194765948,1.1184839691625998,2.86072522981859,1.7422412606559001,0.285818108449798,0.91785509427947,0.6320369858295259,0.0,0.0,0.0,44.19339393096328,44.230601652184696,1
w_r2full_held_40_0,11,40,0.022,-36.0,-1,NEAR,-1,1,760,1,-1,1,1,1,0.04618850109496965,-71.36963762205912,0.04618850522565825,2.2980642303314993,0.022,-44.0,12.1213274614466,13.0000509071813,0.878723445733602,14.451116276429,15.3279026294929,0.876786353065904,17.1305770211048,18.116197625946402,0.985620604842407,10.657987569966501,10.657987569966501,0.0,-0.0169213654212336,0.000423409364297603,0.0173447747854838,-0.173671101193891,0.000304380839746501,0.17397548203368599,1.11848181587588,2.86164789711281,1.74316608123678,0.34185705913985304,1.05938507505777,0.7175280159178851,0.0,0.0,0.0,61.02317170475769,61.023899494961725,1
w_r2full_held_40_0,12,40,0.022,36.0,-1,NEAR,-1,1,760,1,-1,1,1,1,0.0461885625172627,-2.7179967562468015,0.04618854854444405,70.9497334557329,0.022,-36.0,14.406724884318901,15.284952260929701,0.878227376609716,11.9202176684844,12.7978609844406,0.877643315957137,17.3081905356,18.1454986538811,0.837308118280505,10.6579601375959,10.6579601375959,0.0,-0.12073300103164801,0.0418880447413702,0.162621045773062,-0.0600112763081055,3.73206629163513e-05,0.060048596971104796,1.11848001339298,2.86169303926953,1.7432130258763798,0.34185679289179,1.05760930593617,0.715752513044361,0.0,0.0,0.0,60.805574382053,60.84749974745729,1
w_r2full_held_40_0,13,40,0.022,44.0,1,FAR,1,1,760,1,1,1,1,1,0.046188562339193454,5.283223993574899,0.046188539706996934,78.95094152310713,0.022,36.0,13.3132028446291,14.190642920978,0.877440076348193,11.7505019433944,12.6312535575269,0.880751614131996,2.11959889157275,2.88420689944708,0.7646080078738781,10.6578918787637,10.6578918787637,0.0,-0.171361719906293,0.008114233288566801,0.17947595319479998,-0.0005767592997253081,5.61893793400571e-07,0.000577321193469429,1.1184826507427101,2.86070638832967,1.7422237375868401,0.286436338815939,0.9180442346395851,0.631607895823861,0.0,0.0,0.0,44.14274587968494,44.150860674867296,1
w_r2full_held_40_0,14,40,0.025,0.0,-1,NEAR,-1,1,760,1,-1,1,1,1,0.049045907949695544,-36.60289404663149,0.04904591846815025,37.06482587451671,0.022,44.0,12.5267722716663,13.408953322493,0.8821810508267279,12.3830873304561,13.2639365895471,0.880849259091225,17.2763481304017,18.0835210285419,0.807172898140243,10.6315532682365,10.6315532682365,0.0,-0.139858470932759,6.14340144315453e-05,0.139919904947125,-0.087687099986117,0.0164186361586049,0.104105736144627,1.11848618941046,2.86437324473192,1.74588705532155,0.341853697857417,1.0591596525426101,0.717305954685168,0.0,0.0,0.0,59.31149710609303,59.32797717626607,1
w_r2full_held_40_0,15,40,0.025,-44.0,1,FAR,1,1,760,1,-1,-1,1,1,0.04906296808622564,-78.76218586378751,0.0490629764600006,-5.094487019096601,0.025,0.0,11.5377115043948,12.4354202850535,0.8977087806589329,13.3049245349028,14.1813838460414,0.876459311140139,2.35936140214456,3.09385725748134,0.7344958553347339,10.6313571425354,10.6313571425354,0.0,-0.0295702513421894,6.19153827799955e-05,0.029632166724928,-0.149979349815677,0.0405567099058487,0.190536059721414,1.1184910870131402,2.86104118748285,1.74255010046977,0.286395722323936,0.9180158062779581,0.631620083953797,0.0,0.0,0.0,44.121075524872445,44.161694150161075,1
w_r2full_held_40_0,16,40,0.025,-36.0,-1,NEAR,-1,1,760,1,-1,1,1,1,0.049062979425246345,-71.3696300592529,0.0490629880956543,2.298075819568604,0.025,-44.0,12.1065564598228,12.985136276827602,0.878579817005019,14.4206784894656,15.2973173407742,0.876638851310827,17.1307921282322,18.116495221023403,0.9857030927931589,10.6314463459646,10.6314463459646,0.0,-0.0293015065286212,0.00101173290118076,0.0303132394298252,-0.18571192235269599,0.000326161982814284,0.186038084335506,1.11848800666514,2.86190715482039,1.74341914815557,0.34185676424506,1.05942534254801,0.717568578302933,0.0,0.0,0.0,60.951727681958204,60.9530655768422,1
w_r2full_held_40_0,17,40,0.025,36.0,-1,NEAR,-1,1,760,1,-1,1,1,1,0.04906304374791225,-2.7179510610401065,0.049063059417565696,70.949658915263,0.025,-36.0,14.3765919884945,15.2546684422056,0.878076453711615,11.9054429516752,12.7829393873651,0.8774964356870151,17.3076774129889,18.1452060948416,0.837528681849216,10.6314189183349,10.6314189183349,0.0,-0.126754846917871,0.047229902651035,0.17398474956886,-0.07738406611463179,6.512297708018341e-05,0.0774491890917733,1.1184858530081,2.8619853889695004,1.74349953596144,0.341856716165377,1.05763395896623,0.715777242800788,0.0,0.0,0.0,60.73385219068293,60.78114721631104,1
w_r2full_held_40_0,18,40,0.025,44.0,1,FAR,1,1,760,1,1,1,1,1,0.0490630302235689,5.283221332207197,0.049063028658712725,78.95092947590413,0.025,36.0,13.2824538157628,14.159732775261,0.87727895950018,11.7363371046082,12.6169099185474,0.880572813938547,2.11956816267728,2.8833511999882497,0.763783037308251,10.6313507222603,10.6313507222603,0.0,-0.182000721641632,0.00869629672694619,0.190697018368567,-0.014391266702602,9.85305671787734e-06,0.014401119759347901,1.11847599320329,2.86099529147214,1.74251929826895,0.28643631925722896,0.918040926496885,0.631604607239772,0.0,0.0,0.0,44.070380834025976,44.07908698380964,1
w_r2full_held_40_0,19,40,0.03,0.0,-1,NEAR,-1,1,760,1,-1,1,1,1,0.0538253312355942,-36.60294020047739,0.05382532988017445,37.064758820690905,0.025,44.0,12.494715451792699,13.378736551766899,0.884021099976038,12.3510924455828,13.233759347313,0.882666901731393,17.2724737607782,18.083918777922,0.811445017145763,10.5876473040378,10.5876473040378,0.0,-0.15982667067691902,6.561482961180789e-05,0.159892285506487,-0.100658111392507,0.023278975158676,0.123937086551128,1.11849729704423,2.86480587886947,1.74630858182525,0.34213989167855,1.0594344515071,0.717294559828601,0.0,0.0,0.0,59.20830231141627,59.23164690140455,1
w_r2full_held_40_0,20,40,0.03,-44.0,1,FAR,1,1,760,1,-1,-1,1,1,0.05385386784062015,-78.76207863196751,0.053853877891110596,-5.094349573152197,0.03,0.0,11.5145683110168,12.4120577263049,0.89748941528771,13.2554319262101,14.1316745598207,0.876242633602821,2.35549704429397,3.09290770334493,0.7374106590478681,10.5871221127961,10.5871221127961,0.0,-0.05685698429168699,0.000165146159301701,0.05702213045100749,-0.162864041562883,0.0461396016431117,0.209003643206015,1.11850231814114,2.8615465836855196,1.74304426554437,0.28668785026142,0.918311876266557,0.631624026005233,0.0,0.0,0.0,44.00362056221871,44.04992531002112,1
w_r2full_held_40_0,21,40,0.03,-36.0,-1,NEAR,-1,1,760,1,-1,1,1,1,0.05385377838808405,-71.3695993443489,0.05385378395059275,2.298102186915299,0.03,-44.0,12.0810071933782,12.9593288964354,0.878321703059062,14.369326236178098,15.2457406344262,0.876414398251866,17.1270668267468,18.117004283473797,0.9899374567259459,10.5872111790957,10.5872111790957,0.0,-0.0497156699052305,0.00193927629236809,0.051654946197654796,-0.20576023114693398,0.000159720496014968,0.20591995164295698,1.1210945520500102,2.86241919241813,1.7413246403685498,0.3421426466077,1.0597465578113798,0.7176039112038459,0.0,0.0,0.0,60.831450743660604,60.83354974044899,1
w_r2full_held_40_0,22,40,0.03,36.0,-1,NEAR,-1,1,760,1,-1,1,1,1,0.05385383540923995,-2.7178640886987013,0.05385383205451005,70.9498368180775,0.03,-36.0,14.326686304410998,15.204545973904,0.877859669490166,11.880258025027,12.7574806137288,0.877222588700751,17.302732795773398,18.1447571943115,0.8420243985367679,10.5871841052304,10.5871841052304,0.0,-0.136464639440906,0.05623813468463271,0.192702774125562,-0.108135121115439,5.70491951674803e-05,0.108192170310542,1.1200755682500099,2.8651552218464,1.7450796535956299,0.34214246920066105,1.0579628301728299,0.715820360972196,0.0,0.0,0.0,60.61708593919393,60.67338112307373,1
w_r2full_held_40_0,23,40,0.03,44.0,1,FAR,1,1,760,1,1,1,1,1,0.0538538231414666,5.2832502187206005,0.05385381986059545,78.9509522706465,0.03,36.0,13.232045220616,14.1090836842271,0.877038463613095,11.712238595399999,12.5925564691413,0.8803178737425069,2.11547334248758,2.88199939812026,0.7665260556336609,10.5871160161308,10.5871160161308,0.0,-0.199440590918278,0.009667605521667531,0.20910819644,-0.0371230915127886,2.63131638004891e-05,0.037149404676688806,1.12007908790285,2.8641826561173,1.74410356821432,0.286730484736404,0.918334371491836,0.631603886755424,0.0,0.0,0.0,43.9532725952286,43.96296651391407,1
w_r2full_held_40_0,24,40,0.04,0.0,-1,NEAR,-1,1,760,1,-1,1,1,1,0.0633785382835475,-36.6030356062808,0.06337851840498025,37.06469701730611,0.03,44.0,12.432409297443,13.3211191520266,0.8887098545849799,12.288951399332198,13.1763282966202,0.8873768972906749,17.2728469107686,18.0845899426469,0.811743031878469,10.4999990907819,10.4999990907819,0.0,-0.194004446806857,6.04452963918189e-05,0.19406489210330602,-0.122053775217264,0.040290969830802,0.162344745048148,1.11625812456288,2.8644683903031902,1.74821026573974,0.34213900294100297,1.05947680070187,0.717337797760909,0.0,0.0,0.0,59.00598167308066,59.04633308820785,1
w_r2full_held_40_0,25,40,0.04,-44.0,1,FAR,1,1,760,1,-1,-1,1,1,0.06343548692421125,-78.76212065271551,0.0634354899058387,-5.094424321620397,0.04,0.0,11.470299157207501,12.3670886873302,0.896789530118026,13.1619344297676,14.0376843050371,0.875749875266636,2.35554692493104,3.09114072683196,0.735593801898482,10.4986527550313,10.4986527550313,0.0,-0.110810315794167,5.15296721832218e-05,0.110861845466259,-0.186744398592227,0.05735325060561829,0.24409764919798202,1.11626214066161,2.86131615943628,1.7450540187747399,0.28668775529503404,0.9183101473966839,0.631622392101597,0.0,0.0,0.0,43.774192781063526,43.831597561341326,1
w_r2full_held_40_0,26,40,0.04,-36.0,-1,NEAR,-1,1,760,1,-1,1,1,1,0.06343538141230255,-71.36958608120489,0.06343538400213419,2.298111361158199,0.04,-44.0,12.0365845888288,12.9144155245475,0.877830935719414,14.2768780533662,15.152792199862501,0.875914146496284,17.1310157400164,18.117786066716,0.9867703267021231,10.4987414934848,10.4987414934848,0.0,-0.0901818258418778,0.0038623267478051595,0.09404415258934941,-0.246294968708004,0.000193551855059382,0.24648852056302398,1.11625934377156,2.86218081750762,1.74592147373625,0.342080742577717,1.0597715328173298,0.7176907902401101,0.0,0.0,0.0,60.605687634935755,60.609743513538625,1
w_r2full_held_40_0,27,40,0.04,36.0,-1,NEAR,-1,1,760,1,-1,1,1,1,0.0634354510377609,-2.7177031894789967,0.0634354484558569,70.95000557320341,0.04,-36.0,14.235913841918899,15.11326618538,0.877352343458838,11.835283446412001,12.7120043299368,0.87672088352568,17.3048656710069,18.143995873576902,0.839130202565724,10.4987147204583,10.4987147204583,0.0,-0.156316177481784,0.0746256884314047,0.23094186591296104,-0.169276893589407,0.00010463230923178499,0.169381525898285,1.11625756047562,2.8622020386445497,1.74594447816913,0.342082110305476,1.0579801335320298,0.7158980232265031,0.0,0.0,0.0,60.388163281528584,60.46289360226922,1
w_r2full_held_40_0,28,40,0.04,44.0,1,FAR,1,1,760,1,1,1,1,1,0.0634354215955127,5.283257753556203,0.0634354179621409,78.95095586754219,0.04,36.0,13.1398135872546,14.016403795050499,0.8765902077934631,11.6691939901341,12.5489904576482,0.87979646751485,2.11540302412523,2.8794448588095802,0.7640418346876621,10.4986466635141,10.4986466635141,0.0,-0.233629078436068,0.0116147444407028,0.245243822876637,-0.0816175491811422,5.93772967308664e-05,0.0816769264780066,1.11626084564822,2.86126466088244,1.74500381523385,0.286730496014577,0.9183430189570901,0.631612522942549,0.0,0.0,0.0,43.72309345486191,43.734767576599346,1
w_r2full_held_40_0,29,40,0.05,0.0,-1,NEAR,-1,1,760,1,-1,1,1,1,0.072960149492437,-36.6031262444646,0.07296014907851905,37.0645685613601,0.04,44.0,12.379018762698001,13.2671926229164,0.888173860218745,12.2357392827147,13.122564314514701,0.886825031797702,17.276513239583302,18.085166393376998,0.808653153795629,10.411534720462999,10.411534720462999,0.0,-0.23541928465545298,7.56518900289216e-05,0.23549493654568301,-0.141546474145782,0.0563403859806587,0.197886860126545,1.11629092524419,2.86525636213636,1.74896543689224,0.342078434105102,1.05947863016777,0.7174001960623849,0.0,0.0,0.0,58.81119304357523,58.86760908144592,1
w_r2full_held_40_0,30,40,0.05,-44.0,1,FAR,1,1,760,1,-1,-1,1,1,0.07301706856844915,-78.76233895415169,0.07301706967617169,-5.094637483943995,0.05,0.0,11.4287675053391,12.3248759569371,0.896108451599803,13.0756213224819,13.9508897542027,0.875268431720266,2.3556645963033898,3.08949246762236,0.733827871322371,10.4101841107741,10.4101841107741,0.0,-0.16265982300693899,8.02108052475233e-05,0.162740033812177,-0.208810357363923,0.0685373452434926,0.277347702607039,1.11628402044997,2.86212880316921,1.74584478271986,0.28668781384091396,0.9183178822311109,0.6316300683904159,0.0,0.0,0.0,43.55588897493658,43.624506530985315,1
w_r2full_held_40_0,31,40,0.05,-36.0,-1,NEAR,-1,1,760,1,-1,1,1,1,0.07301697799722805,-71.3695534733979,0.07301697966700074,2.2981389167632953,0.05,-44.0,11.993463343918899,12.8707819682358,0.877318624318614,14.190452187559199,15.065888802518002,0.875436614957771,17.13153750223,18.1184989457312,0.986961443497369,10.4102727480979,10.4102727480979,0.0,-0.127281207179361,0.00579139901722982,0.133072606196585,-0.280781499441961,0.00022757491486662302,0.281009074356724,1.11628209490081,2.86296221270244,1.7466801178023201,0.342080655806315,1.0598390493199,0.717758393513934,0.0,0.0,0.0,60.38824372660524,60.39426270053733,1
w_r2full_held_40_0,32,40,0.05,36.0,-1,NEAR,-1,1,760,1,-1,1,1,1,0.0730170624110765,-2.717396035140207,0.07301706817351256,70.9503169050389,0.05,-36.0,14.151208225146501,15.028056046451601,0.876847821304051,11.7920569677144,12.668290838713201,0.876233870996912,17.3035813380842,18.1433416230098,0.83976028492635,10.4102461263691,10.4102461263691,0.0,-0.170141847542088,0.0930203481224688,0.263162195664509,-0.22704858842560302,0.000152253772643169,0.22720084219773198,1.11628032249534,2.8629620687155204,1.74668174622034,0.342080770322812,1.05811164485699,0.716030874534028,0.0,0.0,0.0,60.17100834811621,60.26418095001132,1
w_r2full_held_40_0,33,40,0.05,44.0,1,FAR,1,1,760,1,1,1,1,1,0.073017017827019,5.2832721422771955,0.07301701271249064,78.9509692761387,0.05,36.0,13.0535458167777,13.9295963031828,0.8760504864064369,11.6277030712838,12.5069458740968,0.8792428028114211,2.11533515959997,2.87710935811684,0.7617741985188861,10.4101781757401,10.4101781757401,0.0,-0.265302839844612,0.013262319576986401,0.278565159421709,-0.124046174944519,9.26331576929959e-05,0.124138808102329,1.11628367490273,2.8620819925784,1.74579831767535,0.2867288951198,0.9183372901300471,0.6316083950103321,0.0,0.0,0.0,43.50424899384499,43.51760394657967,1
w_r2full_held_40_0,34,40,0.1,0.0,-1,NEAR,-1,1,760,1,-1,1,1,1,0.1206406937392505,-36.60332584362699,0.1206406951097855,37.064368479093005,0.05,44.0,12.1192332808948,13.0463577687255,0.927124487833088,11.976943288082301,12.902793090828501,0.925849802748996,17.2792344131837,18.0876872583713,0.808452845183046,9.975750344039431,9.975750344039431,0.0,-0.244384074551654,0.12308634252637299,0.36747041707781203,-0.123960601984096,0.241228493161722,0.365189095145119,1.11639922610435,2.86760721586549,1.75120798976073,0.341914380511998,1.0594345693039,0.717520188791846,0.0,0.0,0.0,57.93963024713412,58.30394508282221,1
w_r2full_held_40_0,35,40,0.1,-44.0,1,FAR,1,1,760,1,-1,-1,1,1,0.1209250282651137,-78.76277243794661,0.120925027664885,-5.095081426520001,0.1,0.0,11.257441424770901,12.150339021395501,0.892897596629531,12.7346347575948,13.6074088621332,0.8727741045358081,2.3558033626399504,3.08306671331652,0.727263350675438,9.96785211971159,9.96785211971159,0.0,-0.403229167875392,0.000224191560129785,0.40345335943564303,-0.30507263929323203,0.12421941444700502,0.429292053740531,1.1107795448341602,2.86500020912565,1.75422066429115,0.28668784113119,0.9183256335972539,0.631637792465502,0.0,0.0,0.0,42.59199255927972,42.71643616528685,1
w_r2full_held_40_0,36,40,0.1,-36.0,-1,NEAR,-1,1,760,1,-1,1,1,1,0.12092493252973929,-71.36942240096539,0.120924932683736,2.2982696983400026,0.1,-44.0,11.8177186767191,12.6925352984949,0.874816621774635,13.855729208641801,14.728727226472701,0.8729980178297739,17.1348505328688,18.121097014862098,0.9862464819954749,9.967940214450559,9.967940214450559,0.0,-0.29720971903913,0.0151791273665505,0.31238884640590403,-0.44532770269743505,5.29449055105692e-05,0.44538064760323,1.1049860671658,2.8598484522707603,1.75486238510489,0.343099727019867,1.0599727070428901,0.716872980022934,0.0,0.0,0.0,59.43012091359391,59.44535298586597,1
w_r2full_held_40_0,37,40,0.1,36.0,-1,NEAR,-1,1,760,1,-1,1,1,1,0.1209249889480645,-2.716613490026998,0.12092498900819121,70.9510765525896,0.1,-36.0,13.822277602299101,14.696653402687298,0.8743758003904559,11.6160436781252,12.4897450465199,0.8737013683991,17.3000253429793,18.141032991735,0.841007648743634,9.96791492691395,9.96791492691395,0.0,-0.23122266339164002,0.184691290939939,0.415913954331629,-0.500112366359828,4.19162820570853e-05,0.500154282641603,1.1049857543531598,2.85989842258488,1.7549126682323402,0.343101192031929,1.05821614809903,0.7151149560665669,0.0,0.0,0.0,59.21346093854006,59.398194145762055,1
w_r2full_held_40_0,38,40,0.1,44.0,1,FAR,1,1,760,1,1,1,1,1,0.12092497149841899,5.283340475421991,0.1209249723560751,78.95103097840179,0.1,36.0,12.719252276397299,13.5884104457592,0.869158169373189,11.4627060085446,12.334902427785199,0.8721964192417779,2.11417591792861,2.86731649824134,0.7531405803034741,9.96784703197396,9.96784703197396,0.0,-0.406511419862737,0.0229475417226723,0.429458961585709,-0.317310778264539,0.000261789751893189,0.31757256801663497,1.10484753566066,2.85899285283822,1.75414531717781,0.287940350599398,0.9183358491880841,0.630395498588921,0.0,0.0,0.0,42.535805105786004,42.55901443726057,1
w_r2full_held_40_0,39,40,0.15,0.0,-1,NEAR,-1,1,760,1,-1,1,1,1,0.1685494284166455,-36.604046109725004,0.168549428789798,37.06365125132799,0.1,44.0,11.9715683564147,12.8916760304421,0.9201076740287051,11.829753286355999,12.7486035752802,0.9188502889183779,17.280055223027098,18.088965338904202,0.808910115872035,9.533440386480699,9.533440386480699,0.0,-0.300266142451783,0.194441522025748,0.49470766447815295,-0.0657273520291404,0.426259347353556,0.49198669938256,1.10497075366089,2.86282041704097,1.75784966337962,0.34310107138732404,1.0595418690538698,0.71644079766671,0.0,0.0,0.0,57.18504761720204,57.805748486581344,1
w_r2full_held_40_0,40,40,0.15,-44.0,1,FAR,1,1,760,1,-1,-1,1,1,0.16883295356294548,-78.763442533021,0.16883294959821898,-5.0957412265799915,0.15,0.0,11.1350312275668,12.020592610131601,0.885561382563865,12.511675158287,13.377620075802001,0.865944917526295,2.35522960725331,3.07812079511546,0.722891187865103,9.5255391119078,9.5255391119078,0.0,-0.604935997189547,5.5179324721777795e-05,0.604991176513928,-0.35963407762428,0.180213830638877,0.5398479082630679,1.10497581995822,2.8604443439821,1.75546852402303,0.28789921107084804,0.9183337032208029,0.630434492150383,0.0,0.0,0.0,41.78065064015976,41.96091965012336,1
w_r2full_held_40_0,41,40,0.15,-36.0,-1,NEAR,-1,1,760,1,-1,1,1,1,0.1688328430780175,-71.36928367363099,0.168832839175135,2.2984182658459806,0.15,-44.0,11.6899340172157,12.5578582776809,0.8679242604681651,13.6430293590743,14.5091968317667,0.866167472682365,17.1363780405128,18.1229172747631,0.986539234251907,9.525628743360029,9.525628743360029,0.0,-0.429547149960793,0.0248989379198251,0.45444608788083607,-0.57197726395985,7.69837030635098e-05,0.5720542476630299,1.10497277785503,2.86109300028404,1.75612022242956,0.34310377902096295,1.06015162574113,0.717047846720196,0.0,0.0,0.0,58.6368457535959,58.66182167521878,1
w_r2full_held_40_0,42,40,0.15,36.0,-1,NEAR,-1,1,760,1,-1,1,1,1,0.1688329013253125,-2.715450289971,0.1688329047655555,70.952250076067,0.15,-36.0,13.6119668634289,14.4795006822905,0.8675338188552609,11.4880988520495,12.354914022603399,0.866815170565788,17.2965199312715,18.1402403575115,0.843720426234836,9.525604061605689,9.525604061605689,0.0,-0.254422055937484,0.276929346583908,0.5313514025217,-0.735874503284372,0.00020194316232853202,0.736076446446339,1.1049714202186,2.86107615315911,1.75610473294092,0.343267988106425,1.05859226877538,0.7153242806682709,0.0,0.0,0.0,58.419927545945576,58.69705883569181,1
w_r2full_held_40_0,43,40,0.15,44.0,1,FAR,1,1,760,1,1,1,1,1,0.16883288450272899,5.283415458881974,0.1688328939066985,78.951132311477,0.15,36.0,12.4906940096996,13.357460830313,0.866766820604739,11.3344368925895,12.2041106066072,0.869673714013873,2.11404224114652,2.86204366021164,0.748001419071921,9.52553351980936,9.52553351980936,0.0,-0.5096418479735759,0.032766243096678596,0.5424080910705791,-0.47312326781302294,0.0004357416194804,0.47355900943274704,1.10497424978438,2.86040463360811,1.7554303838241,0.287939509297977,0.918335866956009,0.630396357657743,0.0,0.0,0.0,41.72788911750532,41.761091102221485,1
w_r2full_held_40_0,44,40,0.2,0.0,-1,NEAR,-1,1,760,1,-1,1,1,1,0.2164580517876425,-36.60467082519101,0.21645805039584398,37.06305997405598,0.15,44.0,11.8617411212098,12.779368473731,0.917627352532152,11.720227727107,12.6366257005047,0.9163979733855201,17.2805366184447,18.090621580717,0.81008496228265,9.09114593357119,9.09114593357119,0.0,-0.32140986159324697,0.265838653114999,0.587248514707612,0.026667051684050598,0.611068308671547,0.584401256987749,1.1051030633587902,2.86325886003199,1.75815579667288,0.34140001918963697,1.05795620895623,0.7165561897662001,0.0,0.0,0.0,56.51897675751211,57.39588371929865,1
w_r2full_held_40_0,45,40,0.2,-44.0,1,FAR,1,1,760,1,-1,-1,1,1,0.21674086128168701,-78.764219153076,0.216740851858786,-5.096487125184012,0.2,0.0,11.0418932624322,11.9244530709748,0.8825598085442771,12.360355047448401,13.2240133415274,0.863658294083199,2.35536197253074,3.07566188958912,0.720299917056134,9.08324317961055,9.08324317961055,0.0,-0.771279135000376,0.000151090507324153,0.771430225508181,-0.38006091061270003,0.23658547777100503,0.6166463883832459,1.10510901177669,2.86105551587479,1.75594650409809,0.28789930309408396,0.9183312543928319,0.6304319512983569,0.0,0.0,0.0,41.08675825196949,41.323494820247824,1
w_r2full_held_40_0,46,40,0.2,-36.0,-1,NEAR,-1,1,760,1,-1,1,1,1,0.2167407280238435,-71.36913208068901,0.21674072225776853,2.2986011434669997,0.2,-44.0,11.594375639663001,12.459988468173401,0.86561282851418,13.5071926222731,14.371106515223602,0.863913892952621,17.1365150317402,18.1244448228173,0.987929791083686,9.083335275555939,9.083335275555939,0.0,-0.525749185252744,0.034748520640238804,0.560497705893332,-0.662423229249482,0.000101977826779497,0.662525207076733,1.1051061022676198,2.86162464817347,1.75651854590547,0.34140012952888604,1.0585556224350101,0.717155492906209,0.0,0.0,0.0,57.95905535237872,57.993905850845735,1
w_r2full_held_40_0,47,40,0.2,36.0,-1,NEAR,-1,1,760,1,-1,1,1,1,0.216740794716401,-2.714285366502006,0.21674080162771,70.95344613336202,0.2,-36.0,13.476648823841199,14.341864444420098,0.865215620570397,11.392449501587501,12.256937532261698,0.8644880306766379,17.2959833995981,18.1404064428254,0.844423043232245,9.0833108571477,9.0833108571477,0.0,-0.24144673609646303,0.369324820776555,0.610771556872438,-0.9353792419110839,0.000281085522722387,0.935660327434145,1.10510474003934,2.86165345682844,1.75654871678893,0.341400757765623,1.05685151382288,0.715450756057236,0.0,0.0,0.0,57.74102424730622,58.1106301536055,1
w_r2full_held_40_0,48,40,0.2,44.0,1,FAR,1,1,760,1,1,1,1,1,0.21674077561552502,5.283523470774015,0.2167407849569925,78.951255830909,0.2,36.0,12.3398087496596,13.2042405701688,0.864431820502949,11.241442141067301,12.1087999893443,0.8673578482861161,2.11399722518786,2.8590176353579597,0.745020410181099,9.08323820587481,9.08323820587481,0.0,-0.575901824759159,0.042739265077753,0.618641089836786,-0.593347865854664,8.19053582984986e-05,0.593429771212318,1.10510828643017,2.8610338029323,1.75592551650205,0.287938808852035,0.9183393116739901,0.630400502822418,0.0,0.0,0.0,41.03466951535216,41.07749068578821,1
w_r2full_held_40_0,49,40,0.25,0.0,-1,NEAR,-1,1,760,1,-1,1,1,1,0.2643667753918635,-36.60539031041499,0.2643667754624225,37.062384939914985,0.2,44.0,11.7859322403778,12.7013145693925,0.915382329019137,11.6445899058879,12.558738873896099,0.914148968017569,17.2823100700436,18.091390368548502,0.809080298514319,8.648870866849009,8.648870866849009,0.0,-0.306096741702491,0.337403558788977,0.643500300491235,0.155438651404698,0.795999378706382,0.6405607273009151,1.10525438411122,2.86345180464238,1.75819742053135,0.341240679759936,1.05785735133374,0.716616671573923,0.0,0.0,0.0,55.92162383466223,57.05502677215759,1
w_r2full_held_40_0,50,40,0.25,-44.0,1,FAR,1,1,760,1,-1,-1,1,1,0.264648744625206,-78.76510320772198,0.2646487348386175,-5.097321772037033,0.25,0.0,10.975305977418099,11.8553700767884,0.880064099379018,12.2604335231931,13.1220488711906,0.861615347995527,2.35545694089645,3.0741265721545603,0.718669631271319,8.64097033221941,8.64097033221941,0.0,-0.9011402865504531,0.000190898580673911,0.9013311851307241,-0.362978170462837,0.293462589444075,0.656440759906899,1.10526098617909,2.86130999875436,1.75604901257535,0.287899495273503,0.918334957584401,0.630435462311211,0.0,0.0,0.0,40.47216080869173,40.765814296716485,1
w_r2full_held_40_0,51,40,0.25,-36.0,-1,NEAR,-1,1,760,1,-1,1,1,1,0.264648574031006,-71.36898042826002,0.264648565513132,2.2988071949400224,0.25,-44.0,11.5265333717507,12.3900087931661,0.863475421408721,13.4236493525841,14.285472221088598,0.861822868502645,17.137770878764,18.1249155368084,0.9871446580376649,8.64106441417001,8.64106441417001,0.0,-0.5849119802272,0.0452007386648138,0.630112718891939,-0.716164237522833,0.000452396257215316,0.716616633780068,1.10525716119665,2.86186658471025,1.75660942351369,0.341239738610225,1.05849583811453,0.717256099504274,0.0,0.0,0.0,57.361823388057886,57.40747652297991,1
w_r2full_held_40_0,52,40,0.25,36.0,-1,NEAR,-1,1,760,1,-1,1,1,1,0.2646486573612525,-2.7128665633650018,0.2646486662102385,70.954908987023,0.25,-36.0,13.3927897806668,14.2559182368124,0.86312845614549,11.324436304632,12.1867879649626,0.862351660331844,17.2960570335203,18.1400205626496,0.843963529127069,8.64104079315066,8.64104079315066,0.0,-0.191620791903762,0.461921466497672,0.6535422584016689,-1.09807482465014,0.00036168990760029,1.09843651455763,1.10524297972148,2.86189259414359,1.75664961442285,0.34123650943345096,1.05680236203767,0.715565852603863,0.0,0.0,0.0,57.14246251375652,57.60474567016179,1
w_r2full_held_40_0,53,40,0.25,44.0,1,FAR,1,1,760,1,1,1,1,1,0.2646486409698865,5.283651790300992,0.264648654223206,78.95143143786598,0.25,36.0,12.2402954660078,13.1025830202845,0.8622875542801091,11.1750405034376,12.0402213002749,0.865180796831869,2.113970214169,2.8572290223119,0.743258808134638,8.640965754166901,8.640965754166901,0.0,-0.602813180850809,0.053392384710015,0.656205565560821,-0.673730387327368,0.00038328054731210997,0.67411366787493,1.10525981489777,2.86130136598076,1.75604155108275,0.28794115940127,0.9183384523606679,0.630397292959569,0.0,0.0,0.0,40.42063891537963,40.47441458063695,1
w_r2full_held_40_0,54,40,0.3,0.0,-1,NEAR,-1,1,760,1,-1,1,1,1,0.31227579146214146,-36.60640375771701,0.3122757905250405,37.061440288102986,0.25,44.0,11.7358225163823,12.6491496281382,0.9133271117587011,11.594519485685,12.506688247593999,0.912168761919652,17.281361771272802,18.0917608496823,0.810399078411375,8.206621453258641,8.206621453258641,0.0,-0.252798579803387,0.40970339386506,0.66250197366873,0.322800538678859,0.982280713616575,0.6594801749375,1.10542713885245,2.86349989220775,1.75807275335587,0.341374760732978,1.05808968952471,0.716714928791571,0.0,0.0,0.0,55.3758097604056,56.767793867887235,1
w_r2full_held_40_0,55,40,0.3,-44.0,1,FAR,1,1,760,1,-1,-1,1,1,0.312556630136635,-78.76626301377398,0.3125566130502825,-5.09841119318899,0.3,0.0,10.9302941128493,11.8074568961304,0.877162783278722,12.1964740141067,13.05625177669,0.8597777625909709,2.3555141651135,3.0731682246487497,0.7176540595337311,8.19872812790652,8.19872812790652,0.0,-0.9936860988374019,0.00023215095252510098,0.9939182497899619,-0.31055950033764596,0.349580574586431,0.660140074923971,1.10543414180186,2.8614023143375102,1.7559681725346599,0.287899314595448,0.9183393054339041,0.630439990838481,0.0,0.0,0.0,39.91534664514708,40.26515937068604,1
w_r2full_held_40_0,56,40,0.3,-36.0,-1,NEAR,-1,1,760,1,-1,1,1,1,0.312556400357173,-71.36876599109804,0.31255638296411303,2.2990743225100307,0.3,-44.0,11.4807209079142,12.3423492633923,0.8616283554666371,13.375016383551001,14.235066170795202,0.8600497872402251,17.1363000621363,18.1249098443225,0.988609782192319,8.1988236218207,8.1988236218207,0.0,-0.607853719881041,0.0554557919678888,0.663309511848906,-0.7333464967213119,0.000539577932495636,0.733886074653919,1.1054310193582702,2.86194123096507,1.75651021160772,0.341400884649015,1.05873262250676,0.717331737857138,0.0,0.0,0.0,56.82182275380253,56.87781812370291,1
w_r2full_held_40_0,57,40,0.3,36.0,-1,NEAR,-1,1,760,1,-1,1,1,1,0.3125565113954215,-2.7111117081869973,0.3125565271247245,70.956723245173,0.3,-36.0,13.3436116285443,14.2049586927804,0.861347064241121,11.278669889107201,12.1391348667366,0.860464977623418,17.2941161101074,18.1396373926949,0.845521282583017,8.1987992261565,8.1987992261565,0.0,-0.104918117627213,0.5551943003579349,0.660112417984867,-1.22484815217825,0.00040699695757656797,1.22525514913565,1.1054301628046599,2.86197866687957,1.75654850407662,0.341400927220285,1.05702576045131,0.71562483323112,0.0,0.0,0.0,56.60153460569928,57.15713590301479,1
w_r2full_held_40_0,58,40,0.3,44.0,1,FAR,1,1,760,1,1,1,1,1,0.312556482781876,5.2838096944420325,0.312556497457792,78.95165462067,0.3,36.0,12.1768118998476,13.037159268232,0.860347368377939,11.1300778944785,11.9933954392267,0.863317544745883,2.11338098838102,2.85574402515288,0.742363036765054,8.1987240801508,8.1987240801508,0.0,-0.599205968502204,0.0637709511851251,0.662976919687599,-0.722996186110503,0.000469762406973804,0.7234659485183279,1.1054344387017099,2.8613452006713,1.7559107619696,0.28987738732260904,0.920282343961098,0.63040495663813,0.0,0.0,0.0,39.866650357394775,39.930891070986874,1
w_r2full_held_40_0,59,40,0.35,0.0,-1,NEAR,-1,1,760,1,-1,1,1,1,0.3601851613309925,-36.607632775827014,0.360185165852663,37.060312833510025,0.3,44.0,11.7069331390327,12.6185812569634,0.911648117925573,11.5656628524442,12.4761370024066,0.9104741499570019,17.2817198783752,18.091670060706,0.809950182338813,7.76440678386519,7.76440678386519,0.0,-0.161381512885847,0.48195966207338303,0.643341174958455,0.52787848561151,1.1680880198274801,0.640209534216578,1.1056256051225801,2.86346206615953,1.75783646103713,0.34140110908831,1.0581149693173002,0.716713860228963,0.0,0.0,0.0,54.87237213941802,56.522419821318884,1
w_r2full_held_40_0,60,40,0.35,-44.0,1,FAR,1,1,760,1,-1,-1,1,1,0.3604645027490415,-78.76780363282899,0.36046448260129704,-5.099866413428023,0.35,0.0,10.9034586391824,11.778224960308899,0.874766321113702,12.1616292592355,13.019927690801401,0.858298431564476,2.3550713763759803,3.0722606104482604,0.717189234075216,7.75652498380311,7.75652498380311,0.0,-1.04918674433705,0.00027317538238664,1.04945991971927,-0.220132972665496,0.40646801084733203,0.6266009835133239,1.10563522995393,2.8614252153469,1.75578998539301,0.28983802550646603,0.920279417817633,0.630441392310054,0.0,0.0,0.0,39.4086428785262,39.815384064755925,1
w_r2full_held_40_0,61,40,0.35,-36.0,-1,NEAR,-1,1,760,1,-1,1,1,1,0.3604641963690205,-71.36854310572299,0.3604641782133995,2.299387478660986,0.35,-44.0,11.4534586690925,12.313602611533,0.860143942441277,13.3541323600965,14.2126813529753,0.858548992867295,17.1362412387882,18.124683698046802,0.9884424592583919,7.756621363439001,7.756621363439001,0.0,-0.593546870491976,0.06522310014984581,0.658769970642019,-0.712700540987885,0.000182694822101061,0.71288323580987,1.10563109328364,2.86195112962596,1.75632003634171,0.341402380029152,1.0587463085732,0.717343928544677,0.0,0.0,0.0,56.32828646419326,56.393692259165206,1
w_r2full_held_40_0,62,40,0.35,36.0,-1,NEAR,-1,1,760,1,-1,1,1,1,0.36046434959692,-2.7086192454540137,0.3604643660450975,70.95931413721301,0.35,-36.0,13.321666817471701,14.181509892803401,0.859843075326225,11.2514364519725,12.110380646725,0.858944194764573,17.2951526481358,18.1392644367793,0.8441117886442501,7.75659694436222,7.75659694436222,0.0,0.0188856562067921,0.648335758808185,0.6294501026016259,-1.31372712379149,0.00048158841460264196,1.3142087122062298,1.10562967799447,2.86197269618992,1.75634301819524,0.34123649500605,1.05690565385869,0.715669158851626,0.0,0.0,0.0,56.10663027071853,56.75544761794132,1
w_r2full_held_40_0,63,40,0.35,44.0,1,FAR,1,1,760,1,1,1,1,1,0.3604643046282505,5.284033127684995,0.360464326702985,78.95196605237797,0.35,36.0,12.1422447342481,13.001133650527999,0.858888916275277,11.1031408513963,11.965023576039,0.861882724649746,2.11338991368083,2.85529663267744,0.741906719003785,7.75652129718887,7.75652129718887,0.0,-0.555235562024759,0.0743036634125805,0.629539225436801,-0.732037250915844,0.000557118696513731,0.732594369611822,1.10565249083252,2.86137765090264,1.75572516006992,0.289877262293327,0.9202799640119991,0.6304027017189591,0.0,0.0,0.0,39.35963277134795,39.43449355345704,1
w_r2full_held_40_0,64,40,0.4,0.0,-1,NEAR,-1,1,760,1,-1,1,1,1,0.4080950265223065,-36.60922857455296,0.408095040954364,37.05882770653801,0.35,44.0,11.6931083267438,12.607971673794701,0.9148633470420081,11.5518592933323,12.465567114131,0.913707820801783,17.282886786724603,18.0915098976424,0.808623110914532,7.32223190544278,7.32223190544278,0.0,-0.0348780386214938,0.554482545846758,0.589360584467489,0.7680354060974091,1.3541225399255399,0.5860871338275561,1.10598859580291,2.86347496870712,1.75748637290399,0.341236713059766,1.05801535424098,0.716778641180548,0.0,0.0,0.0,54.40877091395898,56.31737599973128,1
w_r2full_held_40_0,65,40,0.4,-44.0,1,FAR,1,1,760,1,-1,-1,1,1,0.40837235458284804,-78.76987710515799,0.4083723350459345,-5.101854248064974,0.4,0.0,10.8886558212017,11.7656044581454,0.8769486369541,12.1510601798281,13.0128928197279,0.861832639899954,2.35505509586431,3.07245938536269,0.7174042894941011,7.3143688329260605,7.3143688329260605,0.0,-1.06729397563266,9.641116134682229e-05,1.0673903867940902,-0.0903863854204299,0.46441053561645396,0.5547969210370519,1.10599908058698,2.86172952385863,1.75573044327125,0.289837630134164,0.9202813257906719,0.630443695655571,0.0,0.0,0.0,38.94733634581135,39.41184329258915,1
w_r2full_held_40_0,66,40,0.4,-36.0,-1,NEAR,-1,1,760,1,-1,1,1,1,0.408371929452096,-71.36813891629201,0.4083719134899365,2.2998811404749686,0.4,-44.0,11.4387274737276,12.3022626844026,0.863535210668293,13.3565474264612,14.218640567603,0.8620931411440069,17.1369096026556,18.1241684831311,0.9872588804773991,7.314465756101919,7.314465756101919,0.0,-0.540596821828759,0.0757027328204865,0.616299554648877,-0.653998246361941,0.000211517056163367,0.654209763417732,1.10599495126539,2.8621882178093,1.75619326654351,0.341234096068624,1.05861687412545,0.717382778057026,0.0,0.0,0.0,55.880342583173366,55.95625683305002,1
w_r2full_held_40_0,67,40,0.4,36.0,-1,NEAR,-1,1,760,1,-1,1,1,1,0.40837216186658054,-2.705260345131022,0.408372177609396,70.96276496262,0.4,-36.0,13.3234048895456,14.1867412193522,0.863336329814617,11.236658441983199,12.0989831941904,0.862324752204098,17.2949023641972,18.1388558290602,0.843953464871832,7.31444092468226,7.31444092468226,0.0,0.180345641509201,0.741101810398169,0.560756168889177,-1.36348674889971,0.000556924254073554,1.36404367315453,1.1059932876282101,2.8622013440784797,1.7562080564489,0.3412361643546,1.0569254656972,0.7156893013423999,0.0,0.0,0.0,55.65814797706074,56.39980671171298,1
w_r2full_held_40_0,68,40,0.4,44.0,1,FAR,1,1,760,1,1,1,1,1,0.4083721039555785,5.284296614923023,0.408372126992657,78.95233636630799,0.4,36.0,12.1320158501465,12.9943066252761,0.862290775128553,11.0884084203155,11.953630735402799,0.865222315096216,2.11339598635409,2.85556391392774,0.7421679275755,7.314366026420689,7.314366026420689,0.0,-0.47333817782917703,0.08420111747574441,0.557539295304881,-0.7023290120830771,0.00018838200429282802,0.702517394088239,1.10601591062637,2.86171776515599,1.7557018545306,0.289879563886416,0.920276156588207,0.630396592701299,0.0,0.0,0.0,38.89986122277153,38.984250722251566,1
w_r2full_held_40_0,69,40,0.45,0.0,-1,NEAR,-1,1,760,1,-1,1,1,1,0.45600563135378647,-36.61166681898703,0.456005626777515,37.056415247126,0.4,44.0,11.7039646586221,12.617563402533,0.913598743909606,11.5626994037124,12.4751741485173,0.9124747448022179,17.281075875756898,18.0911427800544,0.810066904296625,6.88010293304515,6.88010293304515,0.0,0.129587872042599,0.627269690200901,0.497681818158498,1.04630342657017,1.5406098269956,0.494306400425462,1.1062529206026799,2.86381931529326,1.75756639469105,0.341399732832465,1.0581428456882,0.716743112855421,0.0,0.0,0.0,53.98594542513131,56.15382494232781,1
w_r2full_held_40_0,70,40,0.45,-44.0,1,FAR,1,1,760,1,-1,-1,1,1,0.45628013224635,-78.77274079715002,0.45628013180036997,-5.104674364152018,0.45,0.0,10.8951831566237,11.7696845373612,0.874501380729369,12.177509815376,13.038399662597302,0.8608898472191501,2.3550485894349897,3.07354574330457,0.718497153880845,6.87226954379061,6.87226954379061,0.0,-1.04851868237751,0.00119443178168448,1.04971311415876,0.0719944037554203,0.521943370531606,0.44994896677606,1.10626392054782,2.8625012678091903,1.7562373472624,0.28983726919269903,0.920281567964545,0.630444298770556,0.0,0.0,0.0,38.53668232282742,39.05982012514071,1
w_r2full_held_40_0,71,40,0.45,-36.0,-1,NEAR,-1,1,760,1,-1,1,1,1,0.45627952766887403,-71.36751115797996,0.456279522124647,2.3005660237319647,0.45,-44.0,11.445551791001,12.3080568429448,0.8625050519483259,13.395936091203401,14.2572626053121,0.861326514101898,17.1347956252617,18.1235121956801,0.98871657041306,6.87236630103941,6.87236630103941,0.0,-0.452839152305603,0.08634155274781741,0.5391807050535781,-0.560368041212813,0.000241299535082402,0.560609340747941,1.10625997051042,2.8629010680326803,1.75664109752169,0.34140299194523,1.05877454533659,0.717371553391323,0.0,0.0,0.0,55.48287355834568,55.56945641062858,1
w_r2full_held_40_0,72,40,0.45,36.0,-1,NEAR,-1,1,760,1,-1,1,1,1,0.4562798800951835,-2.700527771762995,0.4562798838684985,70.96755034526903,0.45,-36.0,13.361792063542701,14.2242582901585,0.862466226627526,11.2435816854079,12.1048738988529,0.861292213437302,17.2934652125266,18.1385402185571,0.84507500602402,6.87234093466159,6.87234093466159,0.0,0.3772175363017,0.834624421398758,0.457406885096476,-1.37901081690914,0.0006330103797746229,1.3796438272894,1.10625870209171,2.86296105596645,1.7567023538761,0.341401668665263,1.0570750893601801,0.715673420694635,0.0,0.0,0.0,55.26004948755672,56.09530691933525,1
w_r2full_held_40_0,73,40,0.45,44.0,1,FAR,1,1,760,1,1,1,1,1,0.456279780142013,5.284645177062009,0.45627978388997903,78.95271792768604,0.45,36.0,12.158849679670201,13.0202665668165,0.861416887146972,11.0949104691112,11.9591781642258,0.8642676951024431,2.11337754903249,2.85675268329312,0.743375134258481,6.8722680963426805,6.8722680963426805,0.0,-0.356270605390066,0.0949660134350317,0.45123661882616395,-0.638094194851181,0.00021739687970359002,0.638311591731487,1.10628170537188,2.86254880630374,1.75626710093245,0.28987596665153104,0.9202774755033329,0.630401508852143,0.0,0.0,0.0,38.49129179248518,38.58647520279992,1
w_r2full_held_40_0,74,40,0.5,0.0,-1,NEAR,-1,1,760,1,-1,1,1,1,0.503917318497782,-36.61489073653401,0.5039173375585545,37.05310860126304,0.45,44.0,11.7371487869288,12.6495639120467,0.9124151251206291,11.5957789513162,12.5074932632887,0.9117143119937179,17.2819708862568,18.0907249107964,0.808754024523485,6.43803080931145,6.43803080931145,0.0,0.328598426880571,0.701741780850916,0.37314335396988896,1.35890015737076,1.72854296091944,0.369642803548571,1.10655791859993,2.86516341137005,1.75860549277018,0.341242072109279,1.0579904764522,0.7167484043418151,0.0,0.0,0.0,53.6089667832655,56.03925152503586,1
w_r2full_held_40_0,75,40,0.5,-44.0,1,FAR,1,1,760,1,-1,-1,1,1,0.5041877041384619,-78.77667409768796,0.5041877314152514,-5.108678184010951,0.5,0.0,10.9195764992728,11.791832173340099,0.872255674070263,12.2388924888348,13.0992075090452,0.8603150202031531,2.35501899115067,3.07571524060605,0.720696249449389,6.43024233781816,6.43024233781816,0.0,-0.9955193609154389,0.00148512761991755,0.997004488535985,0.271230475301571,0.579810420475672,0.308579945173654,1.10656836878501,2.86275627624299,1.75618790745792,0.28983699923322603,0.920274042143006,0.630437042910174,0.0,0.0,0.0,38.1800275791955,38.76132312729109,1
w_r2full_held_40_0,76,40,0.5,-36.0,-1,NEAR,-1,1,760,1,-1,1,1,1,0.504186978468138,-71.36618817197999,0.5041868788014305,2.3015998413090655,0.5,-44.0,11.4708613290407,12.3327974385664,0.861936109517396,13.4672592610743,14.328010545371502,0.860751284296868,17.1353209599591,18.1225580110007,0.987237051027414,6.430336569821771,6.430336569821771,0.0,-0.32980285764411804,0.0972978961307049,0.427100753775606,-0.431014634308512,0.000394970865910414,0.431409605174306,1.10656423231039,2.86321114213588,1.75664690982521,0.341231531775327,1.05855911639104,0.71732758461478,0.0,0.0,0.0,55.135472823287294,55.23316569028391,1
w_r2full_held_40_0,77,40,0.5,36.0,-1,NEAR,-1,1,760,1,-1,1,1,1,0.5041873797812915,-2.6937637814149484,0.504187356750946,70.97425038348598,0.5,-36.0,13.4338423535102,14.295695453490598,0.861853099982437,11.2689210571253,12.129649299149099,0.8607282420285121,17.295206618836502,18.138268689247,0.843062070398594,6.43031122410438,6.43031122410438,0.0,0.611186951673849,0.9297246810817089,0.318537729408318,-1.35729250712947,0.0025656537445226998,1.35985816087404,1.10656199643503,2.86327981696639,1.75671782053198,0.34123630781604,1.05687018190072,0.715633874083618,0.0,0.0,0.0,54.914074664858184,55.84636499968442,1
w_r2full_held_40_0,78,40,0.5,44.0,1,FAR,1,1,760,1,1,1,1,1,0.5041872417558215,5.285143474801024,0.5041872155493975,78.95317381432898,0.5,36.0,12.2207151208157,13.0815473388401,0.8608322180291229,11.1192719094582,11.982977036632601,0.863705127171273,2.11436601790703,2.86006850021194,0.7457024823162101,6.430242690063309,6.430242690063309,0.0,-0.20206745178962898,0.107229504921303,0.309296956710451,-0.536650276933761,0.0021347350684177402,0.538785012001901,1.10658474120591,2.86282053594695,1.7562357947410001,0.286371062506664,0.916779311354693,0.6304082488487049,0.0,0.0,0.0,38.134435413049594,38.24379965303931,1
w_r2full_held_40_0,79,40,0.55,0.0,-1,NEAR,-1,1,760,1,-1,1,1,1,0.5518303610127291,-36.61941931436796,0.5518303588887585,37.04837411054696,0.5,44.0,11.7952770812332,12.7068522983874,0.911575217137618,11.6536894191371,12.564245490833601,0.9105560717087251,17.2800387536123,18.0900572805113,0.810018526935174,5.99604686528034,5.99604686528034,0.0,0.5624250343103679,0.773512596544546,0.211087562234029,1.70633225637823,1.9138033194123398,0.20747106303403898,1.10689087244809,2.86623499121607,1.75934411876827,0.341404522197288,1.05813380848049,0.7167292862832689,0.0,0.0,0.0,53.2815707347092,55.968886650666086,1
w_r2full_held_40_0,80,40,0.55,-44.0,1,FAR,1,1,760,1,-1,-1,1,1,0.5520948407758774,-78.78201651858896,0.552094929402863,-5.114253221274012,0.55,0.0,10.9646526288057,11.835206618825401,0.870553990017945,12.335278336397899,13.1953502431525,0.8600719067528371,2.35597735362258,3.08003547452816,0.724058120898321,5.98832637306883,5.98832637306883,0.0,-0.900690706687104,0.0027238656470074097,0.903414572333744,0.510453999697503,0.638230594854542,0.12777659515704198,1.10690334767045,2.8621553155657398,1.75525196789478,0.286331467745364,0.916768727360753,0.630437259615231,0.0,0.0,0.0,37.87784275250139,38.518797213002934,1
w_r2full_held_40_1,1,40,0.55,-36.0,-1,NEAR,-1,1,760,1,-1,1,1,1,0.552350632208633,-71.15352815473197,0.552350709601467,2.5142516999679954,0.6,0,11.4913832407782,12.3498012605013,0.858418019723367,13.4953187918656,14.3523310029665,0.857012211100871,17.3375972389516,18.1494761044946,0.811878865542749,5.980523094974051,5.980523094974051,0.0,-2.26211822871951,0.0005812895738962911,2.26269951829335,-1.10965755768629,0.000298164093782151,1.10995572178007,1.12490126601729,2.87086653260311,1.74596526658584,0.34083472550905103,1.0592661272198498,0.718431401710801,0.0,0.0,0.0,54.76226412275941,54.76314357642709,1
w_r2full_held_40_1,2,40,0.55,36.0,-1,NEAR,-1,1,760,1,-1,1,1,1,0.5520944503524805,-2.6842089192929963,0.5520943798877265,70.98356342482104,0.55,-36.0,13.529207296212299,14.387935382911,0.858728086698069,11.3082574204359,12.1659995912419,0.85774217080624,17.2912742390242,18.1344159359502,0.843141696926028,5.98838878723161,5.98838878723161,0.0,0.88240247483194,1.02204113872424,0.13963866389225,-1.29912355686233,0.000200001956058014,1.29932355881844,1.12498029952469,2.87106563913841,1.7460853396137,0.340844965885646,1.05795764858344,0.7171126826977889,0.0,0.0,0.0,54.60576298505656,55.62800412573686,1
w_r2full_held_40_1,3,40,0.55,44.0,1,FAR,1,1,760,1,1,1,1,1,0.5520942260164015,5.2858024339990095,0.552094135472577,78.95356526114794,0.55,36.0,12.3157480759278,13.173351006069801,0.857602930141729,11.162389606769901,12.0229684730611,0.860578866291283,2.11880378492051,2.864457423398,0.745653638477265,5.98832908244876,5.98832908244876,0.0,-0.0107304835369369,0.11711769885958499,0.127848182396532,-0.398331278723834,0.000132630541480839,0.39846390926531,1.12393726572036,2.87016028024056,1.74622301452016,0.286079934383104,0.9180478980791391,0.6319679636959971,0.0,0.0,0.0,37.83731416329736,37.954564492698424,1
w_r2full_held_40_1,4,40,0.6,0.0,-1,NEAR,-1,1,760,1,-1,1,1,1,0.5997448940962196,-36.6256605347689,0.599744892985122,37.041547091658074,0.55,44.0,11.8777590857669,12.783912995622499,0.906153909855181,11.736143871517001,12.642520420061599,0.9063765485448649,17.2796867201062,18.0894859626251,0.8097992425189949,5.55423271040403,5.55423271040403,0.0,0.8391722114877991,0.84640685575686,0.0072346442691320805,2.09624969243662,2.09904011373647,0.00279042129976955,1.12508399027242,2.8747078616528303,1.74962387138046,0.34088089164593904,1.0591653113917,0.7182844197457351,0.0,0.0,0.0,53.00402526175776,55.94947223125109,1
w_r2full_held_40_1,5,40,0.6,-44.0,1,FAR,1,1,760,1,-1,-1,1,1,0.6000011083828309,-78.788992412692,0.6000012820523299,-5.121834865538077,0.6,0.0,11.0289232587441,11.889009067277101,0.860085808532563,12.4629806163897,13.320992841595901,0.858012225205588,2.36110922461273,3.08637906603075,0.7252698414176499,5.54661493055287,5.54661493055287,0.0,-0.772253707339214,8.9506736725066e-05,0.772343214076021,0.78374285351728,0.783836740449651,9.38869323558654e-05,1.12492544310689,2.86941977452681,1.7444943314199,0.286584720918977,0.9182926275951779,0.631707906676178,0.0,0.0,0.0,37.63070830757861,38.41463455476499,1
w_r2full_held_40_1,6,40,0.6,-36.0,-1,NEAR,-1,1,760,1,-1,1,1,1,0.599999533659466,-71.36214502456207,0.5999996759273469,2.3050308905659955,0.6,-44.0,11.5843536568192,12.441938610070501,0.8575849532520411,13.695357677532,14.5528354990949,0.857477821564135,17.1334931375691,18.1207075119262,0.9872143743554479,5.54669176285137,5.54669176285137,0.0,0.0324802421974328,0.119227117740197,0.086746875542761,-0.057523873260285296,0.0698649030381659,0.127388776298452,1.1247521181908902,2.87017232745889,1.74542020926796,0.34101646685731896,1.05962448868666,0.718608021829357,0.0,0.0,0.0,54.59197020008852,54.78106222086688,1
w_r2full_held_40_1,7,40,0.6,36.0,-1,NEAR,-1,1,760,1,-1,1,1,1,0.6000006686247215,-2.671355231900985,0.6000005267235765,70.99581980414894,0.6,-36.0,13.6642953814566,14.5218812025748,0.857585821118237,11.3825219763634,12.240177347443801,0.857655371080887,17.2970985886739,18.1382145100476,0.841115921374301,5.54666458619384,5.54666458619384,0.0,1.18928624230121,1.19005842747821,0.000772185177028879,-1.20318852864907,0.000805869994229149,1.20399439864327,1.12455294783752,2.86990629640678,1.74535334856933,0.340767788044478,1.0578478795097301,0.717080091465107,0.0,0.0,0.0,54.37469182217655,55.565556119648996,1
w_r2full_held_40_1,8,40,0.6,44.0,1,FAR,1,1,760,1,1,1,1,1,0.6000003489505255,5.286618167484991,0.6000001753371764,78.95378328885904,0.6,36.0,12.4466637042893,13.304330514056,0.857666809765938,11.2289577379359,12.0865634730939,0.857605735158089,2.11930015306752,2.86931271917706,0.750012566110815,5.54662077334613,5.54662077334613,0.0,0.21686163224525998,0.216929006425745,6.737418044974161e-05,-0.223102801895159,6.43317787758848e-05,0.22316713367400598,1.12460332846809,2.86916395044426,1.74456062197616,0.285859902269655,0.9178939717889071,0.632034069519117,0.0,0.0,0.0,37.593885401906256,37.81087874011077,1
w_r2full_held_40_1,9,40,0.65,0.0,-1,NEAR,-1,1,760,1,-1,1,1,1,0.647660794288285,-36.63393837727191,0.6476607928793225,37.03228882338505,0.6,44.0,11.9730332797374,12.8831208255636,0.9100875458275709,11.8312681524529,12.7416582501998,0.910390097748408,17.279464172306003,18.088690509103397,0.8092263368000889,5.11275450725131,5.11275450725131,0.0,1.14899924712064,1.14921415630812,0.000214909187413276,2.51936096870575,2.52051787747903,0.00115690877331179,1.1306514368633,2.87470868999259,1.74405725312928,0.341068124286885,1.0592036722898501,0.71813554800304,0.0,0.0,0.0,52.760136454400545,56.429868488187694,1
w_r2full_held_40_1,10,40,0.65,-44.0,1,FAR,1,1,760,1,-1,-1,1,1,0.6479060084315835,-78.79723230137503,0.6479062243324275,-5.131087419899094,0.65,0.0,11.0841309302049,11.947568882865001,0.863437952659345,12.615702666256299,13.4790994417982,0.8633967755430629,2.36063461559017,3.09101415874436,0.7303795431536799,5.1052418151269805,5.1052418151269805,0.0,-0.607720777698231,0.116174128729777,0.723894906427996,1.09511099960183,1.0953383683132,0.000227368711353986,1.13412962411647,2.8655487673005,1.73141914318389,0.285817985815064,0.917878035284948,0.632060049469807,0.0,0.0,0.0,37.40635110111999,38.61786359816296,1
w_r2full_held_40_1,11,40,0.65,-36.0,-1,NEAR,-1,1,760,1,-1,1,1,1,0.6479040884355075,-71.35862701670904,0.6479042911731905,2.307587566261038,0.65,-44.0,11.6444179325744,12.507859585584299,0.863441653008732,13.8341124840465,14.697515563213,0.863403079169494,17.1328517961893,18.1183623743952,0.9855105782072879,5.1053054427488,5.1053054427488,0.0,0.267502594708929,0.267644468101501,0.000141873392467625,0.183409878676502,0.319777472341185,0.13636759366461199,1.13368185352936,2.8661970973852497,1.7325152438559301,0.341852882058879,1.06017945771121,0.7183265756523249,0.0,0.0,0.0,54.35541952103776,54.94284146148045,1
w_r2full_held_40_1,12,40,0.65,36.0,-1,NEAR,-1,1,760,1,-1,1,1,1,0.647905545821761,-2.6553544682039742,0.6479052968798644,71.01094983521305,0.65,-36.0,13.8044754744115,14.669567494424399,0.865092020014017,11.4413464244898,12.3063081619974,0.864961737506599,17.2992412972222,18.138896248109102,0.839654950887409,5.10527884032948,5.10527884032948,0.0,1.53352494652596,1.5338082957237,0.00028334919767507803,-1.0714510788057898,0.133161669470025,1.20461274827583,1.13373395708788,2.86629924829021,1.7325652912024099,0.341812702662747,1.0584553222764401,0.716642619613554,0.0,0.0,0.0,54.14480531542703,55.81177528062076,1
w_r2full_held_40_1,13,40,0.65,44.0,1,FAR,1,1,760,1,1,1,1,1,0.647905096359899,5.287554933852023,0.6479048552367594,78.95377019516292,0.65,36.0,12.598914220848101,13.4638669371404,0.8649527162957591,11.2819617920721,12.1469343685957,0.864972576525714,2.11920126310968,2.87534506828037,0.756143805170934,5.10525086866614,5.10525086866614,0.0,0.480759039378208,0.48096897012462,0.000209930746391859,-0.0111029486061133,0.117856324962987,0.128959273569046,1.1343729874184,2.86583120280611,1.7314582153879399,0.286458977453087,0.918058131032567,0.6315991535794849,0.0,0.0,0.0,37.37528657652129,37.9741118716089,1
w_r2full_held_40_1,14,40,0.7,0.0,-1,NEAR,-1,1,760,1,-1,1,1,1,0.695577049987279,-36.644145456296016,0.6955770682939475,37.02088118454894,0.65,44.0,12.032370647605699,12.9493415397064,0.9169708921026849,11.8906749040038,12.808061247103401,0.917386343099295,17.2785346305592,18.0876674143625,0.8091327838004809,4.67140726912798,4.67140726912798,0.0,1.49552228016101,1.49586443981119,0.00034215965024424595,2.97901244332017,2.9797396901811304,0.000727246860899226,1.16947784543592,2.87047675423605,1.70099890880011,0.34185349111978797,1.0597010275632799,0.7178475364435499,0.0,0.0,0.0,52.44665525209961,56.92225938209194,1
w_r2full_held_40_1,15,40,0.7,-44.0,1,FAR,1,1,760,1,-1,-1,1,1,0.6958089836604605,-78.80679742207897,0.6958092029559846,-5.141678594443033,0.7,0.0,11.1218989291783,11.993822340351,0.871923411173241,12.737677878626299,13.6081590325682,0.8704811539412209,2.35995210945887,3.09659877033537,0.736646660879362,4.663946228977601,4.663946228977601,0.0,-0.405074293437713,0.373987969433813,0.779062262871447,1.44167043722314,1.44270248423766,0.00103204701437167,1.17272895157513,2.8640475305959496,1.69131857902079,0.286395810804206,0.9180375044290001,0.631641693624523,0.0,0.0,0.0,37.14461140725712,38.96130186092859,1
w_r2full_held_40_1,16,40,0.7,-36.0,-1,NEAR,-1,1,760,1,-1,1,1,1,0.6958069411568785,-71.35460585807496,0.6958071457771184,2.310487503165093,0.7,-44.0,11.6849341433328,12.5554302582414,0.870496114908322,13.9347634783357,14.8052617006144,0.8704982222779529,17.132224383508103,18.1171169412237,0.984892557714858,4.663990604245311,4.663990604245311,0.0,0.539349805103195,0.539763082444305,0.000413277341017058,0.461226610793804,0.6068277581491921,0.14560114735521298,1.1731188467492302,2.864427289025,1.6913084422757598,0.341852147529501,1.06009307563868,0.7182409281088611,0.0,0.0,0.0,54.06631986898849,55.21291070958198,1
w_r2full_held_40_1,17,40,0.7,36.0,-1,NEAR,-1,1,760,1,-1,1,1,1,0.6958084630244975,-2.6368179099449662,0.695808272798552,71.02825604823992,0.7,-36.0,13.910628254167602,14.781261081507798,0.8706328273416569,11.4833704750358,12.353838060570599,0.87046758553546,17.301653972427598,18.1393739071286,0.837719934701376,4.663969240110211,4.663969240110211,0.0,1.9120354218708502,1.9127467356128498,0.000711313742097118,-0.9006187831714549,0.393401333501138,1.29402011667255,1.17290293365994,2.86431423199074,1.69141129833083,0.341854264885124,1.05835452361565,0.716500258730394,0.0,0.0,0.0,53.8611110449236,56.167259114037584,1
w_r2full_held_40_1,18,40,0.7,44.0,1,FAR,1,1,760,1,1,1,1,1,0.6958080036072655,5.2885844409109595,0.695807769310738,78.95369113214201,0.7,36.0,12.723572918329001,13.594062646866899,0.8704897285358449,11.32120145837,12.1916629559397,0.870461497566748,2.1193040043465,2.88211661397025,0.762812609623462,4.663956743799719,4.663956743799719,0.0,0.7819030228823269,0.782593319066346,0.000690296183832875,0.23704304590047698,0.375540239893921,0.138497193993417,1.17274536868715,2.8640864528391403,1.69134108415191,0.286435952577696,0.91805890568285,0.63162295310506,0.0,0.0,0.0,37.11394431909856,38.27207787805882,1
w_r2full_held_40_1,19,40,0.75,0.0,-1,NEAR,-1,1,760,1,-1,1,1,1,0.7434923272370779,-36.65567049832597,0.743492327479073,37.00865900608208,0.7,44.0,12.0819682293263,13.0028178052834,0.9208495759557591,11.9403510327675,12.8616688239854,0.92131779121823,17.2741447987449,18.0872060126739,0.813061213932356,4.22978722800447,4.22978722800447,0.0,1.8786130340686098,1.87925593191404,0.000642897845500386,3.47474679583671,3.47586816405668,0.00112136821972401,1.20297484649297,2.86547433723091,1.66249949073763,0.342138774678988,1.0599595699297302,0.7178207952508899,0.0,0.0,0.0,52.10691377710781,57.46203787307853,1
w_r2full_held_40_1,20,40,0.75,-44.0,1,FAR,1,1,760,1,-1,-1,1,1,0.743710044115649,-78.8164072189379,0.7437101381530276,-5.152053629586928,0.75,0.0,11.1572308905856,12.0376662439941,0.88043535340722,12.8369555513426,13.7128725577861,0.875917006442177,2.35603973865764,3.10228319487475,0.746243456214791,4.2223925834211204,4.2223925834211204,0.0,-0.1664655124738,0.6678808374019171,0.834346349875892,1.82655634338533,1.8275445804882802,0.000988237102766689,1.20729768401887,2.85998113770327,1.6526834536848,0.286687844934469,0.91833079174651,0.6316429468119611,0.0,0.0,0.0,36.85352650952585,39.348951927416046,1
w_r2full_held_40_1,21,40,0.75,-36.0,-1,NEAR,-1,1,760,1,-1,1,1,1,0.7437081794755545,-71.35098389844508,0.7437082660578155,2.313340101385064,0.75,-44.0,11.721994545070102,12.5979077065205,0.87591316145055,14.0123134625496,14.8882243818342,0.875910919282767,17.1285228597289,18.1166120906046,0.988089230878781,4.22241887727822,4.22241887727822,0.0,0.848939849467483,0.849546694881779,0.000606845414052184,0.774658346513459,0.9304295756264509,0.155771229112955,1.20759724589726,2.86020620848133,1.65260896258422,0.34213887506986296,1.0603175394653799,0.718178664395724,0.0,0.0,0.0,53.74568680418423,55.52566307469246,1
w_r2full_held_40_1,22,40,0.75,36.0,-1,NEAR,-1,1,760,1,-1,1,1,1,0.7437094648595455,-2.6188466723170434,0.7437093632626799,71.045504385158,0.75,-36.0,13.992897744896,14.868954345185202,0.876056600290268,11.520577172293699,12.396433155534801,0.875855983243228,17.299491094665502,18.1396704417764,0.840179347109374,4.22240305465742,4.22240305465742,0.0,2.33156919855143,2.333121673423,0.00155247487124818,-0.6968154847169671,0.691071914099305,1.38788739881597,1.20646606901801,2.86281349913012,1.65634743011164,0.342139481852049,1.05857634378328,0.716436861931381,0.0,0.0,0.0,53.548850840067225,56.57304442758953,1
w_r2full_held_40_1,23,40,0.75,44.0,1,FAR,1,1,760,1,1,1,1,1,0.743709029181387,5.289610755181973,0.7437089231527549,78.9539198975141,0.75,36.0,12.825453048966601,13.7013867939,0.875933744933913,11.3577897829401,12.233692880627999,0.875903097685429,2.11528037788733,2.88877604875061,0.7734956708594,4.22240215067775,4.22240215067775,0.0,1.1209293981086799,1.12163229779338,0.00070289968429911,0.521489114442099,0.670014373305486,0.148525258863308,1.20247161730555,2.85885645526372,1.65638483795803,0.286728905194291,0.918365510200762,0.631636605006627,0.0,0.0,0.0,36.82347983942084,38.61512651051971,1
w_r2full_held_40_1,24,40,0.8,0.0,-1,NEAR,-1,1,760,1,-1,1,1,1,0.791404900332999,-36.66675647278195,0.7914048942777245,36.99743974000502,0.75,44.0,12.1076782267755,13.0323302701944,0.924652043421608,11.9665781096833,12.8916526903188,0.925074580631867,17.273809837752502,18.086987218071197,0.8131773803199059,3.7878458776768302,3.7878458776768302,0.0,2.2994202143466302,2.29978323461618,0.000363020269319597,4.00842571094575,4.0092913741713705,0.000865663225119311,1.21789944299177,2.85717217005827,1.63927272706656,0.342138874098276,1.05993957279173,0.717800698693669,0.0,0.0,0.0,51.71592779911123,58.025002407898775,1
w_r2full_held_40_1,25,40,0.8,-44.0,1,FAR,1,1,760,1,-1,-1,1,1,0.7916096929875025,-78.82507489747503,0.791609588596342,-5.160766338943912,0.8,0.0,11.1776727949123,12.0660461972493,0.888373402337748,12.898263714246001,13.779372976923801,0.8811092626770071,2.35606756763372,3.10650741222473,0.750439844589413,3.78052755815004,3.78052755815004,0.0,0.110090221739005,0.998698352208421,0.8886081304691379,2.24805962324497,2.24878245444855,0.000722831203188819,1.2185219489577,2.85233284821027,1.63381089925259,0.28668773547611903,0.918336380459518,0.631648644983391,0.0,0.0,0.0,36.50312337321766,39.750604179874635,1
w_r2full_held_40_1,26,40,0.8,-36.0,-1,NEAR,-1,1,760,1,-1,1,1,1,0.7916082751321395,-71.34872719997509,0.791608189833459,2.315545832911936,0.8,-44.0,11.743186928923999,12.6242285099803,0.881041581059541,14.0585067895797,14.9395624353551,0.881055645767183,17.1309360605602,18.116577508438,0.985641447876426,3.78053841896759,3.78053841896759,0.0,1.1939646051706299,1.1953054058704,0.00134080069893549,1.12773824838176,1.2919690378272999,0.164230789445648,1.2187488619957,2.8524742388224897,1.63372537682678,0.341971363799798,1.0601128765693502,0.718141512769616,0.0,0.0,0.0,53.37349398813283,55.86076843183053,1
w_r2full_held_40_1,27,40,0.8,36.0,-1,NEAR,-1,1,760,1,-1,1,1,1,0.7916091000631711,-2.6040393206420154,0.7916091860758085,71.06024014360901,0.8,-36.0,14.044196440725,14.9253177413515,0.881121300631349,11.541346276876599,12.422357076873501,0.881010799989924,17.3022840017109,18.1396732304074,0.8373892286982161,3.7805302128293703,3.7805302128293703,0.0,2.7862739262625698,2.78746792777749,0.00119400151459045,-0.45336315609041594,1.02455606680973,1.4779192229008,1.21866613975992,2.8524167899813198,1.6337506502213899,0.341972691639889,1.0583527900604501,0.7163800984206381,0.0,0.0,0.0,53.17864784150354,56.99067183609076,1
w_r2full_held_40_1,28,40,0.8,44.0,1,FAR,1,1,760,1,1,1,1,1,0.791608763872408,5.2906054482799725,0.7916088680228425,78.954909693155,0.8,36.0,12.8865577929781,13.7676787424486,0.881120949475569,11.3771079661462,12.2593520200541,0.882244053907764,2.11545649398794,2.8935314653024,0.778074971313373,3.78053453642408,3.78053453642408,0.0,1.4962907149304299,1.49671720621317,0.00042649128312065,0.844180001908047,1.00141854463507,0.157238542726694,1.2185543146920998,2.8523334345681404,1.6337791198761,0.286728895935527,0.918365888045417,0.6316369921095211,0.0,0.0,0.0,36.47179608684274,38.96993183769098,1
w_r2full_held_40_1,29,40,0.85,0.0,-1,NEAR,-1,1,760,1,-1,1,1,1,0.8393137637183855,-36.67580535246695,0.8393137654526746,36.98928099727705,0.8,44.0,12.1093908067965,13.0380855215511,0.9286947147583641,11.968638005779,12.8974447118163,0.928806706040702,17.274967544995302,18.0869808373775,0.812013292382622,3.34569871935934,3.34569871935934,0.0,2.75789961344438,2.7582945331517497,0.000394919707063498,4.5810127274280505,4.58193896384072,0.000926236413139871,1.2208324287611898,2.8486113192718103,1.62777889051055,0.34197291303320504,1.05976760640844,0.7177946933755259,0.0,0.0,0.0,51.27658871578449,58.61682221277696,1
w_r2full_held_40_1,30,40,0.85,-44.0,1,FAR,1,1,760,1,-1,-1,1,1,0.8395089321852816,-78.83174713581498,0.839508683461476,-5.166627406959945,0.85,0.0,11.1760559331435,12.0705300777757,0.894474144639009,12.9164260637252,13.8023547314195,0.88592866769183,2.35614575210388,3.10915849767681,0.753012745573249,3.33844749240531,3.33844749240531,0.0,0.423465360455344,1.3665055703,0.94304020984538,2.70638276949947,2.70714357327393,0.000760803774636609,1.2211460944794401,2.8442704361881,1.62312434170863,0.28668778120273897,0.918337664871371,0.63164988366889,0.0,0.0,0.0,36.08309890033679,40.156748043910724,1
w_r2full_held_40_1,31,40,0.85,-36.0,-1,NEAR,-1,1,760,1,-1,1,1,1,0.8395081004232086,-71.34819024531092,0.8395078932247385,2.316922576949043,0.85,-44.0,11.7421016743681,12.6283256548152,0.886223980448538,14.0705843762538,14.9565079740534,0.885923597801601,17.1321202702565,18.1168022579596,0.984681987698158,3.3384480305860302,3.3384480305860302,0.0,1.5768224404384,1.57824177074475,0.0014193303049863,1.51654366636705,1.68945442828654,0.17291076191961302,1.22127178866709,2.84434073344609,1.62306894477892,0.341971967005749,1.06008132737896,0.7181093603731771,0.0,0.0,0.0,52.94450597823928,56.21220217727057,1
w_r2full_held_40_1,32,40,0.85,36.0,-1,NEAR,-1,1,760,1,-1,1,1,1,0.839508408286939,-2.5943464608659816,0.8395086089615476,71.07075586549693,0.85,-36.0,14.0589794236974,14.944940490581201,0.885961066890121,11.5399534046397,12.425846387829,0.885892983188968,17.3031231113197,18.1395426620359,0.83641955071707,3.33844387367393,3.33844387367393,0.0,3.27785896496611,3.27912034104769,0.00126137608075925,-0.17329363255539798,1.39493399908299,1.56822763163924,1.22121927315176,2.84427394555881,1.62305467240721,0.34197344770536603,1.05832710310031,0.71635365539492,0.0,0.0,0.0,52.751374462779154,57.42542880290983,1
w_r2full_held_40_1,33,40,0.85,44.0,1,FAR,1,1,760,1,1,1,1,1,0.8395082232755575,5.291490180004965,0.8395084658428775,78.95659600976302,0.85,36.0,12.9066818931318,13.7926198979255,0.8859380047954251,11.3771971782134,12.2652340940712,0.888036915857915,2.1155638659699902,2.89607037725326,0.7805065112858931,3.33845107292301,3.33845107292301,0.0,1.90721632210687,1.9086978244052601,0.00148150229862383,1.20487086994393,1.37084926871675,0.165978398773148,1.21559433874253,2.84426880724252,1.6286744684997798,0.286728920995609,0.918368600616183,0.631639679620089,0.0,0.0,0.0,36.05501285003167,39.33455994315368,1
w_r2full_held_40_1,34,40,0.9,0.0,-1,NEAR,-1,1,760,1,-1,1,1,1,0.8872191342276681,-36.681546632716056,0.887219135638202,36.984710740874064,0.85,44.0,12.0971716307885,13.030149175220801,0.932977544433871,11.956787002092,12.8895369203434,0.9327499182540541,17.27699509506,18.0870422502273,0.810047155168384,2.90348092869991,2.90348092869991,0.0,3.25525525290639,3.25558860758626,0.00033335467966482096,5.19159332738035,5.192284663239,0.00069133585863819,1.21168500476841,2.83931776731504,1.6276327625469802,0.342077307636729,1.05986664210959,0.717789334472928,0.0,0.0,0.0,50.80939368391604,59.257266954741304,1
w_r2full_held_40_1,35,40,0.9,-44.0,1,FAR,1,1,760,1,-1,-1,1,1,0.8874086756931265,-78.83583392078897,0.887408445496639,-5.16960987048809,0.9,0.0,11.1638458344342,12.0633250365019,0.8994792020642789,12.909795510093799,13.800413020956,0.8906175108682529,2.35623928570114,3.11072816535731,0.75448887965245,2.89626756112435,2.89626756112435,0.0,0.775700959793371,1.77324362101054,0.997542661216822,3.20413958149325,3.2049375106721802,0.000797929179374734,1.20612618462612,2.82957806843564,1.623451883809,0.28668803430019096,0.9183387164090989,0.6316506821090411,0.0,0.0,0.0,35.6186505687843,40.59683170046702,1
w_r2full_held_40_1,36,40,0.9,-36.0,-1,NEAR,-1,1,760,1,-1,1,1,1,0.8874083297283131,-71.34876184386808,0.887408143223974,2.3174804177039654,0.9,-44.0,11.7301673177757,12.6212147609759,0.891047443201277,14.0619731532956,14.9526052917341,0.890632138447976,17.1351821085958,18.1167178740427,0.9815357654462521,2.89626040752472,2.89626040752472,0.0,1.99868822454681,2.00018518703726,0.00149696249095007,1.9446864854898802,2.1261272737784798,0.181440788288571,1.20621728134204,2.82958289385992,1.62336561251802,0.343268642978513,1.06017904925987,0.716910406281684,0.0,0.0,0.0,52.47656027739721,56.60287273821295,1
w_r2full_held_40_1,37,40,0.9,36.0,-1,NEAR,-1,1,760,1,-1,1,1,1,0.8874083289767289,-2.58968226496592,0.8874085092443236,71.07653032056704,0.9,-36.0,14.0519429771477,14.942825699612499,0.8908827224599731,11.5277667373048,12.4183596233923,0.890592886083812,17.3053959821202,18.1389349783892,0.83353899627175,2.89625958261509,2.89625958261509,0.0,3.8089587994167395,3.8102866467889696,0.0013278473721409902,0.145587021325218,1.8039529220578099,1.65836590073304,1.2061605645720999,2.82950686900483,1.62334630443262,0.34326559212047897,1.05840955354102,0.715143961420504,0.0,0.0,0.0,52.28429630655494,57.89853587540172,1
w_r2full_held_40_1,38,40,0.9,44.0,1,FAR,1,1,760,1,1,1,1,1,0.887408275692546,5.292114848165941,0.887408506425527,78.95833960662802,0.9,36.0,12.898434591112201,13.7890990431232,0.890664452017321,11.36349972358,12.2566101689786,0.8931104453992089,2.1146779003995597,2.8961140528166203,0.781436152419568,2.89626889898206,2.89626889898206,0.0,2.35861410500664,2.3601725197708903,0.0015584147643746,1.6034482825705,1.77807682095448,0.17462853838591902,1.20615326028888,2.82957126158442,1.62341800129488,0.28793973445739,0.9183807115745731,0.6304409771169399,0.0,0.0,0.0,35.586044137059474,39.72429347778485,1
w_r2full_held_40_1,39,40,0.95,0.0,-1,NEAR,-1,1,760,1,-1,1,1,1,0.935122005962044,-36.68416131445396,0.935122006391637,36.98294103008992,0.9,44.0,12.080900743263799,13.018271145186,0.937370401921849,11.940708520055,12.8776774880206,0.936968967961042,17.2763439477722,18.08670859785,0.810364650078521,2.4612519424170096,2.46127634694508,2.44045293455313e-05,3.7870810237766697,3.78745098730603,0.000369963526771149,5.83664907051831,5.837395568379129,0.00074649786162025,1.20016629297753,2.82383854199751,1.62367224902008,0.343271016257967,1.05986793729604,0.716596921037705,0.0,0.0,0.0,50.32764005729523,59.95248661298039,1
w_r2full_held_40_1,40,40,0.95,-44.0,1,FAR,1,1,760,1,-1,-1,1,1,0.9353092680257165,-78.83761445513893,0.935309130119743,-5.170549434561966,0.95,0.0,11.1447427980337,12.048976974696401,0.904234176657179,12.8920034826336,13.7871810625146,0.895177579873525,2.3554079000102197,3.11091478713591,0.755506887117528,2.4540476910527897,2.4540476910541797,9.32872316812567e-20,1.1630544586993699,2.21513214483031,1.05207768613047,3.73667118461419,3.7375053930470403,0.000834208435095293,1.2003859309806,2.820281997764,1.61989606678336,0.287898796879632,0.918340076422124,0.6304412795423749,0.0,0.0,0.0,35.139742589587215,41.09238012746456,1
w_r2full_held_40_1,41,40,0.95,-36.0,-1,NEAR,-1,1,760,1,-1,1,1,1,0.9353092097277991,-71.34950181745003,0.935309096305093,2.3175761401480477,0.95,-44.0,11.7113470118395,12.6070326767102,0.895685664871795,14.044773527893101,14.939961462249501,0.895187934370594,17.1362836102339,18.1169112545428,0.9806276443126081,2.45403561242762,2.4540641147928,2.8502363878054298e-05,2.4556771863895497,2.45725088156781,0.00157369517790063,2.40756501174796,2.5973849370769297,0.189819925329489,1.20047554839841,2.8201940744278597,1.61971852602945,0.343262515463425,1.0601535511795999,0.716891035716482,0.0,0.0,0.0,51.99831713390276,57.0529529525475,1
w_r2full_held_40_1,42,40,0.95,36.0,-1,NEAR,-1,1,760,1,-1,1,1,1,0.9353091145556895,-2.5883947578470012,0.935309227572532,71.07868394348804,0.95,-36.0,14.0352622535428,14.9307508554806,0.895488601942667,11.5088926755044,12.4040703632056,0.8951776877046701,17.3057006558163,18.138794388475898,0.83309373265714,2.4540361437552303,2.4540645426138497,2.83988604447646e-05,4.37346388574332,4.3748572365368394,0.00139335079423462,0.501006637187565,2.24791679171239,1.74691015452485,1.20045695687934,2.82016401148231,1.6197070546032801,0.343265887916717,1.05838948285589,0.71512359493982,0.0,0.0,0.0,51.806233644114144,58.429007672363376,1
w_r2full_held_40_1,43,40,0.95,44.0,1,FAR,1,1,760,1,1,1,1,1,0.9353091159538015,5.292440204887061,0.9353092544310351,78.95950423058207,0.95,36.0,12.8802570943523,13.7755394630735,0.895282368723683,11.3445600828087,12.2423101954446,0.897750112636484,2.11467775644919,2.89642862256073,0.78175086611137,2.4540478008052102,2.45404780080531,1.20370621524202e-19,2.8454838946798002,2.84711833810637,0.00163444342959722,2.0364768428108198,2.22022622250796,0.183749379696414,1.20041246161387,2.82029223225896,1.61987977064529,0.287939308543406,0.918378440223588,0.630439131680382,0.0,0.0,0.0,35.10699675436669,40.17434131498102,1
w_r2full_held_40_1,44,40,1.0,0.0,-1,NEAR,-1,1,760,1,-1,1,1,1,0.983023641040481,-36.68478138259812,0.9830236431688735,36.982778077212956,0.95,44.0,12.0687433521679,13.0106425903481,0.9418992381789419,11.9286556369483,12.8700521962951,0.941396559345739,17.2767960014028,18.0872601466744,0.810464145260282,2.01902384809384,2.0207269536231602,0.0017031055292213999,4.35520653243764,4.35627518268883,0.00106865025251446,6.517064648884371,6.51976575997275,0.00270111108891009,1.1937845610109599,2.81395132448693,1.62016676347597,0.341404546197793,1.05797985600186,0.7165753098040489,0.0,0.0,0.0,49.86061306742955,60.73665401009113,1
w_r2full_held_40_1,45,40,1.0,-44.0,1,FAR,1,1,760,1,-1,-1,1,1,0.9832105394313464,-78.83800078656688,0.9832104774450694,-5.170477150374997,1.0,0.0,11.130297814861999,12.0391265770823,0.908828762218329,12.884102056431,13.7838105076545,0.8997084512228559,2.35548906398692,3.11206957502103,0.7565805110266359,2.01181211808555,2.01186541431944,5.32962316115932e-05,1.58822468627642,2.6938182316999,1.10559354542131,4.30513158354836,4.30600127423335,0.000869690687324655,1.19398845335309,2.81088317304086,1.61689471968768,0.287898797037311,0.91834725241848,0.630448455381444,0.0,0.0,0.0,34.67610249953661,41.675922005469864,1
w_r2full_held_40_1,46,40,1.0,-36.0,-1,NEAR,-1,1,760,1,-1,1,1,1,0.9832106173506145,-71.35011568791106,0.983210565450497,2.3174541505739388,1.0,-44.0,11.6972640698603,12.5975575799178,0.9002935100539019,14.038544587691801,14.9382408860311,0.8996962983429969,17.138146678606102,18.1176123333664,0.9794656547540921,2.0117968372541397,2.01351490397022,0.00171806671505457,2.9495547640395903,2.95120429948411,0.0016495354436337,2.9073173613719403,3.10536457193051,0.198047210554984,1.19408761308749,2.81064364286341,1.61655602977647,0.341395299973399,1.0582670011449,0.7168717011716229,0.0,0.0,0.0,51.535836347293824,57.59240521870844,1
w_r2full_held_40_1,47,40,1.0,36.0,-1,NEAR,-1,1,760,1,-1,1,1,1,0.9832104933247365,-2.5887202750289884,0.9832105448651964,71.07882374638696,1.0,-36.0,14.0290811973464,14.9291239566295,0.900042759273453,11.4948196362931,12.3945806516423,0.8997610153451939,17.306961224824402,18.139318142555897,0.83235691774156,2.01179849702357,2.01351624018427,0.00171774316209122,4.97631095010828,4.97776891709948,0.00145796699159315,0.8917913504656279,2.7286649379753003,1.8368735875124398,1.19407026119078,2.8106916390992303,1.6166213779082101,0.341399723280619,1.05650951473803,0.7151097914572919,0.0,0.0,0.0,51.34374014484923,59.05017399992401,1
w_r2full_held_40_1,48,40,1.0,44.0,1,FAR,1,1,760,1,1,1,1,1,0.983210531395071,5.292540509263977,0.9832105917022804,78.96004845843885,1.0,36.0,12.8719294576483,13.7717418609094,0.899812403260132,11.3301899924298,12.2327302782976,0.902540285860257,2.11471629181721,2.8968297652415997,0.782113473432249,2.0118124518184897,2.0118656621007203,5.32102803403183e-05,3.3682334653922,3.3685010338492902,0.00026756845932698897,2.50733888870035,2.69756477654819,0.190225887847337,1.1939924799496302,2.81088669558583,1.6168942156366701,0.287938930553955,0.9183793841548571,0.6304404536001981,0.0,0.0,0.0,34.64243364629001,40.70849945668749,1
w_r2full_held_40_1,49,40,1.05,0.0,-1,NEAR,-1,1,760,1,-1,1,1,1,1.0309248636855601,-36.68456418880006,1.03092485371202,36.983276661220145,1.0,44.0,12.072920766928,13.0192999112611,0.9463791443336831,11.9327792479094,12.8786280382795,0.945848790384929,17.2781521885646,18.0871878943904,0.809035705834004,1.57679814940416,1.58139046439314,0.0045923149914136995,4.96458695626027,4.96499094657178,0.00040399030821252897,7.24501542318354,7.24563356297469,0.0006181397923520271,1.1871791487962,2.8039587337706,1.6167795849739,0.34124389875321,1.0578137626763502,0.7165698639237039,0.0,0.0,0.0,49.42827880477109,61.63890331431756,1
w_r2full_held_40_1,50,40,1.05,-44.0,1,FAR,1,1,760,1,-1,-1,1,1,1.031112241549164,-78.83772789403187,1.031112205247045,-5.169967039609924,1.05,0.0,11.1275596133666,12.040949646547,0.9133900331853161,12.9040889303797,13.808333826870001,0.9042448965114529,2.35555312378696,3.1137481387344903,0.758195014949285,1.5695717593905698,1.57148421155081,0.00191245216134912,2.04937402961811,3.20926596291594,1.1598919332988,4.91140943300871,4.912313846598639,0.0009044135903738669,1.18738843604814,2.8016219568122,1.6142335207646799,0.287898790987571,0.918350401993601,0.630451611006207,0.0,0.0,0.0,34.254488182508105,42.37606799202268,1
w_r2full_held_40_1,51,40,1.05,-36.0,-1,NEAR,-1,1,760,1,-1,1,1,1,1.0311123504105495,-71.35048566106094,1.0311123224473349,2.3174568142698693,1.05,-44.0,11.6956897166724,12.6004744091001,0.904784692431575,14.0607644274621,14.9649884006727,0.9042239732152101,17.1406376240751,18.1174785600137,0.9768409359365741,1.56955489365842,1.57416730260457,0.00461240894423136,3.48114755642507,3.48287205844104,0.0017245020161221199,3.44314514094755,3.6499309430313303,0.20678580208477698,1.18748289284853,2.80122747376581,1.61374458091694,0.341235149394721,1.05806557208279,0.716830422687689,0.0,0.0,0.0,51.11640171823967,58.24920471971204,1
w_r2full_held_40_1,52,40,1.05,36.0,-1,NEAR,-1,1,760,1,-1,1,1,1,1.031112252786625,-2.5896541387901983,1.0311122768402994,71.07813373678096,1.05,-36.0,14.0506591643082,14.955256372233402,0.9045972079236281,11.4932579225653,12.397519533998,0.9042616114348649,17.3095675923088,18.1395390123998,0.829971420091132,1.5695572287494501,1.57416924028041,0.00461201153007786,5.61609210539913,5.6176138846368,0.00152177923992359,1.31945094744565,3.24623988890237,1.92678894145843,1.1874646418294699,2.80130333698153,1.6138386951510402,0.34123472617272904,1.05628712466446,0.715052398491455,0.0,0.0,0.0,50.924074620557604,59.787928394096774,1
w_r2full_held_40_1,53,40,1.05,44.0,1,FAR,1,1,760,1,1,1,1,1,1.03111228051345,5.292539653940054,1.0311123110424154,78.96029151820893,1.05,36.0,12.8914395954762,13.7957712899414,0.9043316944687729,11.327484185029501,12.2345922312295,0.907108046195685,2.11478830451889,2.89810728249582,0.783318977980487,1.5695720476639001,1.57148500656463,0.00191295890004902,3.9281293462779296,3.92844095103482,0.000311604756440681,3.01486908006104,3.21321122320081,0.198342143139664,1.18739358174391,2.801603261519,1.61420967977473,0.287938941103623,0.918385314612387,0.630446373508449,0.0,0.0,0.0,34.219944386362734,41.361596560598365,1
w_r2full_held_40_1,54,40,1.1,0.0,-1,NEAR,-1,1,760,1,-1,1,1,1,1.0788260153244051,-36.68385709550992,1.07882600528871,36.98394785633985,1.05,44.0,12.1052223718433,13.0562115327615,0.9509891609172029,11.964848674627099,12.9152969339049,0.9504482592859391,17.277749739764502,18.0869354221281,0.809185682365851,1.13457389930198,1.1429911887358202,0.00841728943280665,5.6074613222564,5.60791658928238,0.00045526702784986204,8.00160128394268,8.00228140031089,0.0006801163683847719,1.1805268681798902,2.7945444748808796,1.6140176067024001,0.34120703641564204,1.0578134908946302,0.7166064544786219,0.0,0.0,0.0,49.05379304330583,62.663991032899105,1
w_r2full_held_40_1,55,40,1.1,-44.0,1,FAR,1,1,760,1,-1,-1,1,1,1.07901412937385,-78.83715560173998,1.07901416428622,-5.169312704220053,1.1,0.0,11.1427580263499,12.0606371417879,0.9178791154503501,12.9806260364517,13.8894368409233,0.9088108044735599,2.35560725983384,3.11676433312033,0.761157073279348,1.12733216493177,1.1323481769689399,0.00501601203595842,2.54726064311436,3.76129557436234,1.21403493124821,5.5543889788278795,5.555329894370191,0.0009409155389610161,1.18076590508929,2.7924297454282097,1.61166384033928,0.287899001591117,0.918355046842078,0.63045604525151,0.0,0.0,0.0,33.90997128507076,43.22659675380329,1
w_r2full_held_40_1,56,40,1.1,-36.0,-1,NEAR,-1,1,760,1,-1,1,1,1,1.07901425197018,-71.35070647896002,1.0790142486206649,2.317136113289875,1.1,-44.0,11.7131267212851,12.6224297576983,0.909303036410353,14.1398662661118,15.048617716592199,0.908751450468945,17.1406587371957,18.1167915160796,0.976132778870873,1.12731356095613,1.1357558745216298,0.00844231356807543,4.04843290512865,4.04875366489091,0.000320759758064875,4.01676850298546,4.22933136063512,0.212562857649645,1.18087638622059,2.79197349810911,1.61109711188889,0.341237512758509,1.05798835350088,0.716750840742981,0.0,0.0,0.0,50.773556716501716,59.05164174202775,1
w_r2full_held_40_1,57,40,1.1,36.0,-1,NEAR,-1,1,760,1,-1,1,1,1,1.0790141774806599,-2.590733435359871,1.079014187869935,71.07702704473007,1.1,-36.0,14.127959463685599,15.0371550406324,0.909195576942018,11.5108064690587,12.4195702741678,0.908763805102013,17.3100279141534,18.1403011757402,0.8302732615931829,1.12731670851207,1.1357585739941,0.00844186548279739,6.29619022015886,6.29770839923412,0.0015181790732647499,1.78035237981702,3.80022395251807,2.01987157270215,1.18085832136848,2.79208932621229,1.6112310048450098,0.341398376248369,1.05638132899411,0.714982952746414,0.0,0.0,0.0,50.5812557197409,60.67918807149309,1
w_r2full_held_40_1,58,40,1.1,44.0,1,FAR,1,1,760,1,1,1,1,1,1.079014164823785,5.292363485709828,1.079014173395095,78.96036455430999,1.1,36.0,12.967703274795099,13.876638644412699,0.9089353696168729,11.342644821070001,12.2540117812335,0.911366960161312,2.11450947081185,2.90119703385523,0.786687563043955,1.12733257230671,1.1323498336931401,0.0050172613840229596,4.52472375244454,4.525082279236409,0.00035852678916901395,3.55914275094647,3.7654470295676004,0.206304278620689,1.18076986801513,2.79242870839242,1.6116588403788599,0.289877474037387,0.920329791652988,0.630452317615936,0.0,0.0,0.0,33.87695579323998,42.16748510204399,1
w_r2full_held_40_1,59,40,1.15,0.0,-1,NEAR,-1,1,760,1,-1,1,1,1,1.126727255971985,-36.68316576858999,1.12672725671499,36.984571767080034,1.1,44.0,12.1723629809165,13.1278469933766,0.9554840124499691,12.0316511884126,12.9866553375677,0.9550041491485051,17.2773357169428,18.086366078865897,0.8090303619207779,0.69235251164751,0.70558428068743,0.0132317690372662,6.28706669564405,6.28757612423287,0.000509428582940546,8.79493078130487,8.795675872891,0.000745091587506801,1.1739432630233702,2.78530876136121,1.61136549833782,0.341238604903931,1.0577394024784599,0.716500797575005,0.0,0.0,0.0,48.7495008543373,63.832752851461166,1
w_r2full_held_40_1,60,40,1.15,-44.0,1,FAR,1,1,760,1,-1,-1,1,1,1.1269160877551299,-78.83649430458006,1.12691610963001,-5.168764531179981,1.15,0.0,11.1795830187319,12.1019654571604,0.922382438424908,13.1217233638873,14.0350428132495,0.9133194493582141,2.3551746638298803,3.12075691518551,0.7655822513636991,0.6850985482664139,0.694249214208054,0.00915066594115887,3.08197754604433,4.34999860123329,1.26802105518684,6.23417152756034,6.2351569068687605,0.0009853793082945,1.1741081463591099,2.7833694204090498,1.6092612740496999,0.289837379894061,0.9202948568587791,0.630457476964204,0.0,0.0,0.0,33.65567867707129,44.24083418517334,1
w_r2full_held_40_1,61,40,1.15,-36.0,-1,NEAR,-1,1,760,1,-1,1,1,1,1.12691613761391,-71.35090702003998,1.126916214188745,2.3169592861500554,1.15,-44.0,11.753996946087101,12.6678467178165,0.9138497717303049,14.2824137815651,15.195726644229302,0.913312862658694,17.139604208628498,18.1154717546383,0.9758675460220331,0.685080249075975,0.698342617028593,0.0132623679519841,4.6522238734506995,4.65272203987616,0.000498166424759554,4.62751110192578,4.84775797292785,0.220246871000076,1.17423768085525,2.78283087306129,1.60859319220674,0.341235061005839,1.05787440887755,0.716639347871896,0.0,0.0,0.0,50.51809301565154,60.01857302845555,1
w_r2full_held_40_1,62,40,1.15,36.0,-1,NEAR,-1,1,760,1,-1,1,1,1,1.12691615934411,-2.591697021220085,1.126916110284925,71.07604105999022,1.15,-36.0,14.2680521078994,15.181729872291799,0.913677764396839,11.551768489512,12.465166890514599,0.913398400995662,17.312599942522702,18.1418750504618,0.829275107941307,0.68508310032549,0.6983449725569559,0.0132618722316605,7.00965038121988,7.01123900813854,0.00158862691836807,2.28140186677081,4.3912278037815895,2.10982593700846,1.174218512448,2.78298280765818,1.60876429521128,0.34140069073581497,1.05628814939609,0.714887458660493,0.0,0.0,0.0,50.32638774287942,61.72885455479955,1
w_r2full_held_40_1,63,40,1.15,44.0,1,FAR,1,1,760,1,1,1,1,1,1.126916174952405,5.292358513629969,1.12691613333687,78.96004227914011,1.15,36.0,13.10890127204,14.022329145581299,0.9134278735498069,11.3793384073778,12.2952644674571,0.9159260600880641,2.11493247718837,2.90739232963723,0.792459852439927,0.685099198719212,0.694251889723038,0.00915269100347092,5.15752093585358,5.15802774551739,0.000506809665575302,4.14082325360139,4.3549352252338,0.21411197163165102,1.1741119229776902,2.7833786862528203,1.60926676327615,0.289877473438035,0.9203319382794981,0.630454464841274,0.0,0.0,0.0,33.622948456930985,43.135911427682174,1
w_r2full_held_40_1,64,40,1.16,0.0,-1,NEAR,-1,1,760,1,-1,1,1,1,1.13645874930422,-36.6827004369199,1.13645873657258,36.98498032608,1.15,44.0,12.224041554103799,13.146481411280599,0.9224398571876891,12.083226559924901,13.0051410816186,0.92191452168868,17.2772223631985,18.0862304177263,0.8090080545183229,0.59812797486659,0.612560497727462,0.0144325228574263,4.04422979967258,4.74348456983262,0.699254770160829,6.66156054572195,6.66210714058256,0.000546594862867774,1.17258696569405,2.78342446584266,1.610837500149,0.341239164519071,1.05773151147796,0.7164923469583521,0.0,0.0,0.0,48.69156938567358,60.097161096088755,1
w_r2full_held_40_1,65,40,1.16,-44.0,1,FAR,1,1,760,1,-1,-1,1,1,1.136496473142195,-78.83624284534996,1.13649650438947,-5.16865443432013,1.16,0.0,11.1896190949691,12.1129588781004,0.923339783137835,13.1539103235606,14.0681909458771,0.914280622314185,2.35519100784362,3.1216976511882,0.7665066433345821,0.5966531627616021,0.606850771622801,0.010197608858020601,3.19110593856286,4.47192000412754,1.28081406556381,6.3768736120447596,6.37786790896964,0.000994296923578999,1.17277621287216,2.7815458545755303,1.60876964170334,0.289837441500747,0.9202938862246439,0.630456444723547,0.0,0.0,0.0,33.611537987588676,44.46132590068586,1
w_r2full_held_40_1,66,40,1.16,-36.0,-1,NEAR,-1,1,760,1,-1,1,1,1,1.13649655052947,-71.35076928268003,1.1364965836806449,2.316960383329958,1.16,-44.0,11.764980136840101,12.6797953415062,0.9148152046813499,14.3147267297002,15.2289972456398,0.9142705159382499,17.138143075168,18.115273590910302,0.9771305157260641,0.596635045553725,0.611082036292301,0.014446990737732998,4.77751538201331,4.77801576643448,0.000500384419645127,4.75396571903267,4.975730827526521,0.22176510849504302,1.17294688542494,2.7810050476783,1.60805816225351,0.34140359741348103,1.05800716511826,0.716603567704061,0.0,0.0,0.0,50.474160427145165,60.22790702110616,1
w_r2full_held_40_1,67,40,1.16,36.0,-1,NEAR,-1,1,760,1,-1,1,1,1,1.13649655355647,-2.5918539493599013,1.1364965039389898,71.07584045608006,1.16,-36.0,14.2997447134875,15.214360523771099,0.9146158102877191,11.5628386686463,12.4771235211408,0.914284852496438,17.313193579348702,18.142248196538898,0.829054617203385,0.596637887340898,0.611084349384795,0.014446462042989001,7.156762484170541,7.1583652233288495,0.00160273916004158,2.38603557444252,4.51384717274069,2.12781159829701,1.1728906861933799,2.7811327259065397,1.6082420397132,0.341401022699026,1.0562580724133699,0.7148570497147779,0.0,0.0,0.0,50.2822073891555,61.95441978522504,1
w_r2full_held_40_1,68,40,1.16,44.0,1,FAR,1,1,760,1,1,1,1,1,1.1364965517063998,5.292338485640036,1.136496514599565,78.95999205646986,1.16,36.0,13.141164139008799,14.0555486937538,0.914384554755816,11.389345420579001,12.306231086056501,0.916885665480166,2.11504572955202,2.9087402207624398,0.793694491220997,0.596653877584844,0.6068536862230219,0.0101998086399296,5.28861615423505,5.28912502994253,0.0005088757077856149,4.261472430175609,4.4771273935056195,0.21565496332683198,1.1727808117686398,2.78155264452898,1.6087718327613698,0.289877501553906,0.9203338521883051,0.630456350634536,0.0,0.0,0.0,33.57926018351305,43.3455126069612,1
w_r2full_held_40_1,69,40,1.17,0.0,-1,NEAR,-1,1,760,1,-1,1,1,1,1.146039113177845,-36.68258510612987,1.14603910543596,36.9850453570999,1.16,44.0,12.2418536348989,13.1651979075145,0.923344272605756,12.1009219244712,13.023747127427301,0.922825202952025,17.277115143347,18.0860948479287,0.808979704586263,0.509683711016947,0.52544977761713,0.015766066599700097,4.1653731298937995,4.87026029789242,0.7048871679942881,6.80544590280943,6.80600401665709,0.000558113849390851,1.1712558124993702,2.7815584527342403,1.6103026402348,0.341240196793207,1.0577256653186602,0.7164854685246399,0.0,0.0,0.0,48.63977377854053,60.31603809309004,1
w_r2full_held_40_1,70,40,1.17,-44.0,1,FAR,1,1,760,1,-1,-1,1,1,1.14607682223237,-78.83629392364,1.14607689833885,-5.168584059759951,1.17,0.0,11.2005770082396,12.1247985359431,0.9242215277144739,13.1866822150522,14.1018295365666,0.9151473215133069,2.35520265932918,3.12262426659098,0.767421607260956,0.508208362254833,0.519601843861269,0.0113934816064955,3.30622966746327,4.59552999759953,1.2893003301369301,6.51643975055869,6.51744297220086,0.00100322164315233,1.17147358886271,2.77975100002768,1.60827741116569,0.28983720729041196,0.920294893000839,0.6304576857084929,0.0,0.0,0.0,33.56890007599047,44.68187304579086,1
w_r2full_held_40_1,71,40,1.17,-36.0,-1,NEAR,-1,1,760,1,-1,1,1,1,1.14607689888734,-71.3507810748002,1.146076967900815,2.3169052354299335,1.17,-44.0,11.7768557010983,12.6925334708875,0.915677769804095,14.347079277257402,15.2622795461844,0.9152002689282519,17.137577805710702,18.1148848268994,0.977307021174338,0.508190484651048,0.523971750064479,0.0157812654150952,4.90428106584955,4.90478363059581,0.000502564744302018,4.8818939800605,5.1051711347449,0.22327715468164003,1.17158185259123,2.77921605025847,1.60763419766554,0.3413974077345,1.0579692510342,0.7165718433008029,0.0,0.0,0.0,50.43085489532845,60.44080966066916,1
w_r2full_held_40_1,72,40,1.17,36.0,-1,NEAR,-1,1,760,1,-1,1,1,1,1.14607693607958,-2.5919774547200625,1.146076887081425,71.07565887735001,1.17,-36.0,14.331648138392099,15.247188868826502,0.915540730440447,11.5747930383163,12.489937924234399,0.915144885914034,17.313808466917703,18.142646051279197,0.828837584363277,0.508193288315641,0.523974052547336,0.015780764231033098,7.301636515972519,7.30325337476287,0.00161685878801224,2.49596696956755,4.637934778420631,2.1419678088567298,1.1715629778280898,2.77931695049778,1.60775397266981,0.341400074685399,1.05618382145175,0.714783746765187,0.0,0.0,0.0,50.23924766883697,62.18043582202046,1
w_r2full_held_40_1,73,40,1.17,44.0,1,FAR,1,1,760,1,1,1,1,1,1.146076933764575,5.292318018609965,1.1460768839036501,78.95996571061991,1.17,36.0,13.1738517357198,14.0891002293097,0.9152484935959939,11.4002458543826,12.3179913181035,0.917745463719053,2.1151579353463896,2.91006600075757,0.794908065412273,0.5082091245831271,0.519604929400908,0.0113958048157266,5.42118468929222,5.42169559362732,0.0005109043359450909,4.3835959403927,4.60078770901288,0.217191768618348,1.17144367302075,2.77976235652547,1.60831868350586,0.28987747704336597,0.920333729624539,0.630456252581435,0.0,0.0,0.0,33.53685856372169,43.55934186636188,1
w_r2full_held_40_1,74,40,1.175,0.0,-1,NEAR,-1,1,760,1,-1,1,1,1,1.1508481966904451,-36.682490479069905,1.15084823068396,36.98515090031984,1.17,44.0,12.2521957461917,13.171882732314598,0.919686986129273,12.1112653418395,13.0304289609578,0.919163619116583,17.2770291919293,18.0859873037075,0.80895811177433,0.46473857297930904,0.48122419756552703,0.016485624587440902,3.9216525910281703,4.9350675834807705,1.01341499244667,6.57758110353998,6.58162683147154,0.00404572793306661,1.18243703622728,2.78063395960466,1.59819692337788,0.341238937860243,1.05773744642725,0.7164985085667941,0.0,0.0,0.0,48.60789460057734,60.12458901552965,1
w_r2full_held_40_1,75,40,1.175,-44.0,1,FAR,1,1,760,1,-1,-1,1,1,1.1508670369558751,-78.83617525131004,1.150867071840225,-5.1685096782301265,1.175,0.0,11.206295941713,12.130958754638101,0.924662812950714,13.2029799634971,14.118583036812801,0.915603073303732,2.35514024889144,3.12307667468132,0.7679364257903231,0.463986189798451,0.47602749918878595,0.012041309389709199,3.36320368143512,4.6578855556923795,1.29468187426021,6.58791689081394,6.588924577251849,0.00100768643907558,1.17077332996337,2.77888333494455,1.60811000498068,0.289837249161665,0.920294922018299,0.6304576728579181,0.0,0.0,0.0,33.54782422228386,44.79463435522809,1
w_r2full_held_40_1,76,40,1.175,-36.0,-1,NEAR,-1,1,760,1,-1,1,1,1,1.1508671082447202,-71.3507760649399,1.15086713830418,2.3169698534399874,1.175,-44.0,11.7831178451086,12.6992449710425,0.9161271259304931,14.3632041796271,15.278860200048,0.915656020432807,17.1376111482861,18.114853620431198,0.9772424721461679,0.46396844466049303,0.48046704472574997,0.0164986000655946,4.96821649216663,4.968720133250679,0.0005036410849180791,4.946410646352789,5.17044151024302,0.224030863885577,1.17091825673543,2.77829815628852,1.6073798995525599,0.341406056623888,1.0579733669092302,0.716567310284858,0.0,0.0,0.0,50.4096973594452,60.5488590029389,1
w_r2full_held_40_1,77,40,1.175,36.0,-1,NEAR,-1,1,760,1,-1,1,1,1,1.1508671262361498,-2.5920391941400833,1.150867053273695,71.07553817630996,1.175,-36.0,14.347610580530299,15.263607852692902,0.9159972721773639,11.5810457453117,12.4966460662023,0.915600320863463,17.3140830856082,18.1428216446931,0.8287385590930321,0.463971207114715,0.480469292901907,0.0164980857870299,7.3764653252302805,7.37808924679992,0.00162392156730046,2.54959018937285,4.70052897752248,2.1509387881539,1.1708984708762,2.7784396345877798,1.60754116371069,0.341398653714601,1.05617183931906,0.714773185604364,0.0,0.0,0.0,50.21815633039705,62.29677455471945,1
w_r2full_held_40_1,78,40,1.175,44.0,1,FAR,1,1,760,1,1,1,1,1,1.1508671007102649,5.292333429310014,1.15086706013125,78.95995743147988,1.175,36.0,13.1902218907,14.1059265329736,0.9157046422841,11.405983955449601,12.324184234576201,0.9182002791440421,2.11624322964165,2.91174322549906,0.7954999958406039,0.463986971567055,0.47603070080121695,0.012043729237572399,5.488021365447961,5.48853326986623,0.000511904419873401,4.44521054029991,4.66316840323302,0.217957862933429,1.17077738103456,2.77889605138631,1.60811867035224,0.28637199993606605,0.916828678980407,0.630456679044039,0.0,0.0,0.0,33.513609424216796,43.66531109731605,1
w_r2full_held_40_1,79,40,1.178,0.0,-1,NEAR,-1,1,760,1,-1,1,1,1,1.153729930753655,-36.68249516021005,1.15372990574787,36.985169443199965,1.175,44.0,12.256301403700899,13.1756048773021,0.919303473587056,12.1153328721507,13.0341198719293,0.9187869998075509,17.2757085234869,18.0859388518141,0.810230328332209,0.437915996850355,0.45485102781072095,0.0169350309616124,3.8344498782014003,4.973292049492669,1.13884217128901,6.5015200088668506,6.50527864676713,0.00375863790261936,1.19475976977456,2.79281160423962,1.59805183446478,0.34140605366517,1.05789858707547,0.7164925334089091,0.0,0.0,0.0,48.60122482017131,60.07979551643111,1
w_r2full_held_40_1,80,40,1.178,-44.0,1,FAR,1,1,760,1,-1,-1,1,1,1.1537411497631949,-78.83609793887003,1.153741196681985,-5.168480877409953,1.178,0.0,11.2066571510273,12.132522764926199,0.925865613898368,13.2095047307425,14.1263844017379,0.9168796709849899,2.35622358970375,3.1243566271903,0.768133037481326,0.437452712601735,0.44990068160420205,0.0124479690036887,3.40069145006627,4.69749419906036,1.2968027489995602,6.62773684596125,6.6311125846469,0.00337573869600784,1.18309750725562,2.7911061958093297,1.6080086885532499,0.28633159863011703,0.916789348101095,0.630457749468586,0.0,0.0,0.0,33.54106001936903,44.869666803076285,1
w_r2full_held_40_2,1,40,1.178,-36.0,-1,NEAR,-1,1,760,1,-1,1,1,1,1.151499216777555,-71.20028552066992,1.1514992587296948,2.467349503550098,0.6,0,11.1953517929804,12.618581750877999,1.42322995789808,13.739881995499399,15.1624977289748,1.42261573347531,17.32491730357,18.1422509034332,0.8173335998635669,0.521723007283727,0.538319210949201,0.0165962036655864,30.551537469007698,30.5515375138939,4.48861251823275e-08,33.249706192930205,33.2497062359583,4.30290062373369e-08,1.1892496606646201,2.7864554717372596,1.5972058110726302,0.341002475254216,1.05838128122192,0.717378805967685,0.0,0.0,0.0,50.30648634719438,114.10773009704658,1
w_r2full_held_40_2,2,40,1.178,36.0,-1,NEAR,-1,1,760,1,-1,1,1,1,1.1537412182989248,-2.592029298470022,1.1537411633167651,71.07555615538996,1.178,-36.0,14.355188430831701,15.268334535179301,0.913146104347033,11.5831027056299,12.4958980799279,0.912795374298129,17.3104302107512,18.1396054843435,0.829175273592018,0.4374381090703,0.454384549975653,0.016946440905287803,7.41549431077678,7.4154943107769995,-1.23259516440783e-17,2.57362830697113,4.729784304348651,2.15615599737724,1.18903243419414,2.7866686801263203,1.59763624593215,0.34081853195169304,1.0571488575428098,0.71633032559112,0.0,0.0,0.0,50.202040187095484,62.34731880222113,1
w_r2full_held_40_2,3,40,1.178,44.0,1,FAR,1,1,760,1,1,1,1,1,1.15374123297416,5.292294101980177,1.15374116901907,78.95995107269994,1.178,36.0,13.198651500808099,14.111531357038501,0.9128798562306829,11.4081216750411,12.3235039542155,0.9153822791745191,2.1205977657074198,2.91307351720549,0.792475751498312,0.437453780292165,0.449904238423706,0.0124504581314667,5.52139413636847,5.52139413636833,-3.08148791101958e-18,4.47534255813686,4.69337450292761,0.218031944790773,1.18741110515585,2.7863240602642603,1.59891295510838,0.286080436468401,0.918101667770586,0.632021231302138,0.0,0.0,0.0,33.50243879491804,43.71720743421398,1
w_r2full_held_40_2,4,40,1.18,0.0,-1,NEAR,-1,1,760,1,-1,1,1,1,1.15564976577581,-36.68241392223992,1.15564976626603,36.98522744544008,1.178,44.0,12.265516442966002,13.180228170646,0.9147117276793341,12.1245760559978,13.0387510316691,0.914174975671045,17.2758802556775,18.085951315962802,0.810071060284609,0.42008317391913297,0.437323632822182,0.0172404589030181,3.78858928816496,4.9886604163868,1.20007112822151,6.4641523866017305,6.46415238660191,-7.88860905221012e-15,1.18766977915592,2.78766423236847,1.5999944532126,0.340862705074671,1.05894032001102,0.7180776149363399,0.0,0.0,0.0,48.58885870347957,60.04167150646828,1
w_r2full_held_40_2,5,40,1.18,-36.0,-1,NEAR,-1,1,760,1,-1,1,1,1,1.15565723931303,-71.19932775220006,1.155657303470485,2.4682657407100184,1.18,0.0,11.7175961720288,12.6318515932706,0.9142554212423191,14.270087289265101,15.183812533518699,0.91372524425426,17.3253283291136,18.141923158079,0.8165948289658851,0.419747978281532,0.43699933212631,0.0172513538447919,3.70044983302922,4.7613447953887995,1.06089496235951,6.3549314997085,6.35525625809732,0.00032475838896016,1.18801953427544,2.78642019388107,1.59840065960575,0.34105482179232,1.05853430724049,0.717479485448124,0.0,0.0,0.0,50.239541118116165,61.356142171602286,1
w_r2full_held_40_2,6,40,1.18,36.0,-1,NEAR,-1,1,760,1,-1,1,1,1,1.155657306294775,-2.591983381110108,1.1556572667270002,71.07561680798003,1.18,-36.0,14.361066314484999,15.275140105673602,0.9140737911884681,11.5850638229654,12.4987993843271,0.913735561361993,17.3145007807252,18.143248876638502,0.8287480959126929,0.41974961961362,0.437000678909979,0.0172510592963401,7.44350714904206,7.4439347135874705,0.00042756454602705003,2.5973191696831597,4.75590266305689,2.15858349337383,1.18766491989888,2.7864835822514897,1.59881866235262,0.34076352376430996,1.05710905388973,0.716345530125439,0.0,0.0,0.0,50.1977816816904,62.397619058334755,1
w_r2full_held_40_2,7,40,1.185,0.0,-1,NEAR,-1,1,760,1,-1,1,1,1,1.160428569632845,-36.709910538829995,1.160428535779365,36.957582390770185,1.18,36.0,12.2694270438587,13.1876996177502,0.9182725738909661,12.129793879460701,13.0475499253491,0.917756045888132,17.3191104662327,18.125321407234,0.806210941004706,0.37629553959138,0.39431814946773097,0.018022609876376598,4.28271106102153,5.056379566052261,0.773668505030734,6.47315967060586,6.4742429280241005,0.00108325741826397,1.18649119365196,2.78759723850657,1.60110604485472,0.340951430189886,1.05914011134071,0.718188681150841,0.0,0.0,0.0,48.601626449648315,60.132248943724676,1
w_r2full_held_40_2,8,40,1.188,0.0,-1,NEAR,-1,1,760,1,-1,1,1,1,1.163310241053645,-36.833811459470176,1.1633102406618798,36.83380967653993,1.185,0.0,12.2745210874512,13.1914849185154,0.916963831064479,12.140480001878599,13.056928286639,0.916448284760974,17.319302391677997,18.1256695299106,0.806367138231713,0.349473367826292,0.367984273592481,0.0185109057659709,5.3073948310371,5.30781381204626,0.000418981009255134,5.30739494646091,5.30781392747537,0.000418981014439922,1.1842837110361,2.78713131957441,1.60284760853836,0.340968243900881,1.05914455600535,0.718176312104529,0.0,0.0,0.0,48.58834288423724,59.20397062375888,1
w_r2full_held_40_2,9,40,1.19,0.0,-1,NEAR,-1,1,760,1,-1,1,1,1,1.16523008505351,-36.83381923856022,1.1652300851691502,36.83381926247997,1.188,0.0,12.2800266711485,13.1954964988901,0.915469827743851,12.1460165489977,13.0609934095869,0.914976860589987,17.3189962149415,18.1253523132128,0.806356098274681,0.331640001722382,0.350483457452499,0.0188434557301912,5.27139659815025,5.27181221005599,0.000415611904519783,5.2713967089258205,5.27181232083112,0.000415611904917763,1.18388160136583,2.7867268765292,1.60284527516337,0.340913262275469,1.0592872804258,0.718374018150399,0.0,0.0,0.0,48.5783398360973,59.12196436698441,1
w_r2full_held_40_2,10,40,1.195,0.0,-1,NEAR,-1,1,760,1,-1,1,1,1,1.170008905728635,-36.833774513530095,1.17000890583864,36.8337745385201,1.19,0.0,12.2861557385095,13.2056921940616,0.919536455550792,12.152130388684501,13.0711749604788,0.919044571792015,17.3188972092821,18.1252381677168,0.806340958433254,0.287852200386212,0.30754373955382497,0.0196915391677627,5.5332476608533,5.5336848779927905,0.000437217139577115,5.5332477822818,5.53368499942243,0.00043721714056398,1.18135645217787,2.7841904577236303,1.6028340055458,0.341625042001724,1.05981010161509,0.718185059613359,0.0,0.0,0.0,48.553649621149745,59.62101949856496,1
w_r2full_held_40_2,11,40,1.2,0.0,-1,NEAR,-1,1,760,1,-1,1,1,1,1.17479908139202,-36.833761901259976,1.1747990815041551,36.83376192675003,1.195,0.0,12.2957105077919,13.2157057229147,0.919995215121913,12.161679750707501,13.08117929296,0.9194995422526882,17.3187038675889,18.1250060177414,0.806302150154656,0.243630869787582,0.264208614942229,0.0205777451548724,5.60061587265589,5.60105838044426,0.00044250778815827196,5.60061600092073,5.60105850870746,0.000442507789171564,1.1806909471676699,2.7835102166101597,1.60281926944247,0.341854997234888,1.0597893757171601,0.717934378482227,0.0,0.0,0.0,48.529399240885645,59.73151613003736,1
